arm,group,metric,condition,hypothesis_type,is_derived_condition,bound,bh_family,n_pairs,n_clusters,n_instances_missing,n_forced_wrong_non_terminating,n_looped_on_correct_answer,high_non_termination_rate,near_ceiling,headroom,task_delta_min,task_delta_max,delta,ci_low,ci_high,p_value,bh_significant,mde_delta,mde_realized_diff,mde_delta_negative,mde_realized_diff_negative,mde_power_target,bh_significant_global,task,n_mae_imputed,mae_delta
main_sweep,gemma4-12b,exact,clustering,,False,excluded,main_sweep/gemma4-12b/excluded,180,180,0.0,1.0,0.0,False,True,0.011111111111111072,-0.06666666666666667,0.0,-0.011111111111111112,-0.027777777777777776,0.0,0.5088982203559288,False,,0.011555555555555555,-0.043750000000000004,-0.041666666666666664,0.8,False,,,
main_sweep,gemma4-12b,exact,components,,False,excluded,main_sweep/gemma4-12b/excluded,180,180,0.0,0.0,0.0,False,True,0.011111111111111072,-0.1,0.0,-0.016666666666666666,-0.03888888888888889,0.0,0.2473505298940212,False,,0.011888888888888888,-0.0421875,-0.04066666666666666,0.8,False,,,
main_sweep,gemma4-12b,exact,degree,,False,excluded,main_sweep/gemma4-12b/excluded,180,180,0.0,0.0,0.0,False,True,0.011111111111111072,0.0,0.06666666666666667,0.011111111111111112,0.0,0.027777777777777776,0.5010997800439912,False,,0.013111111111111112,-0.045312500000000006,-0.042333333333333334,0.8,False,,,
main_sweep,gemma4-12b,exact,filler,,False,excluded,main_sweep/gemma4-12b/excluded,180,180,0.0,1.0,0.0,False,True,0.011111111111111072,-0.1,0.0,-0.016666666666666666,-0.03888888888888889,0.0,0.2573485302939412,False,,0.013111111111111112,-0.04062500000000001,-0.041444444444444443,0.8,False,,,
main_sweep,gemma4-12b,exact,rwse,,False,excluded,main_sweep/gemma4-12b/excluded,180,180,0.0,1.0,0.0,False,True,0.011111111111111072,-0.06666666666666667,0.0,-0.011111111111111112,-0.027777777777777776,0.0,0.4943011397720456,False,,0.011555555555555555,-0.043750000000000004,-0.04188888888888889,0.8,False,,,
main_sweep,gemma4-12b,exact,all,,True,excluded,main_sweep/gemma4-12b/excluded/derived,180,180,0.0,0.0,0.0,False,True,0.011111111111111072,0.0,0.03333333333333333,0.005555555555555556,-0.011111111111111112,0.027777777777777776,1.0,False,,0.011555555555555555,-0.043750000000000004,-0.04555555555555556,0.8,,,,
main_sweep,gemma4-e4b,exact,clustering,,False,excluded,main_sweep/gemma4-e4b/excluded,180,180,0.0,10.0,2.0,False,True,0.03888888888888886,-0.06666666666666667,0.06666666666666667,-0.005555555555555556,-0.044444444444444446,0.03333333333333333,1.0,False,,0.03888888888888889,-0.03888888888888889,-0.03766666666666667,0.8,False,,,
main_sweep,gemma4-e4b,exact,components,,False,excluded,main_sweep/gemma4-e4b/excluded,180,180,0.0,10.0,0.0,False,True,0.03888888888888886,-0.13333333333333333,0.0,-0.03333333333333333,-0.07222222222222222,0.005555555555555556,0.14577084583083383,False,,0.04033333333333333,-0.04618055555555555,-0.043,0.8,False,,,
main_sweep,gemma4-e4b,exact,degree,,False,excluded,main_sweep/gemma4-e4b/excluded,180,180,0.0,7.0,0.0,False,True,0.03888888888888886,-0.03333333333333333,0.1,0.011111111111111112,-0.027777777777777776,0.05,0.7620475904819036,False,,0.03977777777777778,-0.04861111111111111,-0.048,0.8,False,,,
main_sweep,gemma4-e4b,exact,filler,,False,excluded,main_sweep/gemma4-e4b/excluded,180,180,0.0,9.0,0.0,False,True,0.03888888888888886,0.0,0.03333333333333333,0.005555555555555556,-0.022222222222222223,0.03333333333333333,1.0,False,,0.03955555555555555,-0.041666666666666664,-0.04388888888888889,0.8,False,,,
main_sweep,gemma4-e4b,exact,rwse,,False,excluded,main_sweep/gemma4-e4b/excluded,180,180,0.0,14.0,0.0,False,True,0.03888888888888886,-0.1,0.0,-0.03888888888888889,-0.07222222222222222,-0.011111111111111112,0.036392721455708855,False,1.0,0.03977777777777778,-0.04583333333333332,-0.042666666666666665,0.8,False,,,
main_sweep,gemma4-e4b,exact,all,,True,excluded,main_sweep/gemma4-e4b/excluded/derived,180,180,0.0,9.0,0.0,False,True,0.03888888888888886,-0.03333333333333333,0.03333333333333333,0.0,-0.03333333333333333,0.03333333333333333,1.0,False,,0.03666666666666667,-0.04791666666666667,-0.044222222222222225,0.8,,,,
main_sweep,qwen3-14b,exact,clustering,,False,excluded,main_sweep/qwen3-14b/excluded,180,180,0.0,0.0,0.0,False,False,0.11111111111111116,0.0,0.06666666666666667,0.022222222222222223,0.005555555555555556,0.044444444444444446,0.1287742451509698,False,0.36250000000000004,0.04033333333333333,-0.053125000000000006,-0.04733333333333333,0.8,False,,,
main_sweep,qwen3-14b,exact,components,,False,excluded,main_sweep/qwen3-14b/excluded,180,180,0.0,0.0,0.0,False,False,0.11111111111111116,-0.03333333333333333,0.1,0.016666666666666666,-0.011111111111111112,0.044444444444444446,0.45930813837232554,False,0.40277777777777785,0.045,-0.05034722222222223,-0.04688888888888889,0.8,False,,,
main_sweep,qwen3-14b,exact,degree,,False,excluded,main_sweep/qwen3-14b/excluded,180,180,0.0,0.0,0.0,False,False,0.11111111111111116,0.0,0.2,0.044444444444444446,0.011111111111111112,0.07777777777777778,0.020995800839832032,False,0.4,0.043,-0.04166666666666667,-0.039,0.8,False,,,
main_sweep,qwen3-14b,exact,filler,,False,excluded,main_sweep/qwen3-14b/excluded,180,180,0.0,0.0,0.0,False,False,0.11111111111111116,-0.03333333333333333,0.03333333333333333,0.0,-0.022222222222222223,0.022222222222222223,1.0,False,0.3875,0.042888888888888886,-0.053125000000000006,-0.04588888888888889,0.8,False,,,
main_sweep,qwen3-14b,exact,rwse,,False,excluded,main_sweep/qwen3-14b/excluded,180,180,0.0,0.0,0.0,False,False,0.11111111111111116,0.0,0.03333333333333333,0.011111111111111112,0.0,0.027777777777777776,0.4939012197560488,False,0.3875,0.04566666666666667,-0.0484375,-0.04455555555555556,0.8,False,,,
main_sweep,qwen3-14b,exact,all,,True,excluded,main_sweep/qwen3-14b/excluded/derived,180,180,0.0,0.0,0.0,False,False,0.11111111111111116,-0.03333333333333333,0.1,0.011111111111111112,-0.016666666666666666,0.03888888888888889,0.6918616276744651,False,0.40277777777777773,0.043222222222222224,-0.04687499999999999,-0.03955555555555555,0.8,,,,
main_sweep,qwen3-8b,exact,clustering,,False,excluded,main_sweep/qwen3-8b/excluded,180,180,0.0,0.0,0.0,False,False,0.09999999999999998,0.0,0.13333333333333333,0.027777777777777776,0.0,0.06111111111111111,0.12917416516696661,False,0.3972222222222222,0.04011111111111111,-0.04583333333333333,-0.04088888888888889,0.8,False,,,
main_sweep,qwen3-8b,exact,components,,False,excluded,main_sweep/qwen3-8b/excluded,180,180,0.0,0.0,0.0,False,False,0.09999999999999998,-0.03333333333333333,0.03333333333333333,0.0,-0.03333333333333333,0.03333333333333333,1.0,False,0.48333333333333334,0.04811111111111111,-0.04583333333333334,-0.043555555555555556,0.8,False,,,
main_sweep,qwen3-8b,exact,degree,,False,excluded,main_sweep/qwen3-8b/excluded,180,180,0.0,0.0,0.0,False,False,0.09999999999999998,-0.03333333333333333,0.23333333333333334,0.027777777777777776,-0.005555555555555556,0.06666666666666667,0.22955408918216358,False,0.4333333333333333,0.04566666666666667,-0.04965277777777777,-0.046,0.8,False,,,
main_sweep,qwen3-8b,exact,filler,,False,excluded,main_sweep/qwen3-8b/excluded,180,180,0.0,0.0,0.0,False,False,0.09999999999999998,-0.23333333333333334,0.03333333333333333,-0.05,-0.09444444444444444,-0.005555555555555556,0.04859028194361128,False,0.4666666666666667,0.04822222222222222,-0.05,-0.04633333333333333,0.8,False,,,
main_sweep,qwen3-8b,exact,rwse,,False,excluded,main_sweep/qwen3-8b/excluded,180,180,0.0,1.0,0.0,False,False,0.09999999999999998,-0.1,0.0,-0.03333333333333333,-0.06666666666666667,0.0,0.10497900419916016,False,0.4166666666666667,0.04133333333333333,-0.04791666666666667,-0.042777777777777776,0.8,False,,,
main_sweep,qwen3-8b,exact,all,,True,excluded,main_sweep/qwen3-8b/excluded/derived,180,180,0.0,1.0,0.0,False,False,0.09999999999999998,-0.1,0.16666666666666666,0.011111111111111112,-0.022222222222222223,0.044444444444444446,0.75124975004999,False,0.43333333333333335,0.043,-0.04791666666666667,-0.04488888888888889,0.8,,,,
main_sweep,pooled across all models,exact,clustering,,False,excluded,main_sweep/pooled across all models/excluded,720,720,0.0,11.0,2.0,False,False,0.06527777777777777,-0.008333333333333333,0.05,0.008333333333333333,-0.005555555555555556,0.022222222222222223,0.32693461307738453,False,0.15625000000000003,0.011027777777777777,-0.0125,-0.0125,0.8,,,,
main_sweep,pooled across all models,exact,components,,False,excluded,main_sweep/pooled across all models/excluded,720,720,0.0,10.0,0.0,False,False,0.06527777777777777,-0.03333333333333333,0.008333333333333333,-0.008333333333333333,-0.02361111111111111,0.006944444444444444,0.38452309538092383,False,0.18125000000000002,0.012944444444444444,-0.0125,-0.011472222222222222,0.8,,,,
main_sweep,pooled across all models,exact,degree,,False,excluded,main_sweep/pooled across all models/excluded,720,720,0.0,7.0,0.0,False,False,0.06527777777777777,-0.008333333333333333,0.15,0.02361111111111111,0.008333333333333333,0.04027777777777778,0.004999000199960008,True,,,,,,,,,
main_sweep,pooled across all models,exact,filler,,False,excluded,main_sweep/pooled across all models/excluded,720,720,0.0,10.0,0.0,False,False,0.06527777777777777,-0.05,0.016666666666666666,-0.015277777777777777,-0.030555555555555555,0.0,0.07178564287142572,False,0.16250000000000003,0.010472222222222223,-0.0125,-0.012194444444444445,0.8,,,,
main_sweep,pooled across all models,exact,rwse,,False,excluded,main_sweep/pooled across all models/excluded,720,720,0.0,16.0,0.0,False,False,0.06527777777777777,-0.058333333333333334,0.008333333333333333,-0.018055555555555554,-0.030555555555555555,-0.005555555555555556,0.009398120375924815,True,,,,,,,,,
main_sweep,pooled across all models,exact,all,,True,excluded,main_sweep/pooled across all models/excluded/derived,720,720,0.0,10.0,0.0,False,False,0.06527777777777777,-0.025,0.06666666666666667,0.006944444444444444,-0.006944444444444444,0.022222222222222223,0.46370725854829037,False,0.18125000000000002,0.011722222222222222,-0.0125,-0.011444444444444445,0.8,,,,
main_sweep,gemma4-12b,exact,clustering,,False,excluded,main_sweep/gemma4-12b/task/connected_nodes,30,30,,,,,,,,,0.0,0.0,0.0,1.0,False,,,,,,False,connected_nodes,,
main_sweep,gemma4-12b,exact,components,,False,excluded,main_sweep/gemma4-12b/task/connected_nodes,30,30,,,,,,,,,0.0,0.0,0.0,1.0,False,,,,,,False,connected_nodes,,
main_sweep,gemma4-12b,exact,degree,,False,excluded,main_sweep/gemma4-12b/task/connected_nodes,30,30,,,,,,,,,0.0,0.0,0.0,1.0,False,,,,,,False,connected_nodes,,
main_sweep,gemma4-12b,exact,filler,,False,excluded,main_sweep/gemma4-12b/task/connected_nodes,30,30,,,,,,,,,0.0,0.0,0.0,1.0,False,,,,,,False,connected_nodes,,
main_sweep,gemma4-12b,exact,rwse,,False,excluded,main_sweep/gemma4-12b/task/connected_nodes,30,30,,,,,,,,,0.0,0.0,0.0,1.0,False,,,,,,False,connected_nodes,,
main_sweep,gemma4-12b,exact,all,,True,excluded,main_sweep/gemma4-12b/task/connected_nodes/derived,30,30,,,,,,,,,0.0,0.0,0.0,1.0,False,,,,,,,connected_nodes,,
main_sweep,gemma4-12b,exact,clustering,,False,excluded,main_sweep/gemma4-12b/task/cycle_check,30,30,,,,,,,,,0.0,0.0,0.0,1.0,False,,,,,,False,cycle_check,,
main_sweep,gemma4-12b,exact,components,,False,excluded,main_sweep/gemma4-12b/task/cycle_check,30,30,,,,,,,,,0.0,0.0,0.0,1.0,False,,,,,,False,cycle_check,,
main_sweep,gemma4-12b,exact,degree,,False,excluded,main_sweep/gemma4-12b/task/cycle_check,30,30,,,,,,,,,0.0,0.0,0.0,1.0,False,,,,,,False,cycle_check,,
main_sweep,gemma4-12b,exact,filler,,False,excluded,main_sweep/gemma4-12b/task/cycle_check,30,30,,,,,,,,,0.0,0.0,0.0,1.0,False,,,,,,False,cycle_check,,
main_sweep,gemma4-12b,exact,rwse,,False,excluded,main_sweep/gemma4-12b/task/cycle_check,30,30,,,,,,,,,0.0,0.0,0.0,1.0,False,,,,,,False,cycle_check,,
main_sweep,gemma4-12b,exact,all,,True,excluded,main_sweep/gemma4-12b/task/cycle_check/derived,30,30,,,,,,,,,0.0,0.0,0.0,1.0,False,,,,,,,cycle_check,,
main_sweep,gemma4-12b,exact,clustering,,False,excluded,main_sweep/gemma4-12b/task/edge_count,30,30,,,,,,,,,-0.06666666666666667,-0.16666666666666666,0.0,0.4917016596680664,False,,,,,,False,edge_count,,
main_sweep,gemma4-12b,exact,components,,False,excluded,main_sweep/gemma4-12b/task/edge_count,30,30,,,,,,,,,-0.1,-0.23333333333333334,0.0,0.250749850029994,False,,,,,,False,edge_count,,
main_sweep,gemma4-12b,exact,degree,,False,excluded,main_sweep/gemma4-12b/task/edge_count,30,30,,,,,,,,,0.06666666666666667,0.0,0.16666666666666666,0.50749850029994,False,,,,,,False,edge_count,,
main_sweep,gemma4-12b,exact,filler,,False,excluded,main_sweep/gemma4-12b/task/edge_count,30,30,,,,,,,,,-0.1,-0.23333333333333334,0.0,0.2509498100379924,False,,,,,,False,edge_count,,
main_sweep,gemma4-12b,exact,rwse,,False,excluded,main_sweep/gemma4-12b/task/edge_count,30,30,,,,,,,,,-0.06666666666666667,-0.16666666666666666,0.0,0.5050989802039592,False,,,,,,False,edge_count,,
main_sweep,gemma4-12b,exact,all,,True,excluded,main_sweep/gemma4-12b/task/edge_count/derived,30,30,,,,,,,,,0.03333333333333333,-0.06666666666666667,0.16666666666666666,1.0,False,,,,,,,edge_count,,
main_sweep,gemma4-12b,exact,clustering,,False,excluded,main_sweep/gemma4-12b/task/edge_existence,30,30,,,,,,,,,0.0,0.0,0.0,1.0,False,,,,,,False,edge_existence,,
main_sweep,gemma4-12b,exact,components,,False,excluded,main_sweep/gemma4-12b/task/edge_existence,30,30,,,,,,,,,0.0,0.0,0.0,1.0,False,,,,,,False,edge_existence,,
main_sweep,gemma4-12b,exact,degree,,False,excluded,main_sweep/gemma4-12b/task/edge_existence,30,30,,,,,,,,,0.0,0.0,0.0,1.0,False,,,,,,False,edge_existence,,
main_sweep,gemma4-12b,exact,filler,,False,excluded,main_sweep/gemma4-12b/task/edge_existence,30,30,,,,,,,,,0.0,0.0,0.0,1.0,False,,,,,,False,edge_existence,,
main_sweep,gemma4-12b,exact,rwse,,False,excluded,main_sweep/gemma4-12b/task/edge_existence,30,30,,,,,,,,,0.0,0.0,0.0,1.0,False,,,,,,False,edge_existence,,
main_sweep,gemma4-12b,exact,all,,True,excluded,main_sweep/gemma4-12b/task/edge_existence/derived,30,30,,,,,,,,,0.0,0.0,0.0,1.0,False,,,,,,,edge_existence,,
main_sweep,gemma4-12b,exact,clustering,,False,excluded,main_sweep/gemma4-12b/task/node_count,30,30,,,,,,,,,0.0,0.0,0.0,1.0,False,,,,,,False,node_count,,
main_sweep,gemma4-12b,exact,components,,False,excluded,main_sweep/gemma4-12b/task/node_count,30,30,,,,,,,,,0.0,0.0,0.0,1.0,False,,,,,,False,node_count,,
main_sweep,gemma4-12b,exact,degree,,False,excluded,main_sweep/gemma4-12b/task/node_count,30,30,,,,,,,,,0.0,0.0,0.0,1.0,False,,,,,,False,node_count,,
main_sweep,gemma4-12b,exact,filler,,False,excluded,main_sweep/gemma4-12b/task/node_count,30,30,,,,,,,,,0.0,0.0,0.0,1.0,False,,,,,,False,node_count,,
main_sweep,gemma4-12b,exact,rwse,,False,excluded,main_sweep/gemma4-12b/task/node_count,30,30,,,,,,,,,0.0,0.0,0.0,1.0,False,,,,,,False,node_count,,
main_sweep,gemma4-12b,exact,all,,True,excluded,main_sweep/gemma4-12b/task/node_count/derived,30,30,,,,,,,,,0.0,0.0,0.0,1.0,False,,,,,,,node_count,,
main_sweep,gemma4-12b,exact,clustering,,False,excluded,main_sweep/gemma4-12b/task/node_degree,30,30,,,,,,,,,0.0,0.0,0.0,1.0,False,,,,,,False,node_degree,,
main_sweep,gemma4-12b,exact,components,,False,excluded,main_sweep/gemma4-12b/task/node_degree,30,30,,,,,,,,,0.0,0.0,0.0,1.0,False,,,,,,False,node_degree,,
main_sweep,gemma4-12b,exact,degree,,False,excluded,main_sweep/gemma4-12b/task/node_degree,30,30,,,,,,,,,0.0,0.0,0.0,1.0,False,,,,,,False,node_degree,,
main_sweep,gemma4-12b,exact,filler,,False,excluded,main_sweep/gemma4-12b/task/node_degree,30,30,,,,,,,,,0.0,0.0,0.0,1.0,False,,,,,,False,node_degree,,
main_sweep,gemma4-12b,exact,rwse,,False,excluded,main_sweep/gemma4-12b/task/node_degree,30,30,,,,,,,,,0.0,0.0,0.0,1.0,False,,,,,,False,node_degree,,
main_sweep,gemma4-12b,exact,all,,True,excluded,main_sweep/gemma4-12b/task/node_degree/derived,30,30,,,,,,,,,0.0,0.0,0.0,1.0,False,,,,,,,node_degree,,
main_sweep,gemma4-e4b,exact,clustering,,False,excluded,main_sweep/gemma4-e4b/task/connected_nodes,30,30,,,,,,,,,0.0,0.0,0.0,1.0,False,,,,,,False,connected_nodes,,
main_sweep,gemma4-e4b,exact,components,,False,excluded,main_sweep/gemma4-e4b/task/connected_nodes,30,30,,,,,,,,,0.0,0.0,0.0,1.0,False,,,,,,False,connected_nodes,,
main_sweep,gemma4-e4b,exact,degree,,False,excluded,main_sweep/gemma4-e4b/task/connected_nodes,30,30,,,,,,,,,0.0,0.0,0.0,1.0,False,,,,,,False,connected_nodes,,
main_sweep,gemma4-e4b,exact,filler,,False,excluded,main_sweep/gemma4-e4b/task/connected_nodes,30,30,,,,,,,,,0.0,0.0,0.0,1.0,False,,,,,,False,connected_nodes,,
main_sweep,gemma4-e4b,exact,rwse,,False,excluded,main_sweep/gemma4-e4b/task/connected_nodes,30,30,,,,,,,,,-0.03333333333333333,-0.1,0.0,1.0,False,,,,,,False,connected_nodes,,
main_sweep,gemma4-e4b,exact,all,,True,excluded,main_sweep/gemma4-e4b/task/connected_nodes/derived,30,30,,,,,,,,,0.0,0.0,0.0,1.0,False,,,,,,,connected_nodes,,
main_sweep,gemma4-e4b,exact,clustering,,False,excluded,main_sweep/gemma4-e4b/task/cycle_check,30,30,,,,,,,,,-0.06666666666666667,-0.2,0.06666666666666667,0.627874425114977,False,,,,,,False,cycle_check,,
main_sweep,gemma4-e4b,exact,components,,False,excluded,main_sweep/gemma4-e4b/task/cycle_check,30,30,,,,,,,,,0.0,-0.1,0.1,1.0,False,,,,,,False,cycle_check,,
main_sweep,gemma4-e4b,exact,degree,,False,excluded,main_sweep/gemma4-e4b/task/cycle_check,30,30,,,,,,,,,0.0,-0.1,0.1,1.0,False,,,,,,False,cycle_check,,
main_sweep,gemma4-e4b,exact,filler,,False,excluded,main_sweep/gemma4-e4b/task/cycle_check,30,30,,,,,,,,,0.03333333333333333,0.0,0.1,1.0,False,,,,,,False,cycle_check,,
main_sweep,gemma4-e4b,exact,rwse,,False,excluded,main_sweep/gemma4-e4b/task/cycle_check,30,30,,,,,,,,,-0.06666666666666667,-0.16666666666666666,0.0,0.49750049990002,False,,,,,,False,cycle_check,,
main_sweep,gemma4-e4b,exact,all,,True,excluded,main_sweep/gemma4-e4b/task/cycle_check/derived,30,30,,,,,,,,,0.03333333333333333,0.0,0.1,1.0,False,,,,,,,cycle_check,,
main_sweep,gemma4-e4b,exact,clustering,,False,excluded,main_sweep/gemma4-e4b/task/edge_count,30,30,,,,,,,,,0.06666666666666667,-0.1,0.26666666666666666,0.728254349130174,False,,,,,,False,edge_count,,
main_sweep,gemma4-e4b,exact,components,,False,excluded,main_sweep/gemma4-e4b/task/edge_count,30,30,,,,,,,,,0.0,-0.13333333333333333,0.13333333333333333,1.0,False,,,,,,False,edge_count,,
main_sweep,gemma4-e4b,exact,degree,,False,excluded,main_sweep/gemma4-e4b/task/edge_count,30,30,,,,,,,,,0.1,-0.1,0.3,0.5046990601879624,False,,,,,,False,edge_count,,
main_sweep,gemma4-e4b,exact,filler,,False,excluded,main_sweep/gemma4-e4b/task/edge_count,30,30,,,,,,,,,0.0,-0.16666666666666666,0.16666666666666666,1.0,False,,,,,,False,edge_count,,
main_sweep,gemma4-e4b,exact,rwse,,False,excluded,main_sweep/gemma4-e4b/task/edge_count,30,30,,,,,,,,,-0.1,-0.23333333333333334,0.03333333333333333,0.3763247350529894,False,,,,,,False,edge_count,,
main_sweep,gemma4-e4b,exact,all,,True,excluded,main_sweep/gemma4-e4b/task/edge_count/derived,30,30,,,,,,,,,-0.03333333333333333,-0.23333333333333334,0.16666666666666666,1.0,False,,,,,,,edge_count,,
main_sweep,gemma4-e4b,exact,clustering,,False,excluded,main_sweep/gemma4-e4b/task/edge_existence,30,30,,,,,,,,,-0.03333333333333333,-0.1,0.0,1.0,False,,,,,,False,edge_existence,,
main_sweep,gemma4-e4b,exact,components,,False,excluded,main_sweep/gemma4-e4b/task/edge_existence,30,30,,,,,,,,,0.0,0.0,0.0,1.0,False,,,,,,False,edge_existence,,
main_sweep,gemma4-e4b,exact,degree,,False,excluded,main_sweep/gemma4-e4b/task/edge_existence,30,30,,,,,,,,,0.0,0.0,0.0,1.0,False,,,,,,False,edge_existence,,
main_sweep,gemma4-e4b,exact,filler,,False,excluded,main_sweep/gemma4-e4b/task/edge_existence,30,30,,,,,,,,,0.0,0.0,0.0,1.0,False,,,,,,False,edge_existence,,
main_sweep,gemma4-e4b,exact,rwse,,False,excluded,main_sweep/gemma4-e4b/task/edge_existence,30,30,,,,,,,,,-0.03333333333333333,-0.1,0.0,1.0,False,,,,,,False,edge_existence,,
main_sweep,gemma4-e4b,exact,all,,True,excluded,main_sweep/gemma4-e4b/task/edge_existence/derived,30,30,,,,,,,,,0.0,0.0,0.0,1.0,False,,,,,,,edge_existence,,
main_sweep,gemma4-e4b,exact,clustering,,False,excluded,main_sweep/gemma4-e4b/task/node_count,30,30,,,,,,,,,0.0,0.0,0.0,1.0,False,,,,,,False,node_count,,
main_sweep,gemma4-e4b,exact,components,,False,excluded,main_sweep/gemma4-e4b/task/node_count,30,30,,,,,,,,,-0.13333333333333333,-0.26666666666666666,-0.03333333333333333,0.1305738852229554,False,,,,,,False,node_count,,
main_sweep,gemma4-e4b,exact,degree,,False,excluded,main_sweep/gemma4-e4b/task/node_count,30,30,,,,,,,,,0.0,0.0,0.0,1.0,False,,,,,,False,node_count,,
main_sweep,gemma4-e4b,exact,filler,,False,excluded,main_sweep/gemma4-e4b/task/node_count,30,30,,,,,,,,,0.0,0.0,0.0,1.0,False,,,,,,False,node_count,,
main_sweep,gemma4-e4b,exact,rwse,,False,excluded,main_sweep/gemma4-e4b/task/node_count,30,30,,,,,,,,,0.0,0.0,0.0,1.0,False,,,,,,False,node_count,,
main_sweep,gemma4-e4b,exact,all,,True,excluded,main_sweep/gemma4-e4b/task/node_count/derived,30,30,,,,,,,,,0.0,0.0,0.0,1.0,False,,,,,,,node_count,,
main_sweep,gemma4-e4b,exact,clustering,,False,excluded,main_sweep/gemma4-e4b/task/node_degree,30,30,,,,,,,,,0.0,0.0,0.0,1.0,False,,,,,,False,node_degree,,
main_sweep,gemma4-e4b,exact,components,,False,excluded,main_sweep/gemma4-e4b/task/node_degree,30,30,,,,,,,,,-0.06666666666666667,-0.16666666666666666,0.0,0.4977004599080184,False,,,,,,False,node_degree,,
main_sweep,gemma4-e4b,exact,degree,,False,excluded,main_sweep/gemma4-e4b/task/node_degree,30,30,,,,,,,,,-0.03333333333333333,-0.1,0.0,1.0,False,,,,,,False,node_degree,,
main_sweep,gemma4-e4b,exact,filler,,False,excluded,main_sweep/gemma4-e4b/task/node_degree,30,30,,,,,,,,,0.0,0.0,0.0,1.0,False,,,,,,False,node_degree,,
main_sweep,gemma4-e4b,exact,rwse,,False,excluded,main_sweep/gemma4-e4b/task/node_degree,30,30,,,,,,,,,0.0,0.0,0.0,1.0,False,,,,,,False,node_degree,,
main_sweep,gemma4-e4b,exact,all,,True,excluded,main_sweep/gemma4-e4b/task/node_degree/derived,30,30,,,,,,,,,0.0,0.0,0.0,1.0,False,,,,,,,node_degree,,
main_sweep,qwen3-14b,exact,clustering,,False,excluded,main_sweep/qwen3-14b/task/connected_nodes,30,30,,,,,,,,,0.0,0.0,0.0,1.0,False,,,,,,False,connected_nodes,,
main_sweep,qwen3-14b,exact,components,,False,excluded,main_sweep/qwen3-14b/task/connected_nodes,30,30,,,,,,,,,-0.03333333333333333,-0.1,0.0,1.0,False,,,,,,False,connected_nodes,,
main_sweep,qwen3-14b,exact,degree,,False,excluded,main_sweep/qwen3-14b/task/connected_nodes,30,30,,,,,,,,,0.0,0.0,0.0,1.0,False,,,,,,False,connected_nodes,,
main_sweep,qwen3-14b,exact,filler,,False,excluded,main_sweep/qwen3-14b/task/connected_nodes,30,30,,,,,,,,,-0.03333333333333333,-0.1,0.0,1.0,False,,,,,,False,connected_nodes,,
main_sweep,qwen3-14b,exact,rwse,,False,excluded,main_sweep/qwen3-14b/task/connected_nodes,30,30,,,,,,,,,0.0,0.0,0.0,1.0,False,,,,,,False,connected_nodes,,
main_sweep,qwen3-14b,exact,all,,True,excluded,main_sweep/qwen3-14b/task/connected_nodes/derived,30,30,,,,,,,,,0.0,0.0,0.0,1.0,False,,,,,,,connected_nodes,,
main_sweep,qwen3-14b,exact,clustering,,False,excluded,main_sweep/qwen3-14b/task/cycle_check,30,30,,,,,,,,,0.03333333333333333,0.0,0.1,1.0,False,,,,,,False,cycle_check,,
main_sweep,qwen3-14b,exact,components,,False,excluded,main_sweep/qwen3-14b/task/cycle_check,30,30,,,,,,,,,0.03333333333333333,0.0,0.1,1.0,False,,,,,,False,cycle_check,,
main_sweep,qwen3-14b,exact,degree,,False,excluded,main_sweep/qwen3-14b/task/cycle_check,30,30,,,,,,,,,0.03333333333333333,0.0,0.1,1.0,False,,,,,,False,cycle_check,,
main_sweep,qwen3-14b,exact,filler,,False,excluded,main_sweep/qwen3-14b/task/cycle_check,30,30,,,,,,,,,0.0,0.0,0.0,1.0,False,,,,,,False,cycle_check,,
main_sweep,qwen3-14b,exact,rwse,,False,excluded,main_sweep/qwen3-14b/task/cycle_check,30,30,,,,,,,,,0.0,0.0,0.0,1.0,False,,,,,,False,cycle_check,,
main_sweep,qwen3-14b,exact,all,,True,excluded,main_sweep/qwen3-14b/task/cycle_check/derived,30,30,,,,,,,,,-0.03333333333333333,-0.1,0.0,1.0,False,,,,,,,cycle_check,,
main_sweep,qwen3-14b,exact,clustering,,False,excluded,main_sweep/qwen3-14b/task/edge_count,30,30,,,,,,,,,0.06666666666666667,0.0,0.16666666666666666,0.4977004599080184,False,,,,,,False,edge_count,,
main_sweep,qwen3-14b,exact,components,,False,excluded,main_sweep/qwen3-14b/task/edge_count,30,30,,,,,,,,,0.1,0.0,0.23333333333333334,0.2539492101579684,False,,,,,,False,edge_count,,
main_sweep,qwen3-14b,exact,degree,,False,excluded,main_sweep/qwen3-14b/task/edge_count,30,30,,,,,,,,,0.2,0.03333333333333333,0.36666666666666664,0.06718656268746251,False,,,,,,False,edge_count,,
main_sweep,qwen3-14b,exact,filler,,False,excluded,main_sweep/qwen3-14b/task/edge_count,30,30,,,,,,,,,0.0,-0.1,0.1,1.0,False,,,,,,False,edge_count,,
main_sweep,qwen3-14b,exact,rwse,,False,excluded,main_sweep/qwen3-14b/task/edge_count,30,30,,,,,,,,,0.03333333333333333,0.0,0.1,1.0,False,,,,,,False,edge_count,,
main_sweep,qwen3-14b,exact,all,,True,excluded,main_sweep/qwen3-14b/task/edge_count/derived,30,30,,,,,,,,,0.1,0.0,0.2,0.24575084983003398,False,,,,,,,edge_count,,
main_sweep,qwen3-14b,exact,clustering,,False,excluded,main_sweep/qwen3-14b/task/edge_existence,30,30,,,,,,,,,0.0,0.0,0.0,1.0,False,,,,,,False,edge_existence,,
main_sweep,qwen3-14b,exact,components,,False,excluded,main_sweep/qwen3-14b/task/edge_existence,30,30,,,,,,,,,0.0,0.0,0.0,1.0,False,,,,,,False,edge_existence,,
main_sweep,qwen3-14b,exact,degree,,False,excluded,main_sweep/qwen3-14b/task/edge_existence,30,30,,,,,,,,,0.0,0.0,0.0,1.0,False,,,,,,False,edge_existence,,
main_sweep,qwen3-14b,exact,filler,,False,excluded,main_sweep/qwen3-14b/task/edge_existence,30,30,,,,,,,,,0.0,0.0,0.0,1.0,False,,,,,,False,edge_existence,,
main_sweep,qwen3-14b,exact,rwse,,False,excluded,main_sweep/qwen3-14b/task/edge_existence,30,30,,,,,,,,,0.0,0.0,0.0,1.0,False,,,,,,False,edge_existence,,
main_sweep,qwen3-14b,exact,all,,True,excluded,main_sweep/qwen3-14b/task/edge_existence/derived,30,30,,,,,,,,,0.0,0.0,0.0,1.0,False,,,,,,,edge_existence,,
main_sweep,qwen3-14b,exact,clustering,,False,excluded,main_sweep/qwen3-14b/task/node_count,30,30,,,,,,,,,0.03333333333333333,0.0,0.1,1.0,False,,,,,,False,node_count,,
main_sweep,qwen3-14b,exact,components,,False,excluded,main_sweep/qwen3-14b/task/node_count,30,30,,,,,,,,,0.0,-0.1,0.1,1.0,False,,,,,,False,node_count,,
main_sweep,qwen3-14b,exact,degree,,False,excluded,main_sweep/qwen3-14b/task/node_count,30,30,,,,,,,,,0.03333333333333333,0.0,0.1,1.0,False,,,,,,False,node_count,,
main_sweep,qwen3-14b,exact,filler,,False,excluded,main_sweep/qwen3-14b/task/node_count,30,30,,,,,,,,,0.03333333333333333,0.0,0.1,1.0,False,,,,,,False,node_count,,
main_sweep,qwen3-14b,exact,rwse,,False,excluded,main_sweep/qwen3-14b/task/node_count,30,30,,,,,,,,,0.03333333333333333,0.0,0.1,1.0,False,,,,,,False,node_count,,
main_sweep,qwen3-14b,exact,all,,True,excluded,main_sweep/qwen3-14b/task/node_count/derived,30,30,,,,,,,,,0.0,-0.1,0.1,1.0,False,,,,,,,node_count,,
main_sweep,qwen3-14b,exact,clustering,,False,excluded,main_sweep/qwen3-14b/task/node_degree,30,30,,,,,,,,,0.0,0.0,0.0,1.0,False,,,,,,False,node_degree,,
main_sweep,qwen3-14b,exact,components,,False,excluded,main_sweep/qwen3-14b/task/node_degree,30,30,,,,,,,,,0.0,0.0,0.0,1.0,False,,,,,,False,node_degree,,
main_sweep,qwen3-14b,exact,degree,,False,excluded,main_sweep/qwen3-14b/task/node_degree,30,30,,,,,,,,,0.0,0.0,0.0,1.0,False,,,,,,False,node_degree,,
main_sweep,qwen3-14b,exact,filler,,False,excluded,main_sweep/qwen3-14b/task/node_degree,30,30,,,,,,,,,0.0,0.0,0.0,1.0,False,,,,,,False,node_degree,,
main_sweep,qwen3-14b,exact,rwse,,False,excluded,main_sweep/qwen3-14b/task/node_degree,30,30,,,,,,,,,0.0,0.0,0.0,1.0,False,,,,,,False,node_degree,,
main_sweep,qwen3-14b,exact,all,,True,excluded,main_sweep/qwen3-14b/task/node_degree/derived,30,30,,,,,,,,,0.0,0.0,0.0,1.0,False,,,,,,,node_degree,,
main_sweep,qwen3-8b,exact,clustering,,False,excluded,main_sweep/qwen3-8b/task/connected_nodes,30,30,,,,,,,,,0.0,0.0,0.0,1.0,False,,,,,,False,connected_nodes,,
main_sweep,qwen3-8b,exact,components,,False,excluded,main_sweep/qwen3-8b/task/connected_nodes,30,30,,,,,,,,,-0.03333333333333333,-0.1,0.0,1.0,False,,,,,,False,connected_nodes,,
main_sweep,qwen3-8b,exact,degree,,False,excluded,main_sweep/qwen3-8b/task/connected_nodes,30,30,,,,,,,,,-0.03333333333333333,-0.1,0.0,1.0,False,,,,,,False,connected_nodes,,
main_sweep,qwen3-8b,exact,filler,,False,excluded,main_sweep/qwen3-8b/task/connected_nodes,30,30,,,,,,,,,-0.03333333333333333,-0.1,0.0,1.0,False,,,,,,False,connected_nodes,,
main_sweep,qwen3-8b,exact,rwse,,False,excluded,main_sweep/qwen3-8b/task/connected_nodes,30,30,,,,,,,,,-0.03333333333333333,-0.1,0.0,1.0,False,,,,,,False,connected_nodes,,
main_sweep,qwen3-8b,exact,all,,True,excluded,main_sweep/qwen3-8b/task/connected_nodes/derived,30,30,,,,,,,,,0.0,0.0,0.0,1.0,False,,,,,,,connected_nodes,,
main_sweep,qwen3-8b,exact,clustering,,False,excluded,main_sweep/qwen3-8b/task/cycle_check,30,30,,,,,,,,,0.03333333333333333,0.0,0.1,1.0,False,,,,,,False,cycle_check,,
main_sweep,qwen3-8b,exact,components,,False,excluded,main_sweep/qwen3-8b/task/cycle_check,30,30,,,,,,,,,0.0,-0.1,0.1,1.0,False,,,,,,False,cycle_check,,
main_sweep,qwen3-8b,exact,degree,,False,excluded,main_sweep/qwen3-8b/task/cycle_check,30,30,,,,,,,,,-0.03333333333333333,-0.1,0.0,1.0,False,,,,,,False,cycle_check,,
main_sweep,qwen3-8b,exact,filler,,False,excluded,main_sweep/qwen3-8b/task/cycle_check,30,30,,,,,,,,,0.03333333333333333,0.0,0.1,1.0,False,,,,,,False,cycle_check,,
main_sweep,qwen3-8b,exact,rwse,,False,excluded,main_sweep/qwen3-8b/task/cycle_check,30,30,,,,,,,,,-0.06666666666666667,-0.16666666666666666,0.0,0.4911017796440712,False,,,,,,False,cycle_check,,
main_sweep,qwen3-8b,exact,all,,True,excluded,main_sweep/qwen3-8b/task/cycle_check/derived,30,30,,,,,,,,,-0.1,-0.23333333333333334,0.0,0.2499500099980004,False,,,,,,,cycle_check,,
main_sweep,qwen3-8b,exact,clustering,,False,excluded,main_sweep/qwen3-8b/task/edge_count,30,30,,,,,,,,,0.13333333333333333,0.0,0.3,0.21455708858228353,False,,,,,,False,edge_count,,
main_sweep,qwen3-8b,exact,components,,False,excluded,main_sweep/qwen3-8b/task/edge_count,30,30,,,,,,,,,0.03333333333333333,-0.13333333333333333,0.2,1.0,False,,,,,,False,edge_count,,
main_sweep,qwen3-8b,exact,degree,,False,excluded,main_sweep/qwen3-8b/task/edge_count,30,30,,,,,,,,,0.23333333333333334,0.06666666666666667,0.4,0.04339132173565287,False,,,,,,False,edge_count,,
main_sweep,qwen3-8b,exact,filler,,False,excluded,main_sweep/qwen3-8b/task/edge_count,30,30,,,,,,,,,0.03333333333333333,-0.1,0.16666666666666666,1.0,False,,,,,,False,edge_count,,
main_sweep,qwen3-8b,exact,rwse,,False,excluded,main_sweep/qwen3-8b/task/edge_count,30,30,,,,,,,,,-0.1,-0.26666666666666666,0.06666666666666667,0.4527094581083783,False,,,,,,False,edge_count,,
main_sweep,qwen3-8b,exact,all,,True,excluded,main_sweep/qwen3-8b/task/edge_count/derived,30,30,,,,,,,,,0.16666666666666666,0.0,0.3333333333333333,0.1271745650869826,False,,,,,,,edge_count,,
main_sweep,qwen3-8b,exact,clustering,,False,excluded,main_sweep/qwen3-8b/task/edge_existence,30,30,,,,,,,,,0.0,0.0,0.0,1.0,False,,,,,,False,edge_existence,,
main_sweep,qwen3-8b,exact,components,,False,excluded,main_sweep/qwen3-8b/task/edge_existence,30,30,,,,,,,,,0.0,0.0,0.0,1.0,False,,,,,,False,edge_existence,,
main_sweep,qwen3-8b,exact,degree,,False,excluded,main_sweep/qwen3-8b/task/edge_existence,30,30,,,,,,,,,0.0,0.0,0.0,1.0,False,,,,,,False,edge_existence,,
main_sweep,qwen3-8b,exact,filler,,False,excluded,main_sweep/qwen3-8b/task/edge_existence,30,30,,,,,,,,,-0.1,-0.23333333333333334,0.0,0.250749850029994,False,,,,,,False,edge_existence,,
main_sweep,qwen3-8b,exact,rwse,,False,excluded,main_sweep/qwen3-8b/task/edge_existence,30,30,,,,,,,,,0.0,0.0,0.0,1.0,False,,,,,,False,edge_existence,,
main_sweep,qwen3-8b,exact,all,,True,excluded,main_sweep/qwen3-8b/task/edge_existence/derived,30,30,,,,,,,,,0.0,0.0,0.0,1.0,False,,,,,,,edge_existence,,
main_sweep,qwen3-8b,exact,clustering,,False,excluded,main_sweep/qwen3-8b/task/node_count,30,30,,,,,,,,,0.0,0.0,0.0,1.0,False,,,,,,False,node_count,,
main_sweep,qwen3-8b,exact,components,,False,excluded,main_sweep/qwen3-8b/task/node_count,30,30,,,,,,,,,0.0,0.0,0.0,1.0,False,,,,,,False,node_count,,
main_sweep,qwen3-8b,exact,degree,,False,excluded,main_sweep/qwen3-8b/task/node_count,30,30,,,,,,,,,0.0,0.0,0.0,1.0,False,,,,,,False,node_count,,
main_sweep,qwen3-8b,exact,filler,,False,excluded,main_sweep/qwen3-8b/task/node_count,30,30,,,,,,,,,-0.23333333333333334,-0.4,-0.1,0.01759648070385923,False,,,,,,False,node_count,,
main_sweep,qwen3-8b,exact,rwse,,False,excluded,main_sweep/qwen3-8b/task/node_count,30,30,,,,,,,,,0.0,0.0,0.0,1.0,False,,,,,,False,node_count,,
main_sweep,qwen3-8b,exact,all,,True,excluded,main_sweep/qwen3-8b/task/node_count/derived,30,30,,,,,,,,,0.0,0.0,0.0,1.0,False,,,,,,,node_count,,
main_sweep,qwen3-8b,exact,clustering,,False,excluded,main_sweep/qwen3-8b/task/node_degree,30,30,,,,,,,,,0.0,0.0,0.0,1.0,False,,,,,,False,node_degree,,
main_sweep,qwen3-8b,exact,components,,False,excluded,main_sweep/qwen3-8b/task/node_degree,30,30,,,,,,,,,0.0,0.0,0.0,1.0,False,,,,,,False,node_degree,,
main_sweep,qwen3-8b,exact,degree,,False,excluded,main_sweep/qwen3-8b/task/node_degree,30,30,,,,,,,,,0.0,0.0,0.0,1.0,False,,,,,,False,node_degree,,
main_sweep,qwen3-8b,exact,filler,,False,excluded,main_sweep/qwen3-8b/task/node_degree,30,30,,,,,,,,,0.0,0.0,0.0,1.0,False,,,,,,False,node_degree,,
main_sweep,qwen3-8b,exact,rwse,,False,excluded,main_sweep/qwen3-8b/task/node_degree,30,30,,,,,,,,,0.0,0.0,0.0,1.0,False,,,,,,False,node_degree,,
main_sweep,qwen3-8b,exact,all,,True,excluded,main_sweep/qwen3-8b/task/node_degree/derived,30,30,,,,,,,,,0.0,0.0,0.0,1.0,False,,,,,,,node_degree,,
thinking_arm,gemma4-12b,non_terminating,clustering,,False,not_applicable,thinking_arm/gemma4-12b/not_applicable,180,180,0.0,92.0,,,False,0.24444444444444444,-0.06666666666666667,0.1,0.022222222222222223,-0.022222222222222223,0.06666666666666667,0.47790441911617676,False,0.058333333333333334,0.044,-0.17777777777777778,-0.043333333333333335,0.8,False,,,
thinking_arm,gemma4-12b,non_terminating,components,,False,not_applicable,thinking_arm/gemma4-12b/not_applicable,180,180,0.0,76.0,,,False,0.24444444444444444,-0.2,0.0,-0.06666666666666667,-0.12222222222222222,-0.016666666666666666,0.02539492101579684,False,0.059375,0.04477777777777778,-0.178125,-0.04777777777777778,0.8,False,,,
thinking_arm,gemma4-12b,non_terminating,degree,,False,not_applicable,thinking_arm/gemma4-12b/not_applicable,180,180,0.0,78.0,,,False,0.24444444444444444,-0.13333333333333333,0.0,-0.05555555555555555,-0.1111111111111111,-0.005555555555555556,0.0619876024795041,False,0.05277777777777778,0.042444444444444444,-0.15833333333333333,-0.03966666666666667,0.8,False,,,
thinking_arm,gemma4-12b,non_terminating,filler,,False,not_applicable,thinking_arm/gemma4-12b/not_applicable,180,180,0.0,71.0,,,False,0.24444444444444444,-0.23333333333333334,0.0,-0.09444444444444444,-0.14444444444444443,-0.044444444444444446,0.0009998000399920016,True,,,,,,False,,,
thinking_arm,gemma4-12b,non_terminating,rwse,,False,not_applicable,thinking_arm/gemma4-12b/not_applicable,180,180,0.0,83.0,,,False,0.24444444444444444,-0.13333333333333333,0.03333333333333333,-0.027777777777777776,-0.07777777777777778,0.027777777777777776,0.40951809638072384,False,0.06927083333333334,0.05522222222222222,-0.17152777777777778,-0.042,0.8,False,,,
thinking_arm,gemma4-12b,non_terminating,all,,True,not_applicable,thinking_arm/gemma4-12b/not_applicable/derived,180,180,0.0,72.0,,,False,0.24444444444444444,-0.3333333333333333,0.0,-0.08888888888888889,-0.14444444444444443,-0.03333333333333333,0.003799240151969606,True,,,,,,,,,
thinking_arm,gemma4-e4b,non_terminating,clustering,,False,not_applicable,thinking_arm/gemma4-e4b/not_applicable,180,180,0.0,0.0,,,True,0.0,0.0,0.0,0.0,0.0,0.0,1.0,False,0.045312500000000006,0.04544444444444445,,0.0,0.8,False,,,
thinking_arm,gemma4-e4b,non_terminating,components,,False,not_applicable,thinking_arm/gemma4-e4b/not_applicable,180,180,0.0,0.0,,,True,0.0,0.0,0.0,0.0,0.0,0.0,1.0,False,0.045312500000000006,0.04666666666666667,,0.0,0.8,False,,,
thinking_arm,gemma4-e4b,non_terminating,degree,,False,not_applicable,thinking_arm/gemma4-e4b/not_applicable,180,180,0.0,0.0,,,True,0.0,0.0,0.0,0.0,0.0,0.0,1.0,False,0.043750000000000004,0.04822222222222222,,0.0,0.8,False,,,
thinking_arm,gemma4-e4b,non_terminating,filler,,False,not_applicable,thinking_arm/gemma4-e4b/not_applicable,180,180,0.0,0.0,,,True,0.0,0.0,0.0,0.0,0.0,0.0,1.0,False,0.045312500000000006,0.04833333333333333,,0.0,0.8,False,,,
thinking_arm,gemma4-e4b,non_terminating,rwse,,False,not_applicable,thinking_arm/gemma4-e4b/not_applicable,180,180,0.0,0.0,,,True,0.0,0.0,0.0,0.0,0.0,0.0,1.0,False,0.037500000000000006,0.041777777777777775,,0.0,0.8,False,,,
thinking_arm,gemma4-e4b,non_terminating,all,,True,not_applicable,thinking_arm/gemma4-e4b/not_applicable/derived,180,180,0.0,0.0,,,True,0.0,0.0,0.0,0.0,0.0,0.0,1.0,False,0.0421875,0.041777777777777775,,0.0,0.8,,,,
thinking_arm,qwen3-14b,non_terminating,clustering,,False,not_applicable,thinking_arm/qwen3-14b/not_applicable,180,180,0.0,5.0,,,True,0.011111111111111112,0.0,0.03333333333333333,0.005555555555555556,0.0,0.016666666666666666,1.0,False,0.045312500000000006,0.043,,-0.011555555555555555,0.8,False,,,
thinking_arm,qwen3-14b,non_terminating,components,,False,not_applicable,thinking_arm/qwen3-14b/not_applicable,180,180,0.0,4.0,,,True,0.011111111111111112,0.0,0.0,0.0,-0.016666666666666666,0.016666666666666666,1.0,False,0.043750000000000004,0.044,,-0.009,0.8,False,,,
thinking_arm,qwen3-14b,non_terminating,degree,,False,not_applicable,thinking_arm/qwen3-14b/not_applicable,180,180,0.0,4.0,,,True,0.011111111111111112,-0.03333333333333333,0.03333333333333333,0.0,-0.016666666666666666,0.016666666666666666,1.0,False,0.0421875,0.043,,-0.011,0.8,False,,,
thinking_arm,qwen3-14b,non_terminating,filler,,False,not_applicable,thinking_arm/qwen3-14b/not_applicable,180,180,0.0,4.0,,,True,0.011111111111111112,0.0,0.0,0.0,-0.016666666666666666,0.016666666666666666,1.0,False,0.03906250000000001,0.04122222222222222,,-0.013,0.8,False,,,
thinking_arm,qwen3-14b,non_terminating,rwse,,False,not_applicable,thinking_arm/qwen3-14b/not_applicable,180,180,0.0,5.0,,,True,0.011111111111111112,-0.03333333333333333,0.03333333333333333,0.005555555555555556,-0.016666666666666666,0.027777777777777776,1.0,False,0.043750000000000004,0.043111111111111114,,-0.009777777777777778,0.8,False,,,
thinking_arm,qwen3-14b,non_terminating,all,,True,not_applicable,thinking_arm/qwen3-14b/not_applicable/derived,180,180,0.0,4.0,,,True,0.011111111111111112,-0.03333333333333333,0.03333333333333333,0.0,-0.022222222222222223,0.022222222222222223,1.0,False,0.045312500000000006,0.04455555555555556,,-0.011333333333333334,0.8,,,,
thinking_arm,qwen3-8b,non_terminating,clustering,,False,not_applicable,thinking_arm/qwen3-8b/not_applicable,180,180,0.0,14.0,,,True,0.03888888888888889,-0.06666666666666667,0.03333333333333333,0.0,-0.027777777777777776,0.027777777777777776,1.0,False,0.04687499999999999,0.044444444444444446,,-0.03822222222222222,0.8,False,,,
thinking_arm,qwen3-8b,non_terminating,components,,False,not_applicable,thinking_arm/qwen3-8b/not_applicable,180,180,0.0,15.0,,,True,0.03888888888888889,0.0,0.03333333333333333,0.005555555555555556,-0.027777777777777776,0.03888888888888889,1.0,False,0.043750000000000004,0.042666666666666665,,-0.041666666666666664,0.8,False,,,
thinking_arm,qwen3-8b,non_terminating,degree,,False,not_applicable,thinking_arm/qwen3-8b/not_applicable,180,180,0.0,12.0,,,True,0.03888888888888889,-0.06666666666666667,0.03333333333333333,-0.011111111111111112,-0.044444444444444446,0.022222222222222223,0.7586482703459309,False,0.05,0.04777777777777778,,-0.04066666666666666,0.8,False,,,
thinking_arm,qwen3-8b,non_terminating,filler,,False,not_applicable,thinking_arm/qwen3-8b/not_applicable,180,180,0.0,9.0,,,True,0.03888888888888889,-0.1,0.03333333333333333,-0.027777777777777776,-0.06111111111111111,0.005555555555555556,0.17436512697460507,False,0.04583333333333334,0.043333333333333335,,-0.041,0.8,False,,,
thinking_arm,qwen3-8b,non_terminating,rwse,,False,not_applicable,thinking_arm/qwen3-8b/not_applicable,180,180,0.0,10.0,,,True,0.03888888888888889,-0.06666666666666667,0.0,-0.022222222222222223,-0.05,0.0,0.21995600879824034,False,0.043750000000000004,0.044,,-0.04055555555555555,0.8,False,,,
thinking_arm,qwen3-8b,non_terminating,all,,True,not_applicable,thinking_arm/qwen3-8b/not_applicable/derived,180,180,0.0,16.0,,,True,0.03888888888888889,-0.06666666666666667,0.1,0.011111111111111112,-0.027777777777777776,0.05,0.7834433113377325,False,0.04375,0.04655555555555556,,-0.03844444444444445,0.8,,,,
thinking_arm,pooled across all models,non_terminating,clustering,,False,not_applicable,thinking_arm/pooled across all models/not_applicable,720,720,0.0,111.0,,,False,0.07361111111111111,0.0,0.016666666666666666,0.006944444444444444,-0.006944444444444444,0.020833333333333332,0.42491501699660067,False,0.0140625,0.013194444444444444,-0.1375,-0.010611111111111111,0.8,,,,
thinking_arm,pooled across all models,non_terminating,components,,False,not_applicable,thinking_arm/pooled across all models/not_applicable,720,720,0.0,95.0,,,False,0.07361111111111111,-0.05,0.008333333333333333,-0.015277777777777777,-0.03194444444444444,0.0,0.09218156368726255,False,0.0125,0.012527777777777778,-0.14375000000000002,-0.01175,0.8,,,,
thinking_arm,pooled across all models,non_terminating,degree,,False,not_applicable,thinking_arm/pooled across all models/not_applicable,720,720,0.0,94.0,,,False,0.07361111111111111,-0.03333333333333333,0.0,-0.016666666666666666,-0.03333333333333333,0.0,0.0651869626074785,False,0.0125,0.010805555555555556,-0.15000000000000002,-0.011888888888888888,0.8,,,,
thinking_arm,pooled across all models,non_terminating,filler,,False,not_applicable,thinking_arm/pooled across all models/not_applicable,720,720,0.0,84.0,,,False,0.07361111111111111,-0.075,0.0,-0.030555555555555555,-0.04722222222222222,-0.015277777777777777,0.0001999600079984003,True,,,,,,,,,
thinking_arm,pooled across all models,non_terminating,rwse,,False,not_applicable,thinking_arm/pooled across all models/not_applicable,720,720,0.0,98.0,,,False,0.07361111111111111,-0.025,0.016666666666666666,-0.011111111111111112,-0.02638888888888889,0.005555555555555556,0.24495100979804038,False,0.010937500000000001,0.010777777777777778,-0.14375000000000002,-0.010888888888888889,0.8,,,,
thinking_arm,pooled across all models,non_terminating,all,,True,not_applicable,thinking_arm/pooled across all models/not_applicable/derived,720,720,0.0,92.0,,,False,0.07361111111111111,-0.1,0.016666666666666666,-0.019444444444444445,-0.0375,-0.001388888888888889,0.05038992201559688,False,0.0125,0.0115,-0.1375,-0.010638888888888889,0.8,,,,
main_sweep,gemma4-12b,mae,clustering,,False,excluded,mae/gemma4-12b/node_count,30,30,,,,,,,,,,-0.0,-0.0,1.0,False,,,,,,False,node_count,0.0,-0.0
main_sweep,gemma4-12b,mae,components,,False,excluded,mae/gemma4-12b/node_count,30,30,,,,,,,,,,-0.0,-0.0,1.0,False,,,,,,False,node_count,0.0,-0.0
main_sweep,gemma4-12b,mae,degree,,False,excluded,mae/gemma4-12b/node_count,30,30,,,,,,,,,,-0.0,-0.0,1.0,False,,,,,,False,node_count,0.0,-0.0
main_sweep,gemma4-12b,mae,filler,,False,excluded,mae/gemma4-12b/node_count,30,30,,,,,,,,,,-0.0,-0.0,1.0,False,,,,,,False,node_count,0.0,-0.0
main_sweep,gemma4-12b,mae,rwse,,False,excluded,mae/gemma4-12b/node_count,30,30,,,,,,,,,,-0.0,-0.0,1.0,False,,,,,,False,node_count,0.0,-0.0
main_sweep,gemma4-12b,mae,all,,True,excluded,mae/gemma4-12b/node_count/derived,30,30,,,,,,,,,,-0.0,-0.0,1.0,False,,,,,,,node_count,0.0,-0.0
main_sweep,gemma4-12b,mae,clustering,,False,excluded,mae/gemma4-12b/edge_count,30,30,,,,,,,,,,-0.5666666666666667,0.43333333333333335,1.0,False,,,,,,False,edge_count,1.0,-0.06666666666666667
main_sweep,gemma4-12b,mae,components,,False,excluded,mae/gemma4-12b/edge_count,30,30,,,,,,,,,,-0.6666666666666666,-0.0,0.2383523295340932,False,,,,,,False,edge_count,0.0,-0.26666666666666666
main_sweep,gemma4-12b,mae,degree,,False,excluded,mae/gemma4-12b/edge_count,30,30,,,,,,,,,,-0.0,1.3333333333333333,0.498500299940012,False,,,,,,False,edge_count,0.0,0.5
main_sweep,gemma4-12b,mae,filler,,False,excluded,mae/gemma4-12b/edge_count,30,30,,,,,,,,,,-0.6666666666666666,-0.0,0.2503499300139972,False,,,,,,False,edge_count,1.0,-0.26666666666666666
main_sweep,gemma4-12b,mae,rwse,,False,excluded,mae/gemma4-12b/edge_count,30,30,,,,,,,,,,-0.5666666666666667,0.43333333333333335,1.0,False,,,,,,False,edge_count,1.0,-0.06666666666666667
main_sweep,gemma4-12b,mae,all,,True,excluded,mae/gemma4-12b/edge_count/derived,30,30,,,,,,,,,,-0.43333333333333335,1.1666666666666667,0.7484503099380124,False,,,,,,,edge_count,0.0,0.3
main_sweep,gemma4-12b,mae,clustering,,False,excluded,mae/gemma4-12b/node_degree,30,30,,,,,,,,,,-0.0,-0.0,1.0,False,,,,,,False,node_degree,0.0,-0.0
main_sweep,gemma4-12b,mae,components,,False,excluded,mae/gemma4-12b/node_degree,30,30,,,,,,,,,,-0.0,-0.0,1.0,False,,,,,,False,node_degree,0.0,-0.0
main_sweep,gemma4-12b,mae,degree,,False,excluded,mae/gemma4-12b/node_degree,30,30,,,,,,,,,,-0.0,-0.0,1.0,False,,,,,,False,node_degree,0.0,-0.0
main_sweep,gemma4-12b,mae,filler,,False,excluded,mae/gemma4-12b/node_degree,30,30,,,,,,,,,,-0.0,-0.0,1.0,False,,,,,,False,node_degree,0.0,-0.0
main_sweep,gemma4-12b,mae,rwse,,False,excluded,mae/gemma4-12b/node_degree,30,30,,,,,,,,,,-0.0,-0.0,1.0,False,,,,,,False,node_degree,0.0,-0.0
main_sweep,gemma4-12b,mae,all,,True,excluded,mae/gemma4-12b/node_degree/derived,30,30,,,,,,,,,,-0.0,-0.0,1.0,False,,,,,,,node_degree,0.0,-0.0
main_sweep,gemma4-e4b,mae,clustering,,False,excluded,mae/gemma4-e4b/node_count,30,30,,,,,,,,,,-0.0,-0.0,1.0,False,,,,,,False,node_count,0.0,-0.0
main_sweep,gemma4-e4b,mae,components,,False,excluded,mae/gemma4-e4b/node_count,30,30,,,,,,,,,,-2.7666666666666666,-0.03333333333333333,0.11997600479904019,False,,,,,,False,node_count,0.0,-1.2666666666666666
main_sweep,gemma4-e4b,mae,degree,,False,excluded,mae/gemma4-e4b/node_count,30,30,,,,,,,,,,-0.0,-0.0,1.0,False,,,,,,False,node_count,0.0,-0.0
main_sweep,gemma4-e4b,mae,filler,,False,excluded,mae/gemma4-e4b/node_count,30,30,,,,,,,,,,-0.0,-0.0,1.0,False,,,,,,False,node_count,0.0,-0.0
main_sweep,gemma4-e4b,mae,rwse,,False,excluded,mae/gemma4-e4b/node_count,30,30,,,,,,,,,,-0.0,-0.0,1.0,False,,,,,,False,node_count,0.0,-0.0
main_sweep,gemma4-e4b,mae,all,,True,excluded,mae/gemma4-e4b/node_count/derived,30,30,,,,,,,,,,-0.0,-0.0,1.0,False,,,,,,,node_count,0.0,-0.0
main_sweep,gemma4-e4b,mae,clustering,,False,excluded,mae/gemma4-e4b/edge_count,30,30,,,,,,,,,,-2.1,1.1666666666666667,0.9462107578484303,False,,,,,,False,edge_count,7.0,-0.2
main_sweep,gemma4-e4b,mae,components,,False,excluded,mae/gemma4-e4b/edge_count,30,30,,,,,,,,,,-2.8666666666666667,0.5,0.5122975404919016,False,,,,,,False,edge_count,9.0,-0.8666666666666667
main_sweep,gemma4-e4b,mae,degree,,False,excluded,mae/gemma4-e4b/edge_count,30,30,,,,,,,,,,-0.3,1.5,0.29054189162167565,False,,,,,,False,edge_count,6.0,0.6
main_sweep,gemma4-e4b,mae,filler,,False,excluded,mae/gemma4-e4b/edge_count,30,30,,,,,,,,,,-0.9333333333333333,0.9333333333333333,1.0,False,,,,,,False,edge_count,9.0,0.03333333333333333
main_sweep,gemma4-e4b,mae,rwse,,False,excluded,mae/gemma4-e4b/edge_count,30,30,,,,,,,,,,-1.1666666666666667,0.2,0.3729254149170166,False,,,,,,False,edge_count,12.0,-0.4666666666666667
main_sweep,gemma4-e4b,mae,all,,True,excluded,mae/gemma4-e4b/edge_count/derived,30,30,,,,,,,,,,-4.066666666666666,0.7333333333333333,0.43331333733253347,False,,,,,,,edge_count,9.0,-1.2666666666666666
main_sweep,gemma4-e4b,mae,clustering,,False,excluded,mae/gemma4-e4b/node_degree,30,30,,,,,,,,,,-0.0,-0.0,1.0,False,,,,,,False,node_degree,0.0,-0.0
main_sweep,gemma4-e4b,mae,components,,False,excluded,mae/gemma4-e4b/node_degree,30,30,,,,,,,,,,-1.4,-0.0,0.5040991801639672,False,,,,,,False,node_degree,0.0,-0.5
main_sweep,gemma4-e4b,mae,degree,,False,excluded,mae/gemma4-e4b/node_degree,30,30,,,,,,,,,,-1.2,-0.0,1.0,False,,,,,,False,node_degree,0.0,-0.4
main_sweep,gemma4-e4b,mae,filler,,False,excluded,mae/gemma4-e4b/node_degree,30,30,,,,,,,,,,-0.0,-0.0,1.0,False,,,,,,False,node_degree,0.0,-0.0
main_sweep,gemma4-e4b,mae,rwse,,False,excluded,mae/gemma4-e4b/node_degree,30,30,,,,,,,,,,-0.0,-0.0,1.0,False,,,,,,False,node_degree,0.0,-0.0
main_sweep,gemma4-e4b,mae,all,,True,excluded,mae/gemma4-e4b/node_degree/derived,30,30,,,,,,,,,,-0.0,-0.0,1.0,False,,,,,,,node_degree,0.0,-0.0
main_sweep,qwen3-14b,mae,clustering,,False,excluded,mae/qwen3-14b/node_count,30,30,,,,,,,,,,-0.0,0.6,1.0,False,,,,,,False,node_count,0.0,0.2
main_sweep,qwen3-14b,mae,components,,False,excluded,mae/qwen3-14b/node_count,30,30,,,,,,,,,,-0.4,0.6,1.0,False,,,,,,False,node_count,0.0,0.06666666666666667
main_sweep,qwen3-14b,mae,degree,,False,excluded,mae/qwen3-14b/node_count,30,30,,,,,,,,,,-0.0,0.6,1.0,False,,,,,,False,node_count,0.0,0.2
main_sweep,qwen3-14b,mae,filler,,False,excluded,mae/qwen3-14b/node_count,30,30,,,,,,,,,,-0.0,0.6,1.0,False,,,,,,False,node_count,0.0,0.2
main_sweep,qwen3-14b,mae,rwse,,False,excluded,mae/qwen3-14b/node_count,30,30,,,,,,,,,,-0.0,0.6,1.0,False,,,,,,False,node_count,0.0,0.2
main_sweep,qwen3-14b,mae,all,,True,excluded,mae/qwen3-14b/node_count/derived,30,30,,,,,,,,,,-0.1,0.6,1.0,False,,,,,,,node_count,0.0,0.16666666666666666
main_sweep,qwen3-14b,mae,clustering,,False,excluded,mae/qwen3-14b/edge_count,30,30,,,,,,,,,,0.36666666666666664,1.6,0.007798440311937612,True,,,,,,False,edge_count,0.0,0.9333333333333333
main_sweep,qwen3-14b,mae,components,,False,excluded,mae/qwen3-14b/edge_count,30,30,,,,,,,,,,-0.23333333333333334,0.9333333333333333,0.3083383323335333,False,,,,,,False,edge_count,0.0,0.3333333333333333
main_sweep,qwen3-14b,mae,degree,,False,excluded,mae/qwen3-14b/edge_count,30,30,,,,,,,,,,0.4,3.533333333333333,0.044191161767646474,False,,,,,,False,edge_count,0.0,1.8666666666666667
main_sweep,qwen3-14b,mae,filler,,False,excluded,mae/qwen3-14b/edge_count,30,30,,,,,,,,,,-7.833333333333333,0.36666666666666664,0.8076384723055389,False,,,,,,False,edge_count,0.0,-2.466666666666667
main_sweep,qwen3-14b,mae,rwse,,False,excluded,mae/qwen3-14b/edge_count,30,30,,,,,,,,,,-8.4,0.26666666666666666,0.3125374925014997,False,,,,,,False,edge_count,0.0,-2.8
main_sweep,qwen3-14b,mae,all,,True,excluded,mae/qwen3-14b/edge_count/derived,30,30,,,,,,,,,,-0.16666666666666666,0.8666666666666667,0.2903419316136773,False,,,,,,,edge_count,0.0,0.3333333333333333
main_sweep,qwen3-14b,mae,clustering,,False,excluded,mae/qwen3-14b/node_degree,30,30,,,,,,,,,,-0.0,-0.0,1.0,False,,,,,,False,node_degree,0.0,-0.0
main_sweep,qwen3-14b,mae,components,,False,excluded,mae/qwen3-14b/node_degree,30,30,,,,,,,,,,-0.0,-0.0,1.0,False,,,,,,False,node_degree,0.0,-0.0
main_sweep,qwen3-14b,mae,degree,,False,excluded,mae/qwen3-14b/node_degree,30,30,,,,,,,,,,-0.0,-0.0,1.0,False,,,,,,False,node_degree,0.0,-0.0
main_sweep,qwen3-14b,mae,filler,,False,excluded,mae/qwen3-14b/node_degree,30,30,,,,,,,,,,-0.0,-0.0,1.0,False,,,,,,False,node_degree,0.0,-0.0
main_sweep,qwen3-14b,mae,rwse,,False,excluded,mae/qwen3-14b/node_degree,30,30,,,,,,,,,,-0.0,-0.0,1.0,False,,,,,,False,node_degree,0.0,-0.0
main_sweep,qwen3-14b,mae,all,,True,excluded,mae/qwen3-14b/node_degree/derived,30,30,,,,,,,,,,-0.0,-0.0,1.0,False,,,,,,,node_degree,0.0,-0.0
main_sweep,qwen3-8b,mae,clustering,,False,excluded,mae/qwen3-8b/node_count,30,30,,,,,,,,,,-0.0,-0.0,1.0,False,,,,,,False,node_count,0.0,-0.0
main_sweep,qwen3-8b,mae,components,,False,excluded,mae/qwen3-8b/node_count,30,30,,,,,,,,,,-0.0,-0.0,1.0,False,,,,,,False,node_count,0.0,-0.0
main_sweep,qwen3-8b,mae,degree,,False,excluded,mae/qwen3-8b/node_count,30,30,,,,,,,,,,-0.0,-0.0,1.0,False,,,,,,False,node_count,0.0,-0.0
main_sweep,qwen3-8b,mae,filler,,False,excluded,mae/qwen3-8b/node_count,30,30,,,,,,,,,,-0.4,-0.1,0.01859628074385123,False,,,,,,False,node_count,0.0,-0.23333333333333334
main_sweep,qwen3-8b,mae,rwse,,False,excluded,mae/qwen3-8b/node_count,30,30,,,,,,,,,,-0.0,-0.0,1.0,False,,,,,,False,node_count,0.0,-0.0
main_sweep,qwen3-8b,mae,all,,True,excluded,mae/qwen3-8b/node_count/derived,30,30,,,,,,,,,,-0.0,-0.0,1.0,False,,,,,,,node_count,0.0,-0.0
main_sweep,qwen3-8b,mae,clustering,,False,excluded,mae/qwen3-8b/edge_count,30,30,,,,,,,,,,-0.06666666666666667,1.2666666666666666,0.19456108778244352,False,,,,,,False,edge_count,0.0,0.5
main_sweep,qwen3-8b,mae,components,,False,excluded,mae/qwen3-8b/edge_count,30,30,,,,,,,,,,-0.36666666666666664,1.0666666666666667,0.6220755848830234,False,,,,,,False,edge_count,0.0,0.26666666666666666
main_sweep,qwen3-8b,mae,degree,,False,excluded,mae/qwen3-8b/edge_count,30,30,,,,,,,,,,-4.066666666666666,2.1,0.9932013597280543,False,,,,,,False,edge_count,0.0,-0.26666666666666666
main_sweep,qwen3-8b,mae,filler,,False,excluded,mae/qwen3-8b/edge_count,30,30,,,,,,,,,,-7.733333333333333,0.5666666666666667,0.3405318936212757,False,,,,,,False,edge_count,0.0,-2.7333333333333334
main_sweep,qwen3-8b,mae,rwse,,False,excluded,mae/qwen3-8b/edge_count,30,30,,,,,,,,,,-19.4,-6.166666666666667,0.001999600079984003,True,,,,,,False,edge_count,1.0,-12.4
main_sweep,qwen3-8b,mae,all,,True,excluded,mae/qwen3-8b/edge_count/derived,30,30,,,,,,,,,,-0.4666666666666667,1.3333333333333333,0.39892021595680865,False,,,,,,,edge_count,1.0,0.43333333333333335
main_sweep,qwen3-8b,mae,clustering,,False,excluded,mae/qwen3-8b/node_degree,30,30,,,,,,,,,,-0.0,-0.0,1.0,False,,,,,,False,node_degree,0.0,-0.0
main_sweep,qwen3-8b,mae,components,,False,excluded,mae/qwen3-8b/node_degree,30,30,,,,,,,,,,-0.0,-0.0,1.0,False,,,,,,False,node_degree,0.0,-0.0
main_sweep,qwen3-8b,mae,degree,,False,excluded,mae/qwen3-8b/node_degree,30,30,,,,,,,,,,-0.0,-0.0,1.0,False,,,,,,False,node_degree,0.0,-0.0
main_sweep,qwen3-8b,mae,filler,,False,excluded,mae/qwen3-8b/node_degree,30,30,,,,,,,,,,-0.0,-0.0,1.0,False,,,,,,False,node_degree,0.0,-0.0
main_sweep,qwen3-8b,mae,rwse,,False,excluded,mae/qwen3-8b/node_degree,30,30,,,,,,,,,,-0.0,-0.0,1.0,False,,,,,,False,node_degree,0.0,-0.0
main_sweep,qwen3-8b,mae,all,,True,excluded,mae/qwen3-8b/node_degree/derived,30,30,,,,,,,,,,-0.0,-0.0,1.0,False,,,,,,,node_degree,0.0,-0.0
