arm,task,density,condition,n,n_uncapped,hit_cap_rate,median_tokens,p90_tokens,median_node_mentions,uses_degree_sum,narrates_neighbors,enumerates_nodes,acc,parsed_rate
qwen3-1.7b,node_count,0.1,none,100,100,0.0,399.0,402.0,0.0,0.0,0.0,0.0,0.02,1.0
qwen3-1.7b,node_count,0.1,filler,100,100,0.0,288.5,395.0,0.0,0.0,0.0,0.17,0.16,1.0
qwen3-1.7b,node_count,0.1,degree,100,100,0.0,401.0,401.0,0.0,0.0,0.0,0.0,0.03,1.0
qwen3-1.7b,node_count,0.1,clustering,100,100,0.0,197.0,392.0,0.0,0.0,0.0,0.0,0.95,1.0
qwen3-1.7b,node_count,0.1,rwse,100,100,0.0,390.0,394.0,0.0,0.0,0.0,0.0,0.32,1.0
qwen3-1.7b,node_count,0.1,components,100,100,0.0,400.0,400.0,0.0,0.0,0.0,0.0,0.19,1.0
qwen3-1.7b,node_count,0.1,all,100,100,0.0,196.0,448.70000000000005,0.0,0.0,0.0,0.0,0.7,1.0
qwen3-1.7b,node_count,0.2,none,100,100,0.0,396.0,401.0,0.0,0.0,0.0,0.0,0.0,1.0
qwen3-1.7b,node_count,0.2,filler,100,100,0.0,207.0,209.0,0.0,0.0,0.0,0.01,0.7,1.0
qwen3-1.7b,node_count,0.2,degree,100,100,0.0,397.0,399.1,0.0,0.0,0.0,0.0,0.05,1.0
qwen3-1.7b,node_count,0.2,clustering,100,100,0.0,199.5,202.0,0.0,0.0,0.0,0.0,1.0,1.0
qwen3-1.7b,node_count,0.2,rwse,100,100,0.0,201.0,205.0,0.0,0.0,0.0,0.0,0.17,1.0
qwen3-1.7b,node_count,0.2,components,100,100,0.0,202.0,205.0,0.0,0.0,0.0,0.0,0.41,1.0
qwen3-1.7b,node_count,0.2,all,100,100,0.0,196.0,201.0,0.0,0.0,0.0,0.0,0.52,1.0
qwen3-1.7b,node_count,0.35,none,100,100,0.0,222.0,396.0,0.0,0.0,0.0,0.0,0.28,1.0
qwen3-1.7b,node_count,0.35,filler,100,100,0.0,78.0,203.0,0.0,0.0,0.0,0.0,0.99,1.0
qwen3-1.7b,node_count,0.35,degree,100,100,0.0,227.0,402.0,0.0,0.0,0.0,0.02,0.45,1.0
qwen3-1.7b,node_count,0.35,clustering,100,100,0.0,197.5,202.0,0.0,0.0,0.0,0.0,1.0,1.0
qwen3-1.7b,node_count,0.35,rwse,100,100,0.0,201.0,392.0,0.0,0.0,0.0,0.0,0.55,1.0
qwen3-1.7b,node_count,0.35,components,100,100,0.0,199.0,217.0,0.0,0.0,0.0,0.0,0.7,1.0
qwen3-1.7b,node_count,0.35,all,100,100,0.0,83.0,198.0,0.0,0.0,0.0,0.02,0.94,1.0
qwen3-1.7b,node_count,0.5,none,100,100,0.0,77.0,82.0,0.0,0.0,0.0,0.0,0.96,1.0
qwen3-1.7b,node_count,0.5,filler,100,100,0.0,78.0,78.0,0.0,0.0,0.0,0.0,1.0,1.0
qwen3-1.7b,node_count,0.5,degree,100,100,0.0,77.0,78.0,0.0,0.0,0.0,0.0,1.0,1.0
qwen3-1.7b,node_count,0.5,clustering,100,100,0.0,84.0,94.70000000000014,4.0,0.0,0.0,0.0,1.0,1.0
qwen3-1.7b,node_count,0.5,rwse,100,100,0.0,201.0,207.0,0.0,0.0,0.0,0.0,0.3,1.0
qwen3-1.7b,node_count,0.5,components,100,100,0.0,77.0,220.0,0.0,0.0,0.0,0.0,0.81,1.0
qwen3-1.7b,node_count,0.5,all,100,100,0.0,86.0,244.40000000000003,4.0,0.0,0.0,0.0,0.98,1.0
qwen3-1.7b,cycle_check,0.1,none,100,83,0.17,461.0,1268.6,2.0,0.0,0.03,0.16,0.83,0.86
qwen3-1.7b,cycle_check,0.1,filler,100,95,0.05,943.0,1364.2,39.0,0.0,0.03,0.54,0.95,0.96
qwen3-1.7b,cycle_check,0.1,degree,100,89,0.11,1057.0,1768.4,6.0,0.42,0.0,0.36,0.88,0.92
qwen3-1.7b,cycle_check,0.1,clustering,100,98,0.02,542.5,1355.3,12.5,0.0,0.0,0.47,0.98,0.98
qwen3-1.7b,cycle_check,0.1,rwse,100,93,0.07,381.0,1616.6,9.0,0.0,0.0,0.35,0.93,0.98
qwen3-1.7b,cycle_check,0.1,components,100,90,0.1,655.5,1526.6000000000004,6.5,0.0,0.06,0.35,0.91,0.95
qwen3-1.7b,cycle_check,0.1,all,100,97,0.03,689.0,1940.000000000001,21.0,0.0,0.0,0.51,0.95,0.98
qwen3-1.7b,cycle_check,0.2,none,100,91,0.09,364.0,802.0,2.0,0.0,0.05,0.1,0.92,0.94
qwen3-1.7b,cycle_check,0.2,filler,100,90,0.1,410.5,1545.6000000000015,2.0,0.0,0.09,0.18,0.9,0.91
qwen3-1.7b,cycle_check,0.2,degree,100,91,0.09,1339.0,2545.0,40.0,0.58,0.0,0.65,0.78,0.95
qwen3-1.7b,cycle_check,0.2,clustering,100,99,0.01,392.0,641.4000000000001,5.0,0.0,0.0,0.18,0.99,0.99
qwen3-1.7b,cycle_check,0.2,rwse,100,100,0.0,479.0,2125.1,19.5,0.0,0.02,0.5,0.94,1.0
qwen3-1.7b,cycle_check,0.2,components,100,91,0.09,316.0,717.0,1.0,0.0,0.16,0.05,0.92,0.95
qwen3-1.7b,cycle_check,0.2,all,100,100,0.0,468.5,1880.8000000000004,6.5,0.0,0.0,0.22,1.0,1.0
qwen3-1.7b,cycle_check,0.35,none,100,91,0.09,320.0,541.0,2.0,0.0,0.09,0.08,0.94,0.97
qwen3-1.7b,cycle_check,0.35,filler,100,91,0.09,186.0,459.0,4.0,0.0,0.0,0.0,0.92,0.98
qwen3-1.7b,cycle_check,0.35,degree,100,74,0.26,,,4.0,0.86,0.0,0.39,0.63,0.8
qwen3-1.7b,cycle_check,0.35,clustering,100,100,0.0,415.5,662.9000000000001,7.0,0.0,0.0,0.26,1.0,1.0
qwen3-1.7b,cycle_check,0.35,rwse,100,100,0.0,2636.5,3283.2000000000007,40.0,0.0,0.01,0.54,0.87,1.0
qwen3-1.7b,cycle_check,0.35,components,100,93,0.07,184.0,407.6,3.0,0.0,0.28,0.08,0.92,0.94
qwen3-1.7b,cycle_check,0.35,all,100,99,0.01,552.0,1455.4,16.0,0.0,0.0,0.46,0.98,0.99
qwen3-1.7b,cycle_check,0.5,none,100,99,0.01,291.0,389.6,3.0,0.0,0.0,0.0,1.0,1.0
qwen3-1.7b,cycle_check,0.5,filler,100,99,0.01,168.0,267.00000000000006,5.0,0.0,0.0,0.02,0.99,1.0
qwen3-1.7b,cycle_check,0.5,degree,100,77,0.23,,,40.0,0.72,0.03,0.57,0.64,0.81
qwen3-1.7b,cycle_check,0.5,clustering,100,100,0.0,388.0,883.7000000000003,13.0,0.0,0.0,0.34,1.0,1.0
qwen3-1.7b,cycle_check,0.5,rwse,100,100,0.0,437.0,3846.7000000000003,5.0,0.01,0.01,0.26,0.93,1.0
qwen3-1.7b,cycle_check,0.5,components,100,100,0.0,191.0,325.40000000000003,4.0,0.0,0.03,0.06,1.0,1.0
qwen3-1.7b,cycle_check,0.5,all,100,100,0.0,519.0,921.9000000000017,54.0,0.0,0.0,0.74,0.99,1.0
qwen3-1.7b,edge_existence,0.1,none,100,100,0.0,180.5,248.20000000000002,10.0,0.0,0.0,0.01,0.89,1.0
qwen3-1.7b,edge_existence,0.1,filler,100,100,0.0,150.5,218.40000000000003,10.0,0.0,0.0,0.03,0.84,1.0
qwen3-1.7b,edge_existence,0.1,degree,100,100,0.0,160.5,229.9000000000001,10.0,0.0,0.01,0.0,0.83,1.0
qwen3-1.7b,edge_existence,0.1,clustering,100,100,0.0,200.0,263.3000000000001,12.0,0.0,0.0,0.1,0.84,1.0
qwen3-1.7b,edge_existence,0.1,rwse,100,99,0.01,218.0,281.0,12.0,0.0,0.0,0.08,0.91,0.99
qwen3-1.7b,edge_existence,0.1,components,100,100,0.0,162.5,227.20000000000002,10.0,0.0,0.0,0.03,0.86,1.0
qwen3-1.7b,edge_existence,0.1,all,100,100,0.0,232.0,291.40000000000003,12.0,0.0,0.0,0.14,0.89,1.0
qwen3-1.7b,edge_existence,0.2,none,100,100,0.0,215.5,276.20000000000005,10.0,0.0,0.0,0.03,0.73,1.0
qwen3-1.7b,edge_existence,0.2,filler,100,100,0.0,169.0,223.10000000000002,8.0,0.0,0.0,0.05,0.53,1.0
qwen3-1.7b,edge_existence,0.2,degree,100,100,0.0,210.5,306.0,10.0,0.0,0.0,0.06,0.7,1.0
qwen3-1.7b,edge_existence,0.2,clustering,100,100,0.0,241.5,302.70000000000005,12.0,0.0,0.0,0.06,0.74,1.0
qwen3-1.7b,edge_existence,0.2,rwse,100,100,0.0,276.0,344.40000000000003,12.0,0.0,0.0,0.04,0.68,1.0
qwen3-1.7b,edge_existence,0.2,components,100,100,0.0,191.5,285.0,9.0,0.0,0.0,0.0,0.62,1.0
qwen3-1.7b,edge_existence,0.2,all,100,100,0.0,292.5,386.50000000000006,12.5,0.0,0.0,0.08,0.81,1.0
qwen3-1.7b,edge_existence,0.35,none,100,100,0.0,237.5,300.0,9.0,0.0,0.0,0.02,0.66,1.0
qwen3-1.7b,edge_existence,0.35,filler,100,100,0.0,175.5,229.40000000000003,6.0,0.0,0.0,0.01,0.34,1.0
qwen3-1.7b,edge_existence,0.35,degree,100,100,0.0,271.5,341.5000000000001,10.0,0.01,0.0,0.01,0.67,1.0
qwen3-1.7b,edge_existence,0.35,clustering,100,100,0.0,275.0,379.40000000000003,10.0,0.0,0.0,0.03,0.72,1.0
qwen3-1.7b,edge_existence,0.35,rwse,100,100,0.0,305.5,408.90000000000015,12.0,0.0,0.0,0.08,0.76,1.0
qwen3-1.7b,edge_existence,0.35,components,100,100,0.0,207.0,341.0000000000001,8.0,0.0,0.0,0.0,0.5,1.0
qwen3-1.7b,edge_existence,0.35,all,100,100,0.0,363.0,448.20000000000005,14.0,0.0,0.0,0.08,0.78,1.0
qwen3-1.7b,edge_existence,0.5,none,100,100,0.0,206.5,272.1,6.0,0.0,0.0,0.0,0.54,1.0
qwen3-1.7b,edge_existence,0.5,filler,100,100,0.0,171.0,244.20000000000002,6.0,0.0,0.0,0.0,0.48,1.0
qwen3-1.7b,edge_existence,0.5,degree,100,100,0.0,293.5,404.3,10.0,0.01,0.0,0.0,0.78,1.0
qwen3-1.7b,edge_existence,0.5,clustering,100,100,0.0,268.5,349.0,10.0,0.0,0.0,0.01,0.67,1.0
qwen3-1.7b,edge_existence,0.5,rwse,100,100,0.0,287.5,385.70000000000033,12.0,0.0,0.0,0.05,0.67,1.0
qwen3-1.7b,edge_existence,0.5,components,100,100,0.0,220.5,274.0,6.0,0.0,0.0,0.02,0.51,1.0
qwen3-1.7b,edge_existence,0.5,all,100,100,0.0,352.5,521.3000000000001,14.0,0.0,0.0,0.1,0.8,1.0
qwen3-1.7b,edge_existence,0.65,none,100,100,0.0,50.5,287.3,4.0,0.0,0.0,0.01,0.68,1.0
qwen3-1.7b,edge_existence,0.65,filler,100,100,0.0,167.0,273.1,6.0,0.0,0.01,0.0,0.66,1.0
qwen3-1.7b,edge_existence,0.65,degree,100,100,0.0,265.0,366.6,8.0,0.02,0.0,0.0,0.71,1.0
qwen3-1.7b,edge_existence,0.65,clustering,100,100,0.0,259.0,324.0,8.0,0.0,0.0,0.0,0.67,1.0
qwen3-1.7b,edge_existence,0.65,rwse,100,100,0.0,304.0,350.50000000000006,10.0,0.0,0.0,0.01,0.7,1.0
qwen3-1.7b,edge_existence,0.65,components,100,100,0.0,157.0,284.3,5.0,0.0,0.0,0.01,0.66,1.0
qwen3-1.7b,edge_existence,0.65,all,100,100,0.0,372.0,421.40000000000003,12.0,0.0,0.0,0.04,0.76,1.0
qwen3-1.7b,edge_existence,0.75,none,100,100,0.0,47.5,318.1,4.0,0.0,0.0,0.0,0.77,1.0
qwen3-1.7b,edge_existence,0.75,filler,100,100,0.0,65.5,273.9000000000001,5.0,0.0,0.0,0.01,0.76,1.0
qwen3-1.7b,edge_existence,0.75,degree,100,96,0.04,358.0,437.5,10.0,0.05,0.0,0.02,0.78,0.96
qwen3-1.7b,edge_existence,0.75,clustering,100,100,0.0,319.0,378.9000000000001,8.0,0.0,0.0,0.0,0.82,1.0
qwen3-1.7b,edge_existence,0.75,rwse,100,100,0.0,320.0,367.0,9.5,0.0,0.0,0.0,0.77,1.0
qwen3-1.7b,edge_existence,0.75,components,100,100,0.0,54.0,303.70000000000005,4.0,0.0,0.0,0.0,0.77,1.0
qwen3-1.7b,edge_existence,0.75,all,100,100,0.0,376.0,421.0,12.0,0.0,0.0,0.06,0.86,1.0
qwen3-1.7b,edge_existence,0.85,none,100,100,0.0,120.0,343.2000000000001,5.0,0.0,0.0,0.0,0.86,1.0
qwen3-1.7b,edge_existence,0.85,filler,100,100,0.0,41.0,302.80000000000007,4.0,0.0,0.04,0.0,0.85,1.0
qwen3-1.7b,edge_existence,0.85,degree,100,100,0.0,349.5,430.20000000000005,9.0,0.0,0.0,0.02,0.88,1.0
qwen3-1.7b,edge_existence,0.85,clustering,100,100,0.0,314.5,385.1,8.0,0.0,0.0,0.0,0.86,1.0
qwen3-1.7b,edge_existence,0.85,rwse,100,100,0.0,378.0,415.1,10.5,0.0,0.0,0.0,0.87,1.0
qwen3-1.7b,edge_existence,0.85,components,100,100,0.0,47.0,344.0000000000001,4.0,0.0,0.0,0.0,0.85,1.0
qwen3-1.7b,edge_existence,0.85,all,100,100,0.0,404.5,452.20000000000005,11.0,0.0,0.0,0.01,0.89,1.0
qwen3-1.7b,node_degree,0.1,none,100,100,0.0,77.0,91.0,3.0,0.0,0.0,0.0,0.91,1.0
qwen3-1.7b,node_degree,0.1,filler,100,100,0.0,76.0,95.10000000000001,3.0,0.0,0.0,0.0,0.96,1.0
qwen3-1.7b,node_degree,0.1,degree,100,100,0.0,88.0,104.0,4.0,0.0,0.0,0.0,0.94,1.0
qwen3-1.7b,node_degree,0.1,clustering,100,100,0.0,78.0,95.0,3.0,0.0,0.0,0.0,0.93,1.0
qwen3-1.7b,node_degree,0.1,rwse,100,100,0.0,82.0,107.20000000000002,3.0,0.0,0.0,0.0,0.94,1.0
qwen3-1.7b,node_degree,0.1,components,100,100,0.0,77.0,92.0,3.0,0.0,0.0,0.0,0.92,1.0
qwen3-1.7b,node_degree,0.1,all,100,100,0.0,79.0,94.80000000000007,3.0,0.0,0.0,0.0,0.97,1.0
qwen3-1.7b,node_degree,0.2,none,100,100,0.0,90.5,131.0,3.0,0.0,0.0,0.0,0.8,1.0
qwen3-1.7b,node_degree,0.2,filler,100,100,0.0,90.0,124.20000000000002,3.0,0.0,0.0,0.0,0.73,1.0
qwen3-1.7b,node_degree,0.2,degree,100,100,0.0,98.0,140.20000000000002,3.0,0.0,0.0,0.0,0.9,1.0
qwen3-1.7b,node_degree,0.2,clustering,100,100,0.0,91.5,117.80000000000007,3.0,0.0,0.0,0.0,0.82,1.0
qwen3-1.7b,node_degree,0.2,rwse,100,100,0.0,111.5,145.70000000000005,3.0,0.0,0.0,0.01,0.84,1.0
qwen3-1.7b,node_degree,0.2,components,100,100,0.0,90.5,123.20000000000002,3.0,0.0,0.0,0.0,0.82,1.0
qwen3-1.7b,node_degree,0.2,all,100,100,0.0,93.0,166.0,3.0,0.0,0.0,0.0,0.9,1.0
qwen3-1.7b,node_degree,0.35,none,100,100,0.0,132.5,224.40000000000003,3.0,0.0,0.0,0.0,0.41,1.0
qwen3-1.7b,node_degree,0.35,filler,100,100,0.0,122.5,204.70000000000005,3.0,0.0,0.0,0.01,0.41,1.0
qwen3-1.7b,node_degree,0.35,degree,100,100,0.0,176.5,224.40000000000003,3.0,0.0,0.0,0.0,0.59,1.0
qwen3-1.7b,node_degree,0.35,clustering,100,100,0.0,175.0,231.10000000000002,3.0,0.0,0.0,0.0,0.47,1.0
qwen3-1.7b,node_degree,0.35,rwse,100,99,0.01,148.0,238.2,3.0,0.0,0.0,0.01,0.47,1.0
qwen3-1.7b,node_degree,0.35,components,100,100,0.0,131.0,246.50000000000006,3.0,0.0,0.0,0.0,0.44,1.0
qwen3-1.7b,node_degree,0.35,all,100,100,0.0,172.5,227.50000000000006,3.0,0.0,0.0,0.0,0.58,1.0
qwen3-1.7b,node_degree,0.5,none,100,100,0.0,226.5,308.1,3.0,0.0,0.0,0.0,0.3,1.0
qwen3-1.7b,node_degree,0.5,filler,100,100,0.0,183.5,281.50000000000006,3.0,0.0,0.0,0.0,0.3,1.0
qwen3-1.7b,node_degree,0.5,degree,100,100,0.0,229.5,297.1,3.0,0.0,0.0,0.03,0.29,1.0
qwen3-1.7b,node_degree,0.5,clustering,100,100,0.0,236.0,292.3,3.0,0.0,0.0,0.0,0.32,1.0
qwen3-1.7b,node_degree,0.5,rwse,100,100,0.0,245.5,306.70000000000005,3.0,0.0,0.0,0.01,0.33,1.0
qwen3-1.7b,node_degree,0.5,components,100,100,0.0,231.5,307.3,3.0,0.0,0.0,0.01,0.31,1.0
qwen3-1.7b,node_degree,0.5,all,100,100,0.0,203.5,263.0,3.0,0.0,0.01,0.0,0.38,1.0
qwen3-1.7b,node_degree,0.65,none,100,99,0.01,287.0,361.4,3.0,0.0,0.0,0.01,0.08,1.0
qwen3-1.7b,node_degree,0.65,filler,100,100,0.0,258.0,419.6,4.0,0.0,0.0,0.0,0.07,1.0
qwen3-1.7b,node_degree,0.65,degree,100,100,0.0,246.0,322.20000000000005,3.0,0.0,0.0,0.0,0.08,1.0
qwen3-1.7b,node_degree,0.65,clustering,100,100,0.0,284.5,333.1,3.0,0.0,0.0,0.0,0.07,1.0
qwen3-1.7b,node_degree,0.65,rwse,100,100,0.0,324.0,480.3000000000001,4.0,0.0,0.0,0.18,0.07,1.0
qwen3-1.7b,node_degree,0.65,components,100,100,0.0,279.5,383.3000000000003,3.0,0.0,0.0,0.01,0.14,1.0
qwen3-1.7b,node_degree,0.65,all,100,100,0.0,176.0,250.60000000000005,2.0,0.0,0.0,0.01,0.15,1.0
qwen3-1.7b,node_degree,0.75,none,100,100,0.0,280.5,371.3,3.0,0.0,0.0,0.0,0.16,1.0
qwen3-1.7b,node_degree,0.75,filler,100,100,0.0,277.0,436.7000000000002,4.0,0.0,0.0,0.0,0.03,1.0
qwen3-1.7b,node_degree,0.75,degree,100,100,0.0,267.0,333.8000000000002,3.0,0.0,0.0,0.0,0.15,1.0
qwen3-1.7b,node_degree,0.75,clustering,100,100,0.0,297.0,360.50000000000006,3.0,0.0,0.0,0.0,0.11,1.0
qwen3-1.7b,node_degree,0.75,rwse,100,100,0.0,328.5,481.0,4.0,0.0,0.0,0.18,0.05,1.0
qwen3-1.7b,node_degree,0.75,components,100,100,0.0,281.0,425.0,3.0,0.0,0.0,0.0,0.12,1.0
qwen3-1.7b,node_degree,0.75,all,100,100,0.0,228.0,295.3,3.0,0.0,0.0,0.0,0.17,1.0
qwen3-1.7b,node_degree,0.85,none,100,100,0.0,267.5,369.3,3.0,0.0,0.0,0.04,0.05,1.0
qwen3-1.7b,node_degree,0.85,filler,100,100,0.0,290.0,322.1,3.0,0.0,0.0,0.0,0.03,1.0
qwen3-1.7b,node_degree,0.85,degree,100,100,0.0,245.5,298.0,3.0,0.0,0.0,0.01,0.07,1.0
qwen3-1.7b,node_degree,0.85,clustering,100,100,0.0,232.5,350.6,3.0,0.0,0.0,0.01,0.01,1.0
qwen3-1.7b,node_degree,0.85,rwse,100,100,0.0,330.0,505.0,4.0,0.0,0.0,0.08,0.01,1.0
qwen3-1.7b,node_degree,0.85,components,100,100,0.0,236.5,372.1,3.0,0.0,0.0,0.02,0.04,1.0
qwen3-1.7b,node_degree,0.85,all,100,100,0.0,289.5,317.0,4.0,0.0,0.0,0.0,0.05,1.0
qwen3-1.7b,connected_nodes,0.1,none,100,100,0.0,106.0,137.20000000000002,2.0,0.0,0.0,0.0,0.92,1.0
qwen3-1.7b,connected_nodes,0.1,filler,100,100,0.0,101.0,142.3,3.0,0.0,0.0,0.0,0.92,1.0
qwen3-1.7b,connected_nodes,0.1,degree,100,100,0.0,119.0,156.10000000000002,3.0,0.0,0.0,0.0,0.97,1.0
qwen3-1.7b,connected_nodes,0.1,clustering,100,100,0.0,99.5,126.20000000000002,3.0,0.0,0.0,0.0,0.9,1.0
qwen3-1.7b,connected_nodes,0.1,rwse,100,100,0.0,128.0,163.10000000000002,4.0,0.0,0.0,0.0,0.98,1.0
qwen3-1.7b,connected_nodes,0.1,components,100,100,0.0,110.5,141.3,3.0,0.0,0.0,0.0,0.92,1.0
qwen3-1.7b,connected_nodes,0.1,all,100,99,0.01,108.0,140.4,3.0,0.0,0.0,0.01,0.9,1.0
qwen3-1.7b,connected_nodes,0.2,none,100,100,0.0,143.5,181.10000000000002,2.0,0.0,0.0,0.0,0.91,1.0
qwen3-1.7b,connected_nodes,0.2,filler,100,100,0.0,142.5,193.70000000000005,1.0,0.0,0.0,0.0,0.86,1.0
qwen3-1.7b,connected_nodes,0.2,degree,100,100,0.0,156.0,195.10000000000002,3.0,0.0,0.0,0.0,0.92,1.0
qwen3-1.7b,connected_nodes,0.2,clustering,100,100,0.0,136.5,175.50000000000006,3.0,0.0,0.0,0.0,0.9,1.0
qwen3-1.7b,connected_nodes,0.2,rwse,100,100,0.0,156.5,200.3,3.0,0.0,0.0,0.0,0.86,1.0
qwen3-1.7b,connected_nodes,0.2,components,100,100,0.0,143.5,186.3,3.0,0.0,0.0,0.0,0.9,1.0
qwen3-1.7b,connected_nodes,0.2,all,100,100,0.0,146.5,190.3,3.0,0.0,0.0,0.0,0.84,1.0
qwen3-1.7b,connected_nodes,0.35,none,100,100,0.0,209.5,266.1,1.0,0.0,0.0,0.0,0.59,1.0
qwen3-1.7b,connected_nodes,0.35,filler,100,100,0.0,208.0,294.3000000000001,1.0,0.0,0.0,0.01,0.49,1.0
qwen3-1.7b,connected_nodes,0.35,degree,100,100,0.0,213.0,273.6,2.0,0.0,0.0,0.0,0.64,1.0
qwen3-1.7b,connected_nodes,0.35,clustering,100,100,0.0,200.5,266.9000000000001,3.0,0.0,0.0,0.0,0.63,1.0
qwen3-1.7b,connected_nodes,0.35,rwse,100,100,0.0,218.0,296.90000000000015,3.0,0.0,0.0,0.0,0.61,1.0
qwen3-1.7b,connected_nodes,0.35,components,100,100,0.0,208.0,268.0,2.0,0.0,0.0,0.0,0.64,1.0
qwen3-1.7b,connected_nodes,0.35,all,100,100,0.0,209.0,270.0,3.0,0.0,0.0,0.0,0.74,1.0
qwen3-1.7b,connected_nodes,0.5,none,100,100,0.0,290.0,376.6,1.0,0.0,0.0,0.0,0.48,1.0
qwen3-1.7b,connected_nodes,0.5,filler,100,100,0.0,290.0,420.80000000000007,3.0,0.0,0.0,0.04,0.38,1.0
qwen3-1.7b,connected_nodes,0.5,degree,100,100,0.0,284.5,362.0,2.0,0.0,0.0,0.0,0.51,1.0
qwen3-1.7b,connected_nodes,0.5,clustering,100,100,0.0,280.0,361.3,3.0,0.0,0.0,0.0,0.52,1.0
qwen3-1.7b,connected_nodes,0.5,rwse,100,100,0.0,298.0,390.3000000000001,3.0,0.0,0.0,0.0,0.49,1.0
qwen3-1.7b,connected_nodes,0.5,components,100,100,0.0,292.0,390.3,2.0,0.0,0.0,0.0,0.47,1.0
qwen3-1.7b,connected_nodes,0.5,all,100,100,0.0,286.5,390.1000000000001,3.0,0.0,0.0,0.0,0.5,1.0
qwen3-1.7b,edge_count,0.1,none,100,69,0.31,,,0.0,0.67,0.0,0.33,0.03,1.0
qwen3-1.7b,edge_count,0.1,filler,100,85,0.15,1437.0,1880.4,0.0,0.39,0.0,0.27,0.0,1.0
qwen3-1.7b,edge_count,0.1,degree,100,90,0.1,1188.5,2367.3,0.0,0.99,0.0,0.05,0.06,1.0
qwen3-1.7b,edge_count,0.1,clustering,100,90,0.1,1421.0,1884.1000000000001,40.0,0.02,0.0,0.95,0.0,1.0
qwen3-1.7b,edge_count,0.1,rwse,100,90,0.1,1544.0,1999.4,40.0,0.15,0.01,0.8,0.0,1.0
qwen3-1.7b,edge_count,0.1,components,100,80,0.2,1493.5,2044.3000000000006,40.0,0.43,0.0,0.64,0.0,1.0
qwen3-1.7b,edge_count,0.1,all,100,74,0.26,,,0.0,0.11,0.0,0.38,0.0,1.0
qwen3-1.7b,edge_count,0.2,none,100,91,0.09,1970.0,2496.0,40.0,0.46,0.0,0.8,0.02,1.0
qwen3-1.7b,edge_count,0.2,filler,100,91,0.09,1978.0,2377.0,40.0,0.29,0.0,0.61,0.03,1.0
qwen3-1.7b,edge_count,0.2,degree,100,94,0.06,759.0,2275.9000000000005,0.0,1.0,0.0,0.0,0.03,1.0
qwen3-1.7b,edge_count,0.2,clustering,100,97,0.03,1962.0,2209.8,40.0,0.18,0.0,0.8,0.03,1.0
qwen3-1.7b,edge_count,0.2,rwse,100,91,0.09,2107.0,2723.0,40.0,0.27,0.0,0.8,0.02,1.0
qwen3-1.7b,edge_count,0.2,components,100,80,0.2,1873.0,2659.9000000000005,40.0,0.53,0.0,0.52,0.01,1.0
qwen3-1.7b,edge_count,0.2,all,100,91,0.09,1369.0,2530.0,0.0,0.6,0.0,0.26,0.01,1.0
qwen3-1.7b,edge_count,0.35,none,100,50,0.5,,,40.0,0.47,0.0,0.8,0.0,1.0
qwen3-1.7b,edge_count,0.35,filler,100,60,0.4,,,40.0,0.45,0.0,0.96,0.0,1.0
qwen3-1.7b,edge_count,0.35,degree,100,98,0.02,805.0,833.8,0.0,1.0,0.0,0.0,0.01,1.0
qwen3-1.7b,edge_count,0.35,clustering,100,74,0.26,,,40.0,0.28,0.0,0.66,0.0,1.0
qwen3-1.7b,edge_count,0.35,rwse,100,79,0.21,,,40.0,0.38,0.0,0.97,0.0,1.0
qwen3-1.7b,edge_count,0.35,components,100,67,0.33,,,40.0,0.22,0.0,0.93,0.0,1.0
qwen3-1.7b,edge_count,0.35,all,100,67,0.33,,,40.0,0.36,0.0,0.69,0.04,1.0
qwen3-1.7b,edge_count,0.5,none,100,71,0.29,,,40.0,0.07,0.0,1.0,0.0,1.0
qwen3-1.7b,edge_count,0.5,filler,100,59,0.41,,,40.0,0.31,0.0,1.0,0.0,1.0
qwen3-1.7b,edge_count,0.5,degree,100,80,0.2,818.0,2561.2,0.0,1.0,0.0,0.0,0.07,1.0
qwen3-1.7b,edge_count,0.5,clustering,100,67,0.33,,,40.0,0.46,0.0,0.93,0.0,1.0
qwen3-1.7b,edge_count,0.5,rwse,100,68,0.32,,,40.0,0.29,0.01,0.94,0.0,1.0
qwen3-1.7b,edge_count,0.5,components,100,64,0.36,,,40.0,0.15,0.0,0.97,0.0,1.0
qwen3-1.7b,edge_count,0.5,all,100,56,0.44,,,40.0,0.4,0.0,0.85,0.03,1.0
qwen3-1.7b-think,node_count,0.1,none,100,98,0.02,1192.0,1663.1999999999998,0.0,0.0,0.32,0.06,0.99,1.0
qwen3-1.7b-think,node_count,0.1,filler,100,100,0.0,904.5,1536.8000000000004,7.0,0.0,0.26,0.26,1.0,1.0
qwen3-1.7b-think,node_count,0.1,degree,100,99,0.01,1431.0,2062.4,3.0,0.1,0.29,0.28,0.99,1.0
qwen3-1.7b-think,node_count,0.1,clustering,100,100,0.0,947.0,1266.8000000000002,1.0,0.0,0.12,0.04,1.0,1.0
qwen3-1.7b-think,node_count,0.1,rwse,100,100,0.0,1188.0,1686.2000000000012,1.0,0.0,0.18,0.12,1.0,1.0
qwen3-1.7b-think,node_count,0.1,components,100,96,0.04,1004.5,1417.0,0.0,0.0,0.24,0.02,0.98,1.0
qwen3-1.7b-think,node_count,0.1,all,100,100,0.0,966.0,1423.7,1.0,0.0,0.29,0.04,1.0,1.0
qwen3-1.7b-think,node_count,0.2,none,100,97,0.03,1205.0,1549.2000000000003,0.0,0.0,0.36,0.0,0.97,1.0
qwen3-1.7b-think,node_count,0.2,filler,100,100,0.0,948.0,1529.1000000000001,7.0,0.0,0.22,0.34,1.0,1.0
qwen3-1.7b-think,node_count,0.2,degree,100,99,0.01,1711.0,2949.2000000000003,4.0,0.35,0.34,0.42,0.99,1.0
qwen3-1.7b-think,node_count,0.2,clustering,100,100,0.0,943.5,1283.2,1.0,0.0,0.09,0.12,1.0,1.0
qwen3-1.7b-think,node_count,0.2,rwse,100,100,0.0,1219.5,1992.5000000000002,2.0,0.0,0.11,0.1,1.0,1.0
qwen3-1.7b-think,node_count,0.2,components,100,94,0.06,987.5,1568.2,0.0,0.0,0.21,0.04,0.97,1.0
qwen3-1.7b-think,node_count,0.2,all,100,100,0.0,1043.0,2194.1,1.0,0.0,0.24,0.08,1.0,1.0
qwen3-1.7b-think,node_count,0.35,none,100,83,0.17,1184.0,1614.6,0.0,0.0,0.24,0.0,0.84,1.0
qwen3-1.7b-think,node_count,0.35,filler,100,100,0.0,612.0,1156.7,6.0,0.0,0.25,0.08,1.0,1.0
qwen3-1.7b-think,node_count,0.35,degree,100,95,0.05,2160.0,4235.400000000001,40.0,0.57,0.4,0.6,0.97,1.0
qwen3-1.7b-think,node_count,0.35,clustering,100,100,0.0,909.0,1432.7000000000005,1.0,0.0,0.09,0.08,1.0,1.0
qwen3-1.7b-think,node_count,0.35,rwse,100,100,0.0,1201.0,1787.7000000000005,2.0,0.0,0.2,0.13,1.0,1.0
qwen3-1.7b-think,node_count,0.35,components,100,95,0.05,1224.0,1534.6,0.0,0.0,0.3,0.01,0.95,1.0
qwen3-1.7b-think,node_count,0.35,all,100,100,0.0,755.5,1037.9000000000005,3.0,0.0,0.24,0.0,1.0,1.0
qwen3-1.7b-think,node_count,0.5,none,100,91,0.09,1176.0,2790.0,0.0,0.0,0.18,0.01,0.89,1.0
qwen3-1.7b-think,node_count,0.5,filler,100,100,0.0,480.0,740.4000000000001,7.0,0.0,0.24,0.04,1.0,1.0
qwen3-1.7b-think,node_count,0.5,degree,100,96,0.04,1468.5,3117.0,4.0,0.44,0.31,0.38,0.99,1.0
qwen3-1.7b-think,node_count,0.5,clustering,100,100,0.0,932.0,1259.2000000000003,1.0,0.0,0.13,0.07,1.0,1.0
qwen3-1.7b-think,node_count,0.5,rwse,100,100,0.0,1017.0,1621.4,4.0,0.0,0.17,0.11,1.0,1.0
qwen3-1.7b-think,node_count,0.5,components,100,86,0.14,1028.5,1358.5,0.0,0.0,0.18,0.01,0.92,1.0
qwen3-1.7b-think,node_count,0.5,all,100,100,0.0,897.0,1222.9,2.0,0.0,0.26,0.03,1.0,1.0
qwen3-1.7b-think,cycle_check,0.1,none,100,99,0.01,2028.0,3638.0,21.0,0.0,0.04,0.55,1.0,1.0
qwen3-1.7b-think,cycle_check,0.1,filler,100,100,0.0,1699.0,3229.9,16.5,0.0,0.08,0.37,1.0,1.0
qwen3-1.7b-think,cycle_check,0.1,degree,100,88,0.12,4091.5,6315.2,95.5,0.42,0.21,0.95,0.95,1.0
qwen3-1.7b-think,cycle_check,0.1,clustering,100,99,0.01,2525.0,4148.200000000001,42.0,0.0,0.15,0.85,0.99,1.0
qwen3-1.7b-think,cycle_check,0.1,rwse,100,100,0.0,2321.0,3845.800000000001,34.0,0.0,0.08,0.74,1.0,1.0
qwen3-1.7b-think,cycle_check,0.1,components,100,86,0.14,3270.5,5101.5,52.0,0.0,0.14,0.74,0.97,0.99
qwen3-1.7b-think,cycle_check,0.1,all,100,95,0.05,2867.0,5300.600000000001,46.0,0.08,0.28,0.87,0.98,1.0
qwen3-1.7b-think,cycle_check,0.2,none,100,98,0.02,2250.5,4139.099999999999,16.5,0.01,0.05,0.37,0.99,1.0
qwen3-1.7b-think,cycle_check,0.2,filler,100,100,0.0,1573.0,2664.3,13.0,0.0,0.05,0.33,1.0,1.0
qwen3-1.7b-think,cycle_check,0.2,degree,100,73,0.27,,,96.0,0.82,0.26,0.95,0.81,1.0
qwen3-1.7b-think,cycle_check,0.2,clustering,100,100,0.0,2632.5,5106.800000000001,57.5,0.02,0.09,0.84,1.0,1.0
qwen3-1.7b-think,cycle_check,0.2,rwse,100,99,0.01,2425.0,4074.2,24.0,0.0,0.16,0.63,1.0,1.0
qwen3-1.7b-think,cycle_check,0.2,components,100,96,0.04,2047.0,4192.5,16.5,0.08,0.07,0.44,1.0,1.0
qwen3-1.7b-think,cycle_check,0.2,all,100,96,0.04,2550.0,4948.5,52.5,0.05,0.21,0.9,0.99,1.0
qwen3-1.7b-think,cycle_check,0.35,none,100,95,0.05,2895.0,5158.0,26.0,0.05,0.08,0.68,0.97,1.0
qwen3-1.7b-think,cycle_check,0.35,filler,100,100,0.0,2024.0,3841.1000000000004,23.5,0.02,0.11,0.62,1.0,1.0
qwen3-1.7b-think,cycle_check,0.35,degree,100,66,0.34,,,146.5,0.88,0.3,1.0,0.79,1.0
qwen3-1.7b-think,cycle_check,0.35,clustering,100,93,0.07,2606.0,5985.199999999999,76.0,0.05,0.16,0.94,0.98,0.99
qwen3-1.7b-think,cycle_check,0.35,rwse,100,100,0.0,2405.5,4243.2,42.0,0.02,0.13,0.83,1.0,1.0
qwen3-1.7b-think,cycle_check,0.35,components,100,87,0.13,1957.0,4157.600000000004,16.0,0.22,0.14,0.49,0.96,1.0
qwen3-1.7b-think,cycle_check,0.35,all,100,98,0.02,2460.5,4247.0,77.0,0.06,0.26,0.93,0.98,1.0
qwen3-1.7b-think,cycle_check,0.5,none,100,96,0.04,3093.5,5552.0,38.5,0.01,0.13,0.77,0.98,1.0
qwen3-1.7b-think,cycle_check,0.5,filler,100,100,0.0,1624.5,3636.500000000001,30.5,0.01,0.07,0.66,1.0,1.0
qwen3-1.7b-think,cycle_check,0.5,degree,100,76,0.24,,,146.0,0.79,0.29,0.99,0.88,0.99
qwen3-1.7b-think,cycle_check,0.5,clustering,100,94,0.06,1853.5,3643.4000000000005,61.0,0.04,0.21,0.93,0.98,1.0
qwen3-1.7b-think,cycle_check,0.5,rwse,100,98,0.02,1950.0,3470.7999999999997,53.5,0.05,0.33,0.91,0.99,1.0
qwen3-1.7b-think,cycle_check,0.5,components,100,89,0.11,2188.0,5445.4,34.0,0.3,0.18,0.73,0.97,1.0
qwen3-1.7b-think,cycle_check,0.5,all,100,96,0.04,2499.0,4698.5,79.5,0.14,0.3,0.99,0.98,1.0
qwen3-1.7b-think,edge_existence,0.1,none,100,99,0.01,684.0,1014.4000000000004,28.0,0.0,0.74,0.94,1.0,1.0
qwen3-1.7b-think,edge_existence,0.1,filler,100,100,0.0,616.5,920.6000000000018,27.0,0.0,0.64,0.93,0.97,1.0
qwen3-1.7b-think,edge_existence,0.1,degree,100,99,0.01,785.0,1103.8,34.0,0.04,0.38,1.0,0.97,1.0
qwen3-1.7b-think,edge_existence,0.1,clustering,100,99,0.01,667.0,1110.4,32.0,0.0,0.48,1.0,0.98,1.0
qwen3-1.7b-think,edge_existence,0.1,rwse,100,100,0.0,824.5,1764.3000000000002,39.5,0.0,0.25,1.0,1.0,1.0
qwen3-1.7b-think,edge_existence,0.1,components,100,99,0.01,736.0,2088.4,30.0,0.0,0.7,0.99,0.99,1.0
qwen3-1.7b-think,edge_existence,0.1,all,100,100,0.0,745.5,1053.5000000000002,35.0,0.0,0.58,0.99,0.96,1.0
qwen3-1.7b-think,edge_existence,0.2,none,100,100,0.0,877.5,1173.1,29.0,0.0,0.49,0.94,1.0,1.0
qwen3-1.7b-think,edge_existence,0.2,filler,100,100,0.0,728.0,1025.4,27.0,0.0,0.52,0.92,0.98,1.0
qwen3-1.7b-think,edge_existence,0.2,degree,100,100,0.0,930.0,1577.5000000000002,36.0,0.0,0.27,1.0,0.95,1.0
qwen3-1.7b-think,edge_existence,0.2,clustering,100,100,0.0,868.0,1274.9000000000003,33.5,0.0,0.47,0.99,0.98,1.0
qwen3-1.7b-think,edge_existence,0.2,rwse,100,100,0.0,1018.0,2417.9000000000015,39.0,0.0,0.27,1.0,0.95,1.0
qwen3-1.7b-think,edge_existence,0.2,components,100,100,0.0,924.0,1366.5,30.5,0.0,0.66,0.98,0.97,1.0
qwen3-1.7b-think,edge_existence,0.2,all,100,100,0.0,940.5,1433.1000000000001,38.0,0.0,0.51,1.0,0.96,1.0
qwen3-1.7b-think,edge_existence,0.35,none,100,100,0.0,1096.5,1482.6000000000001,31.0,0.0,0.64,1.0,0.97,1.0
qwen3-1.7b-think,edge_existence,0.35,filler,100,100,0.0,981.5,1411.1,31.5,0.0,0.71,0.95,1.0,1.0
qwen3-1.7b-think,edge_existence,0.35,degree,100,100,0.0,1257.0,2108.5,39.5,0.02,0.38,1.0,0.97,1.0
qwen3-1.7b-think,edge_existence,0.35,clustering,100,100,0.0,1091.5,1641.9000000000008,34.5,0.0,0.53,1.0,0.99,1.0
qwen3-1.7b-think,edge_existence,0.35,rwse,100,100,0.0,1234.0,2421.8,39.0,0.0,0.26,1.0,0.97,1.0
qwen3-1.7b-think,edge_existence,0.35,components,100,100,0.0,1118.0,1638.8000000000002,34.0,0.0,0.6,0.98,0.98,1.0
qwen3-1.7b-think,edge_existence,0.35,all,100,100,0.0,1165.5,1745.7,36.0,0.0,0.51,0.99,0.97,1.0
qwen3-1.7b-think,edge_existence,0.5,none,100,100,0.0,1116.5,1763.2,30.0,0.0,0.52,0.98,1.0,1.0
qwen3-1.7b-think,edge_existence,0.5,filler,100,100,0.0,1193.5,1669.8000000000002,33.0,0.0,0.75,0.94,0.99,1.0
qwen3-1.7b-think,edge_existence,0.5,degree,100,99,0.01,1432.0,2635.4,38.0,0.03,0.38,1.0,0.99,1.0
qwen3-1.7b-think,edge_existence,0.5,clustering,100,100,0.0,1074.5,1637.6000000000004,30.0,0.0,0.52,0.99,0.98,1.0
qwen3-1.7b-think,edge_existence,0.5,rwse,100,99,0.01,1179.0,2011.2,34.0,0.0,0.35,1.0,1.0,1.0
qwen3-1.7b-think,edge_existence,0.5,components,100,100,0.0,1140.0,1765.0,32.0,0.0,0.73,0.99,1.0,1.0
qwen3-1.7b-think,edge_existence,0.5,all,100,100,0.0,1127.0,2126.1000000000004,34.0,0.0,0.59,0.99,1.0,1.0
qwen3-1.7b-think,edge_existence,0.65,none,100,100,0.0,1152.0,1821.2000000000005,32.0,0.0,0.6,0.99,0.99,1.0
qwen3-1.7b-think,edge_existence,0.65,filler,100,100,0.0,1124.0,1858.4,32.0,0.0,0.73,0.94,0.99,1.0
qwen3-1.7b-think,edge_existence,0.65,degree,100,100,0.0,1225.0,2227.6000000000004,35.0,0.03,0.5,1.0,1.0,1.0
qwen3-1.7b-think,edge_existence,0.65,clustering,100,100,0.0,1017.0,1867.8000000000004,31.5,0.0,0.59,0.99,0.99,1.0
qwen3-1.7b-think,edge_existence,0.65,rwse,100,100,0.0,1166.5,2104.3,35.5,0.0,0.33,1.0,1.0,1.0
qwen3-1.7b-think,edge_existence,0.65,components,100,100,0.0,1119.5,1938.000000000001,32.0,0.0,0.57,0.98,0.99,1.0
qwen3-1.7b-think,edge_existence,0.65,all,100,100,0.0,1029.0,2308.5,32.0,0.0,0.68,0.99,0.97,1.0
qwen3-1.7b-think,edge_existence,0.75,none,100,100,0.0,1108.0,1868.3000000000004,30.0,0.0,0.71,1.0,0.98,1.0
qwen3-1.7b-think,edge_existence,0.75,filler,100,100,0.0,1055.0,2059.8000000000006,31.5,0.0,0.78,0.99,0.99,1.0
qwen3-1.7b-think,edge_existence,0.75,degree,100,100,0.0,1351.5,3037.0000000000005,37.0,0.02,0.36,1.0,0.98,1.0
qwen3-1.7b-think,edge_existence,0.75,clustering,100,100,0.0,959.0,1720.2,30.0,0.0,0.65,1.0,1.0,1.0
qwen3-1.7b-think,edge_existence,0.75,rwse,100,100,0.0,1045.5,2102.100000000001,33.0,0.0,0.41,1.0,0.99,1.0
qwen3-1.7b-think,edge_existence,0.75,components,100,100,0.0,1004.0,2079.9000000000005,29.5,0.0,0.66,0.99,0.98,1.0
qwen3-1.7b-think,edge_existence,0.75,all,100,100,0.0,1076.5,2229.1000000000004,33.0,0.0,0.7,0.99,0.99,1.0
qwen3-1.7b-think,edge_existence,0.85,none,100,100,0.0,1099.5,2165.8000000000006,30.0,0.0,0.69,0.98,1.0,1.0
qwen3-1.7b-think,edge_existence,0.85,filler,100,100,0.0,1028.0,1771.3000000000002,31.0,0.0,0.73,1.0,0.97,1.0
qwen3-1.7b-think,edge_existence,0.85,degree,100,100,0.0,1221.5,2267.1,34.0,0.01,0.44,1.0,0.97,1.0
qwen3-1.7b-think,edge_existence,0.85,clustering,100,100,0.0,1034.0,1942.9000000000008,30.0,0.0,0.7,1.0,0.97,1.0
qwen3-1.7b-think,edge_existence,0.85,rwse,100,100,0.0,1022.0,2022.4000000000005,32.0,0.0,0.52,1.0,0.99,1.0
qwen3-1.7b-think,edge_existence,0.85,components,100,100,0.0,1033.5,1910.7,30.0,0.0,0.64,0.98,1.0,1.0
qwen3-1.7b-think,edge_existence,0.85,all,100,100,0.0,978.5,2142.1,31.0,0.0,0.68,1.0,0.99,1.0
qwen3-1.7b-think,node_degree,0.1,none,100,97,0.03,1207.0,2008.0,42.0,0.0,0.43,0.82,0.9,1.0
qwen3-1.7b-think,node_degree,0.1,filler,100,99,0.01,814.0,1718.2,21.0,0.0,0.3,0.53,0.97,1.0
qwen3-1.7b-think,node_degree,0.1,degree,100,100,0.0,1247.0,2532.0000000000005,61.0,0.0,0.65,0.9,0.98,1.0
qwen3-1.7b-think,node_degree,0.1,clustering,100,99,0.01,742.0,1682.6,23.0,0.0,0.28,0.64,0.94,1.0
qwen3-1.7b-think,node_degree,0.1,rwse,100,100,0.0,1565.5,2355.1000000000004,59.0,0.0,0.36,0.86,0.96,1.0
qwen3-1.7b-think,node_degree,0.1,components,100,98,0.02,1423.0,2272.7,52.5,0.0,0.29,0.88,0.92,1.0
qwen3-1.7b-think,node_degree,0.1,all,100,100,0.0,735.0,1492.6000000000001,21.0,0.0,0.44,0.53,0.98,1.0
qwen3-1.7b-think,node_degree,0.2,none,100,100,0.0,957.5,1695.1000000000004,21.5,0.0,0.42,0.58,0.95,1.0
qwen3-1.7b-think,node_degree,0.2,filler,100,100,0.0,837.5,2149.7000000000003,18.0,0.0,0.21,0.42,0.85,1.0
qwen3-1.7b-think,node_degree,0.2,degree,100,98,0.02,1229.0,3312.1,61.0,0.03,0.63,0.88,0.94,1.0
qwen3-1.7b-think,node_degree,0.2,clustering,100,100,0.0,799.0,1226.400000000001,20.0,0.0,0.24,0.51,0.97,1.0
qwen3-1.7b-think,node_degree,0.2,rwse,100,98,0.02,1636.0,2858.5,41.5,0.0,0.24,0.84,0.91,1.0
qwen3-1.7b-think,node_degree,0.2,components,100,100,0.0,953.0,2178.600000000001,22.5,0.0,0.32,0.63,0.89,1.0
qwen3-1.7b-think,node_degree,0.2,all,100,99,0.01,884.0,2356.4,21.0,0.0,0.33,0.55,0.97,1.0
qwen3-1.7b-think,node_degree,0.35,none,100,100,0.0,1230.0,1665.4000000000003,21.0,0.0,0.43,0.62,0.6,1.0
qwen3-1.7b-think,node_degree,0.35,filler,100,100,0.0,953.0,1378.2,16.0,0.0,0.24,0.26,0.56,1.0
qwen3-1.7b-think,node_degree,0.35,degree,100,92,0.08,1808.5,5499.000000000001,66.5,0.08,0.82,0.97,0.83,1.0
qwen3-1.7b-think,node_degree,0.35,clustering,100,100,0.0,1055.0,1459.7,18.0,0.0,0.31,0.36,0.61,1.0
qwen3-1.7b-think,node_degree,0.35,rwse,100,100,0.0,1441.5,3121.7000000000003,24.0,0.0,0.34,0.77,0.65,1.0
qwen3-1.7b-think,node_degree,0.35,components,100,100,0.0,1288.5,1928.0,21.0,0.0,0.43,0.66,0.62,1.0
qwen3-1.7b-think,node_degree,0.35,all,100,100,0.0,1305.5,3271.9,34.5,0.0,0.57,0.66,0.82,1.0
qwen3-1.7b-think,node_degree,0.5,none,100,100,0.0,1518.0,2508.1000000000004,23.0,0.0,0.33,0.67,0.6,1.0
qwen3-1.7b-think,node_degree,0.5,filler,100,100,0.0,1286.5,1921.1000000000001,18.0,0.0,0.32,0.38,0.55,1.0
qwen3-1.7b-think,node_degree,0.5,degree,100,89,0.11,2117.0,5520.0,67.0,0.09,0.82,0.96,0.79,1.0
qwen3-1.7b-think,node_degree,0.5,clustering,100,100,0.0,1285.0,1890.3000000000002,17.0,0.0,0.38,0.33,0.59,1.0
qwen3-1.7b-think,node_degree,0.5,rwse,100,99,0.01,1540.0,2970.0,20.0,0.0,0.57,0.59,0.64,1.0
qwen3-1.7b-think,node_degree,0.5,components,100,100,0.0,1473.5,2230.0,23.0,0.0,0.63,0.68,0.58,1.0
qwen3-1.7b-think,node_degree,0.5,all,100,100,0.0,1423.5,4294.7,21.5,0.0,0.57,0.6,0.78,1.0
qwen3-1.7b-think,node_degree,0.65,none,100,100,0.0,2056.5,3215.400000000001,23.5,0.0,0.57,0.72,0.52,1.0
qwen3-1.7b-think,node_degree,0.65,filler,100,99,0.01,1709.0,2980.4000000000005,19.0,0.0,0.43,0.49,0.35,1.0
qwen3-1.7b-think,node_degree,0.65,degree,100,86,0.14,3444.0,6126.5,90.5,0.15,0.85,0.94,0.73,1.0
qwen3-1.7b-think,node_degree,0.65,clustering,100,100,0.0,1664.5,2810.9,19.0,0.0,0.41,0.45,0.39,1.0
qwen3-1.7b-think,node_degree,0.65,rwse,100,100,0.0,2062.5,3764.700000000002,25.5,0.0,0.64,0.7,0.43,1.0
qwen3-1.7b-think,node_degree,0.65,components,100,99,0.01,2235.0,3889.2000000000007,27.0,0.0,0.54,0.72,0.46,1.0
qwen3-1.7b-think,node_degree,0.65,all,100,100,0.0,2108.0,4459.3,48.5,0.0,0.64,0.7,0.82,1.0
qwen3-1.7b-think,node_degree,0.75,none,100,96,0.04,2649.5,3964.0,27.0,0.0,0.53,0.72,0.45,1.0
qwen3-1.7b-think,node_degree,0.75,filler,100,99,0.01,2386.0,3736.8,23.0,0.0,0.4,0.64,0.36,1.0
qwen3-1.7b-think,node_degree,0.75,degree,100,88,0.12,3252.5,6585.4,71.0,0.05,0.85,0.96,0.73,1.0
qwen3-1.7b-think,node_degree,0.75,clustering,100,99,0.01,1967.0,3452.0,22.0,0.0,0.49,0.58,0.38,1.0
qwen3-1.7b-think,node_degree,0.75,rwse,100,100,0.0,2520.0,4287.2,27.0,0.0,0.68,0.77,0.39,1.0
qwen3-1.7b-think,node_degree,0.75,components,100,98,0.02,3119.5,4776.1,30.0,0.0,0.61,0.87,0.38,1.0
qwen3-1.7b-think,node_degree,0.75,all,100,96,0.04,2345.0,4333.0,37.0,0.0,0.78,0.75,0.67,1.0
qwen3-1.7b-think,node_degree,0.85,none,100,99,0.01,3227.0,4544.4,27.0,0.0,0.62,0.78,0.42,1.0
qwen3-1.7b-think,node_degree,0.85,filler,100,100,0.0,2895.0,4182.800000000001,28.5,0.0,0.64,0.8,0.32,1.0
qwen3-1.7b-think,node_degree,0.85,degree,100,94,0.06,2981.5,6465.0,64.5,0.06,0.91,0.95,0.85,1.0
qwen3-1.7b-think,node_degree,0.85,clustering,100,100,0.0,2533.5,3801.9,24.5,0.0,0.62,0.71,0.35,1.0
qwen3-1.7b-think,node_degree,0.85,rwse,100,99,0.01,3261.0,4577.4,33.0,0.0,0.68,0.89,0.44,1.0
qwen3-1.7b-think,node_degree,0.85,components,100,97,0.03,3487.0,4888.400000000001,31.0,0.0,0.65,0.87,0.51,1.0
qwen3-1.7b-think,node_degree,0.85,all,100,99,0.01,2669.0,5478.200000000001,32.0,0.0,0.74,0.7,0.58,1.0
qwen3-1.7b-think,connected_nodes,0.1,none,100,97,0.03,1127.0,2282.0,19.0,0.0,0.34,0.51,0.92,1.0
qwen3-1.7b-think,connected_nodes,0.1,filler,100,99,0.01,1065.0,2369.2000000000003,12.0,0.0,0.22,0.3,0.95,1.0
qwen3-1.7b-think,connected_nodes,0.1,degree,100,98,0.02,977.0,2131.0999999999995,17.0,0.0,0.3,0.43,0.92,1.0
qwen3-1.7b-think,connected_nodes,0.1,clustering,100,99,0.01,855.0,1625.2,15.0,0.0,0.22,0.35,0.95,1.0
qwen3-1.7b-think,connected_nodes,0.1,rwse,100,100,0.0,1416.0,2740.5,25.0,0.0,0.43,0.59,0.98,1.0
qwen3-1.7b-think,connected_nodes,0.1,components,100,97,0.03,1186.0,2125.0,18.0,0.0,0.47,0.5,0.94,1.0
qwen3-1.7b-think,connected_nodes,0.1,all,100,100,0.0,874.0,1502.8000000000002,15.0,0.0,0.4,0.26,1.0,1.0
qwen3-1.7b-think,connected_nodes,0.2,none,100,100,0.0,1236.5,2117.6000000000004,17.0,0.0,0.42,0.42,0.96,1.0
qwen3-1.7b-think,connected_nodes,0.2,filler,100,99,0.01,1001.0,1848.4000000000003,10.0,0.0,0.29,0.05,0.97,1.0
qwen3-1.7b-think,connected_nodes,0.2,degree,100,97,0.03,1164.0,2240.600000000001,16.0,0.0,0.3,0.35,0.92,1.0
qwen3-1.7b-think,connected_nodes,0.2,clustering,100,100,0.0,1061.5,1589.4,14.0,0.0,0.18,0.1,0.96,1.0
qwen3-1.7b-think,connected_nodes,0.2,rwse,100,100,0.0,1515.0,3525.2,21.0,0.0,0.42,0.54,0.88,1.0
qwen3-1.7b-think,connected_nodes,0.2,components,100,99,0.01,1053.0,1960.8000000000002,14.0,0.0,0.38,0.22,0.94,1.0
qwen3-1.7b-think,connected_nodes,0.2,all,100,98,0.02,1045.0,1869.1999999999998,14.0,0.0,0.35,0.16,0.94,1.0
qwen3-1.7b-think,connected_nodes,0.35,none,100,98,0.02,1582.0,2164.7,15.0,0.0,0.47,0.28,0.68,1.0
qwen3-1.7b-think,connected_nodes,0.35,filler,100,100,0.0,1257.5,1832.3,12.0,0.0,0.46,0.01,0.72,1.0
qwen3-1.7b-think,connected_nodes,0.35,degree,100,100,0.0,1521.0,2130.5000000000005,16.0,0.02,0.49,0.27,0.81,1.0
qwen3-1.7b-think,connected_nodes,0.35,clustering,100,100,0.0,1366.5,2083.3000000000006,14.0,0.0,0.31,0.16,0.66,1.0
qwen3-1.7b-think,connected_nodes,0.35,rwse,100,100,0.0,1934.5,3374.9000000000005,18.0,0.0,0.49,0.43,0.72,1.0
qwen3-1.7b-think,connected_nodes,0.35,components,100,100,0.0,1462.5,2036.3,14.5,0.0,0.4,0.2,0.71,1.0
qwen3-1.7b-think,connected_nodes,0.35,all,100,100,0.0,1323.0,2120.3,15.0,0.0,0.37,0.2,0.78,1.0
qwen3-1.7b-think,connected_nodes,0.5,none,100,100,0.0,1771.0,2974.8,12.0,0.0,0.42,0.15,0.59,1.0
qwen3-1.7b-think,connected_nodes,0.5,filler,100,100,0.0,1647.0,2151.2000000000007,11.0,0.0,0.64,0.08,0.61,1.0
qwen3-1.7b-think,connected_nodes,0.5,degree,100,99,0.01,2020.0,3393.0,16.0,0.0,0.66,0.32,0.75,1.0
qwen3-1.7b-think,connected_nodes,0.5,clustering,100,100,0.0,1671.5,2346.3,12.0,0.0,0.57,0.08,0.67,1.0
qwen3-1.7b-think,connected_nodes,0.5,rwse,100,98,0.02,2033.5,3133.3999999999996,16.0,0.0,0.61,0.36,0.58,1.0
qwen3-1.7b-think,connected_nodes,0.5,components,100,100,0.0,1757.5,2809.2000000000003,13.0,0.0,0.53,0.13,0.67,1.0
qwen3-1.7b-think,connected_nodes,0.5,all,100,99,0.01,1703.0,2972.4,13.0,0.0,0.57,0.23,0.68,1.0
qwen3-1.7b-think,edge_count,0.1,none,100,50,0.5,,,166.5,0.99,0.19,1.0,0.67,1.0
qwen3-1.7b-think,edge_count,0.1,filler,100,42,0.58,,,230.5,0.96,0.35,0.99,0.72,1.0
qwen3-1.7b-think,edge_count,0.1,degree,100,20,0.8,,,243.5,1.0,0.71,1.0,0.24,1.0
qwen3-1.7b-think,edge_count,0.1,clustering,100,34,0.66,,,234.0,0.97,0.22,1.0,0.64,1.0
qwen3-1.7b-think,edge_count,0.1,rwse,100,40,0.6,,,243.5,1.0,0.18,0.99,0.55,1.0
qwen3-1.7b-think,edge_count,0.1,components,100,44,0.56,,,195.5,0.96,0.27,1.0,0.59,1.0
qwen3-1.7b-think,edge_count,0.1,all,100,30,0.7,,,245.5,0.99,0.54,0.98,0.4,1.0
qwen3-1.7b-think,edge_count,0.2,none,100,23,0.77,,,159.0,1.0,0.13,1.0,0.31,1.0
qwen3-1.7b-think,edge_count,0.2,filler,100,24,0.76,,,173.5,0.97,0.18,1.0,0.31,1.0
qwen3-1.7b-think,edge_count,0.2,degree,100,23,0.77,,,187.0,1.0,0.74,1.0,0.26,1.0
qwen3-1.7b-think,edge_count,0.2,clustering,100,32,0.68,,,198.5,1.0,0.22,1.0,0.3,1.0
qwen3-1.7b-think,edge_count,0.2,rwse,100,13,0.87,,,204.0,1.0,0.19,1.0,0.29,1.0
qwen3-1.7b-think,edge_count,0.2,components,100,27,0.73,,,162.0,1.0,0.24,0.99,0.28,1.0
qwen3-1.7b-think,edge_count,0.2,all,100,22,0.78,,,166.5,1.0,0.67,1.0,0.28,1.0
qwen3-1.7b-think,edge_count,0.35,none,100,0,1.0,,,,1.0,0.38,1.0,0.03,1.0
qwen3-1.7b-think,edge_count,0.35,filler,100,2,0.98,,,96.0,0.96,0.23,1.0,0.06,1.0
qwen3-1.7b-think,edge_count,0.35,degree,100,17,0.83,,,149.0,1.0,0.72,1.0,0.2,1.0
qwen3-1.7b-think,edge_count,0.35,clustering,100,4,0.96,,,116.0,1.0,0.15,1.0,0.05,1.0
qwen3-1.7b-think,edge_count,0.35,rwse,100,0,1.0,,,,1.0,0.09,1.0,0.01,1.0
qwen3-1.7b-think,edge_count,0.35,components,100,0,1.0,,,,0.98,0.24,1.0,0.03,1.0
qwen3-1.7b-think,edge_count,0.35,all,100,33,0.67,,,185.0,1.0,0.68,1.0,0.38,1.0
qwen3-1.7b-think,edge_count,0.5,none,100,0,1.0,,,,0.87,0.33,1.0,0.0,1.0
qwen3-1.7b-think,edge_count,0.5,filler,100,0,1.0,,,,0.92,0.09,1.0,0.0,1.0
qwen3-1.7b-think,edge_count,0.5,degree,100,16,0.84,,,131.5,1.0,0.69,1.0,0.17,1.0
qwen3-1.7b-think,edge_count,0.5,clustering,100,0,1.0,,,,1.0,0.15,0.99,0.0,1.0
qwen3-1.7b-think,edge_count,0.5,rwse,100,0,1.0,,,,0.98,0.16,0.99,0.0,1.0
qwen3-1.7b-think,edge_count,0.5,components,100,0,1.0,,,,0.97,0.12,0.97,0.01,1.0
qwen3-1.7b-think,edge_count,0.5,all,100,37,0.63,,,181.0,1.0,0.59,1.0,0.31,1.0
qwen3-4b,node_count,0.1,none,100,100,0.0,76.0,210.0,0.0,0.0,0.0,0.0,0.92,1.0
qwen3-4b,node_count,0.1,filler,100,100,0.0,6.0,6.0,0.0,0.0,0.0,0.0,0.98,1.0
qwen3-4b,node_count,0.1,degree,100,100,0.0,31.0,31.0,0.0,0.0,0.0,0.0,0.94,1.0
qwen3-4b,node_count,0.1,clustering,100,100,0.0,6.0,6.0,0.0,0.0,0.0,0.0,0.97,1.0
qwen3-4b,node_count,0.1,rwse,100,100,0.0,33.0,33.0,0.0,0.0,0.0,0.0,0.98,1.0
qwen3-4b,node_count,0.1,components,100,100,0.0,31.0,32.0,0.0,0.0,0.0,0.0,0.97,1.0
qwen3-4b,node_count,0.1,all,100,100,0.0,33.0,36.0,0.0,0.0,0.0,0.0,1.0,1.0
qwen3-4b,node_count,0.2,none,100,100,0.0,31.0,76.0,0.0,0.0,0.0,0.0,0.69,1.0
qwen3-4b,node_count,0.2,filler,100,100,0.0,6.0,6.0,0.0,0.0,0.0,0.0,1.0,1.0
qwen3-4b,node_count,0.2,degree,100,100,0.0,30.0,37.0,0.0,0.0,0.0,0.0,0.99,1.0
qwen3-4b,node_count,0.2,clustering,100,100,0.0,6.0,33.0,0.0,0.0,0.0,0.0,0.99,1.0
qwen3-4b,node_count,0.2,rwse,100,100,0.0,33.0,48.0,0.0,0.0,0.0,0.0,1.0,1.0
qwen3-4b,node_count,0.2,components,100,100,0.0,31.0,31.0,0.0,0.0,0.0,0.0,1.0,1.0
qwen3-4b,node_count,0.2,all,100,100,0.0,38.0,192.0,0.0,0.0,0.0,0.0,1.0,1.0
qwen3-4b,node_count,0.35,none,100,100,0.0,82.5,95.40000000000012,0.0,0.0,0.0,0.0,1.0,1.0
qwen3-4b,node_count,0.35,filler,100,100,0.0,6.0,6.0,0.0,0.0,0.0,0.0,1.0,1.0
qwen3-4b,node_count,0.35,degree,100,100,0.0,36.0,37.0,0.0,0.0,0.0,0.0,1.0,1.0
qwen3-4b,node_count,0.35,clustering,100,100,0.0,38.0,38.0,0.0,0.0,0.0,0.0,1.0,1.0
qwen3-4b,node_count,0.35,rwse,100,100,0.0,57.0,78.10000000000001,0.0,0.0,0.0,0.0,1.0,1.0
qwen3-4b,node_count,0.35,components,100,100,0.0,31.0,31.0,0.0,0.0,0.0,0.0,1.0,1.0
qwen3-4b,node_count,0.35,all,100,100,0.0,37.0,40.80000000000024,0.0,0.0,0.0,0.0,1.0,1.0
qwen3-4b,node_count,0.5,none,100,100,0.0,37.0,86.0,0.0,0.0,0.0,0.0,1.0,1.0
qwen3-4b,node_count,0.5,filler,100,100,0.0,6.0,38.0,0.0,0.0,0.0,0.0,1.0,1.0
qwen3-4b,node_count,0.5,degree,100,100,0.0,36.0,36.0,0.0,0.0,0.0,0.0,1.0,1.0
qwen3-4b,node_count,0.5,clustering,100,100,0.0,37.0,38.0,0.0,0.0,0.0,0.0,1.0,1.0
qwen3-4b,node_count,0.5,rwse,100,100,0.0,57.0,78.0,0.0,0.0,0.0,0.0,1.0,1.0
qwen3-4b,node_count,0.5,components,100,100,0.0,36.0,107.0,0.0,0.0,0.0,0.0,1.0,1.0
qwen3-4b,node_count,0.5,all,100,100,0.0,38.0,192.0,0.0,0.0,0.0,0.0,1.0,1.0
qwen3-4b,cycle_check,0.1,none,100,100,0.0,416.0,884.4000000000013,1.0,0.02,0.0,0.1,0.99,1.0
qwen3-4b,cycle_check,0.1,filler,100,96,0.04,159.5,236.0,0.0,0.0,0.0,0.06,0.98,1.0
qwen3-4b,cycle_check,0.1,degree,100,97,0.03,671.0,1521.8,3.0,0.36,0.0,0.29,0.96,0.99
qwen3-4b,cycle_check,0.1,clustering,100,98,0.02,412.5,1174.3999999999994,4.0,0.0,0.02,0.23,0.98,0.98
qwen3-4b,cycle_check,0.1,rwse,100,96,0.04,123.0,176.0,6.0,0.0,0.0,0.11,1.0,1.0
qwen3-4b,cycle_check,0.1,components,100,97,0.03,433.0,1265.2000000000003,3.0,0.0,0.21,0.14,0.94,0.97
qwen3-4b,cycle_check,0.1,all,100,98,0.02,149.0,223.89999999999998,8.0,0.0,0.0,0.04,1.0,1.0
qwen3-4b,cycle_check,0.2,none,100,97,0.03,191.0,1004.0000000000002,0.0,0.03,0.0,0.08,1.0,1.0
qwen3-4b,cycle_check,0.2,filler,100,100,0.0,152.0,196.70000000000005,6.0,0.0,0.0,0.01,1.0,1.0
qwen3-4b,cycle_check,0.2,degree,100,100,0.0,817.0,1439.2,1.0,0.76,0.0,0.32,0.99,1.0
qwen3-4b,cycle_check,0.2,clustering,100,100,0.0,360.5,618.2000000000007,6.0,0.0,0.0,0.05,1.0,1.0
qwen3-4b,cycle_check,0.2,rwse,100,99,0.01,125.0,153.2,7.0,0.0,0.0,0.02,1.0,1.0
qwen3-4b,cycle_check,0.2,components,100,97,0.03,150.0,198.4,0.0,0.0,0.0,0.0,0.99,1.0
qwen3-4b,cycle_check,0.2,all,100,100,0.0,127.0,149.10000000000008,7.0,0.0,0.0,0.02,1.0,1.0
qwen3-4b,cycle_check,0.35,none,100,100,0.0,305.5,1439.5,3.0,0.01,0.0,0.19,1.0,1.0
qwen3-4b,cycle_check,0.35,filler,100,99,0.01,144.0,193.4,0.0,0.0,0.0,0.03,1.0,1.0
qwen3-4b,cycle_check,0.35,degree,100,98,0.02,755.5,1490.0,0.0,0.68,0.02,0.22,0.95,0.98
qwen3-4b,cycle_check,0.35,clustering,100,100,0.0,181.0,265.20000000000005,6.0,0.0,0.0,0.03,1.0,1.0
qwen3-4b,cycle_check,0.35,rwse,100,100,0.0,131.5,255.20000000000002,5.0,0.0,0.0,0.03,1.0,1.0
qwen3-4b,cycle_check,0.35,components,100,100,0.0,124.0,190.0,0.0,0.01,0.02,0.01,1.0,1.0
qwen3-4b,cycle_check,0.35,all,100,100,0.0,138.0,234.0,0.5,0.0,0.0,0.0,1.0,1.0
qwen3-4b,cycle_check,0.5,none,100,100,0.0,182.5,280.1000000000001,7.0,0.0,0.0,0.02,1.0,1.0
qwen3-4b,cycle_check,0.5,filler,100,100,0.0,158.0,207.0,3.0,0.0,0.0,0.01,1.0,1.0
qwen3-4b,cycle_check,0.5,degree,100,99,0.01,706.0,1460.6000000000001,0.0,0.8,0.0,0.11,0.97,0.99
qwen3-4b,cycle_check,0.5,clustering,100,100,0.0,215.5,349.3,6.0,0.0,0.0,0.02,1.0,1.0
qwen3-4b,cycle_check,0.5,rwse,100,100,0.0,164.5,194.10000000000008,5.0,0.0,0.0,0.01,1.0,1.0
qwen3-4b,cycle_check,0.5,components,100,100,0.0,188.0,239.20000000000002,0.0,0.0,0.0,0.01,0.98,1.0
qwen3-4b,cycle_check,0.5,all,100,100,0.0,174.0,303.40000000000003,6.0,0.0,0.0,0.02,0.97,1.0
qwen3-4b,edge_existence,0.1,none,100,100,0.0,100.5,156.00000000000034,7.0,0.0,0.07,0.02,0.96,1.0
qwen3-4b,edge_existence,0.1,filler,100,100,0.0,71.0,144.0,5.0,0.0,0.37,0.0,0.96,1.0
qwen3-4b,edge_existence,0.1,degree,100,100,0.0,105.0,222.20000000000002,8.0,0.0,0.0,0.02,0.99,1.0
qwen3-4b,edge_existence,0.1,clustering,100,100,0.0,91.0,183.40000000000012,6.0,0.0,0.03,0.02,0.97,1.0
qwen3-4b,edge_existence,0.1,rwse,100,100,0.0,101.0,163.20000000000002,6.0,0.0,0.14,0.03,0.96,1.0
qwen3-4b,edge_existence,0.1,components,100,100,0.0,107.5,213.30000000000018,8.0,0.0,0.06,0.07,0.99,1.0
qwen3-4b,edge_existence,0.1,all,100,99,0.01,98.0,219.2,6.0,0.0,0.06,0.03,0.95,1.0
qwen3-4b,edge_existence,0.2,none,100,100,0.0,122.0,271.0,8.0,0.0,0.01,0.03,0.93,1.0
qwen3-4b,edge_existence,0.2,filler,100,100,0.0,90.0,217.3,5.0,0.0,0.13,0.02,0.84,1.0
qwen3-4b,edge_existence,0.2,degree,100,99,0.01,134.0,325.6,8.0,0.0,0.0,0.07,0.91,1.0
qwen3-4b,edge_existence,0.2,clustering,100,100,0.0,117.5,180.10000000000002,7.0,0.0,0.0,0.0,0.98,1.0
qwen3-4b,edge_existence,0.2,rwse,100,100,0.0,134.5,232.70000000000016,8.0,0.0,0.09,0.03,0.89,1.0
qwen3-4b,edge_existence,0.2,components,100,100,0.0,120.5,289.0000000000002,7.0,0.0,0.0,0.06,0.94,1.0
qwen3-4b,edge_existence,0.2,all,100,100,0.0,128.0,229.10000000000002,7.0,0.0,0.0,0.0,0.84,1.0
qwen3-4b,edge_existence,0.35,none,100,100,0.0,136.5,334.1,7.0,0.0,0.01,0.06,0.83,1.0
qwen3-4b,edge_existence,0.35,filler,100,100,0.0,173.5,341.40000000000003,7.0,0.0,0.18,0.06,0.75,1.0
qwen3-4b,edge_existence,0.35,degree,100,100,0.0,138.5,436.20000000000005,8.0,0.0,0.01,0.12,0.79,1.0
qwen3-4b,edge_existence,0.35,clustering,100,100,0.0,146.5,256.70000000000016,8.0,0.0,0.0,0.02,0.89,1.0
qwen3-4b,edge_existence,0.35,rwse,100,100,0.0,145.0,271.9000000000001,7.5,0.0,0.07,0.02,0.7,1.0
qwen3-4b,edge_existence,0.35,components,100,100,0.0,140.5,328.6,8.0,0.0,0.01,0.04,0.75,1.0
qwen3-4b,edge_existence,0.35,all,100,100,0.0,158.0,240.0,7.0,0.0,0.01,0.03,0.7,1.0
qwen3-4b,edge_existence,0.5,none,100,100,0.0,158.0,388.20000000000005,8.0,0.0,0.01,0.02,0.9,1.0
qwen3-4b,edge_existence,0.5,filler,100,100,0.0,147.5,336.20000000000005,7.0,0.0,0.28,0.02,0.79,1.0
qwen3-4b,edge_existence,0.5,degree,100,99,0.01,157.0,347.8,8.0,0.0,0.02,0.05,0.74,1.0
qwen3-4b,edge_existence,0.5,clustering,100,100,0.0,166.0,316.9000000000001,8.0,0.0,0.0,0.03,0.94,1.0
qwen3-4b,edge_existence,0.5,rwse,100,100,0.0,155.5,255.50000000000023,7.0,0.0,0.25,0.03,0.67,1.0
qwen3-4b,edge_existence,0.5,components,100,100,0.0,153.0,452.70000000000005,7.0,0.0,0.03,0.08,0.83,1.0
qwen3-4b,edge_existence,0.5,all,100,100,0.0,157.0,281.1,7.0,0.0,0.0,0.03,0.73,1.0
qwen3-4b,edge_existence,0.65,none,100,100,0.0,172.0,359.3,7.0,0.0,0.01,0.01,0.87,1.0
qwen3-4b,edge_existence,0.65,filler,100,100,0.0,170.5,304.70000000000016,6.0,0.0,0.41,0.0,0.75,1.0
qwen3-4b,edge_existence,0.65,degree,100,99,0.01,173.0,387.4000000000001,7.0,0.0,0.03,0.05,0.81,1.0
qwen3-4b,edge_existence,0.65,clustering,100,100,0.0,187.0,302.3,8.0,0.0,0.03,0.0,0.95,1.0
qwen3-4b,edge_existence,0.65,rwse,100,100,0.0,182.0,272.70000000000016,8.0,0.0,0.06,0.0,0.9,1.0
qwen3-4b,edge_existence,0.65,components,100,100,0.0,168.0,381.50000000000045,7.0,0.0,0.02,0.04,0.79,1.0
qwen3-4b,edge_existence,0.65,all,100,100,0.0,174.5,291.20000000000005,8.0,0.0,0.01,0.03,0.88,1.0
qwen3-4b,edge_existence,0.75,none,100,100,0.0,185.0,349.2000000000001,7.0,0.0,0.0,0.0,0.87,1.0
qwen3-4b,edge_existence,0.75,filler,100,100,0.0,179.0,294.40000000000003,6.0,0.0,0.47,0.0,0.85,1.0
qwen3-4b,edge_existence,0.75,degree,100,100,0.0,188.0,302.80000000000007,8.0,0.0,0.0,0.01,0.87,1.0
qwen3-4b,edge_existence,0.75,clustering,100,100,0.0,197.5,319.0,8.0,0.0,0.01,0.0,0.96,1.0
qwen3-4b,edge_existence,0.75,rwse,100,100,0.0,195.0,327.1,8.0,0.0,0.08,0.01,0.88,1.0
qwen3-4b,edge_existence,0.75,components,100,99,0.01,183.0,350.40000000000003,7.0,0.0,0.0,0.03,0.88,1.0
qwen3-4b,edge_existence,0.75,all,100,99,0.01,186.0,279.4,8.0,0.0,0.01,0.02,0.85,1.0
qwen3-4b,edge_existence,0.85,none,100,100,0.0,202.0,378.0000000000001,7.0,0.0,0.02,0.0,0.96,1.0
qwen3-4b,edge_existence,0.85,filler,100,100,0.0,194.5,321.20000000000005,6.0,0.0,0.57,0.01,0.91,1.0
qwen3-4b,edge_existence,0.85,degree,100,100,0.0,198.5,284.3000000000003,7.0,0.0,0.02,0.02,0.92,1.0
qwen3-4b,edge_existence,0.85,clustering,100,100,0.0,210.0,355.1,8.0,0.0,0.0,0.0,0.95,1.0
qwen3-4b,edge_existence,0.85,rwse,100,100,0.0,206.0,231.10000000000002,8.0,0.0,0.08,0.0,0.9,1.0
qwen3-4b,edge_existence,0.85,components,100,100,0.0,198.0,227.10000000000002,7.0,0.0,0.02,0.03,0.93,1.0
qwen3-4b,edge_existence,0.85,all,100,100,0.0,198.0,227.70000000000056,7.5,0.0,0.01,0.0,0.9,1.0
qwen3-4b,node_degree,0.1,none,100,100,0.0,104.5,127.0,4.0,0.0,0.0,0.0,1.0,1.0
qwen3-4b,node_degree,0.1,filler,100,100,0.0,92.0,113.0,4.0,0.0,0.0,0.0,1.0,1.0
qwen3-4b,node_degree,0.1,degree,100,100,0.0,60.5,93.30000000000003,2.0,0.0,0.0,0.0,0.94,1.0
qwen3-4b,node_degree,0.1,clustering,100,100,0.0,76.0,105.0,4.0,0.0,0.0,0.0,1.0,1.0
qwen3-4b,node_degree,0.1,rwse,100,100,0.0,96.5,115.40000000000003,4.0,0.0,0.0,0.0,1.0,1.0
qwen3-4b,node_degree,0.1,components,100,100,0.0,109.0,123.0,4.0,0.0,0.0,0.0,1.0,1.0
qwen3-4b,node_degree,0.1,all,100,100,0.0,67.5,86.0,4.0,0.0,0.11,0.0,0.93,1.0
qwen3-4b,node_degree,0.2,none,100,100,0.0,103.0,163.40000000000003,3.0,0.0,0.01,0.0,0.99,1.0
qwen3-4b,node_degree,0.2,filler,100,100,0.0,95.0,116.10000000000001,2.0,0.0,0.0,0.0,0.99,1.0
qwen3-4b,node_degree,0.2,degree,100,100,0.0,34.0,101.20000000000002,1.0,0.0,0.0,0.0,0.98,1.0
qwen3-4b,node_degree,0.2,clustering,100,100,0.0,92.0,110.20000000000002,3.0,0.0,0.0,0.0,1.0,1.0
qwen3-4b,node_degree,0.2,rwse,100,100,0.0,114.0,140.20000000000002,4.0,0.0,0.01,0.0,0.97,1.0
qwen3-4b,node_degree,0.2,components,100,100,0.0,113.0,175.10000000000002,3.0,0.0,0.0,0.0,0.99,1.0
qwen3-4b,node_degree,0.2,all,100,100,0.0,79.5,101.0,2.0,0.0,0.22,0.0,0.96,1.0
qwen3-4b,node_degree,0.35,none,100,100,0.0,194.5,246.60000000000005,3.0,0.0,0.0,0.0,0.99,1.0
qwen3-4b,node_degree,0.35,filler,100,100,0.0,141.0,239.10000000000002,3.0,0.0,0.0,0.0,0.99,1.0
qwen3-4b,node_degree,0.35,degree,100,100,0.0,32.0,138.9000000000001,1.0,0.0,0.01,0.0,0.92,1.0
qwen3-4b,node_degree,0.35,clustering,100,100,0.0,124.0,226.10000000000002,3.0,0.0,0.0,0.0,0.99,1.0
qwen3-4b,node_degree,0.35,rwse,100,100,0.0,212.5,264.40000000000003,4.0,0.0,0.0,0.02,0.96,1.0
qwen3-4b,node_degree,0.35,components,100,100,0.0,190.5,239.3,3.0,0.0,0.0,0.0,0.99,1.0
qwen3-4b,node_degree,0.35,all,100,100,0.0,109.5,131.10000000000002,3.0,0.0,0.36,0.0,0.92,1.0
qwen3-4b,node_degree,0.5,none,100,100,0.0,273.0,320.3,3.0,0.0,0.0,0.0,0.99,1.0
qwen3-4b,node_degree,0.5,filler,100,100,0.0,266.0,304.6,3.0,0.0,0.0,0.0,0.97,1.0
qwen3-4b,node_degree,0.5,degree,100,100,0.0,34.0,195.40000000000003,2.0,0.0,0.02,0.0,0.87,1.0
qwen3-4b,node_degree,0.5,clustering,100,100,0.0,259.5,305.1,4.0,0.0,0.0,0.0,0.96,1.0
qwen3-4b,node_degree,0.5,rwse,100,100,0.0,279.0,334.3,4.0,0.0,0.0,0.15,0.95,1.0
qwen3-4b,node_degree,0.5,components,100,100,0.0,267.0,303.3,3.0,0.0,0.0,0.0,1.0,1.0
qwen3-4b,node_degree,0.5,all,100,100,0.0,133.5,169.70000000000005,3.0,0.0,0.35,0.0,0.84,1.0
qwen3-4b,node_degree,0.65,none,100,100,0.0,313.0,345.0,4.0,0.0,0.01,0.0,0.82,1.0
qwen3-4b,node_degree,0.65,filler,100,100,0.0,313.0,343.1,3.0,0.0,0.02,0.0,0.86,1.0
qwen3-4b,node_degree,0.65,degree,100,100,0.0,35.0,279.20000000000005,2.0,0.0,0.01,0.0,0.76,1.0
qwen3-4b,node_degree,0.65,clustering,100,100,0.0,318.0,348.0,4.0,0.0,0.0,0.0,0.89,1.0
qwen3-4b,node_degree,0.65,rwse,100,100,0.0,336.5,378.0,4.0,0.0,0.0,0.13,0.82,1.0
qwen3-4b,node_degree,0.65,components,100,100,0.0,303.5,338.3,3.0,0.0,0.0,0.0,0.74,1.0
qwen3-4b,node_degree,0.65,all,100,100,0.0,145.0,172.10000000000002,2.0,0.0,0.27,0.0,0.45,1.0
qwen3-4b,node_degree,0.75,none,100,100,0.0,328.5,362.3,3.0,0.0,0.01,0.0,0.5,1.0
qwen3-4b,node_degree,0.75,filler,100,100,0.0,328.0,366.1,3.0,0.0,0.03,0.0,0.49,1.0
qwen3-4b,node_degree,0.75,degree,100,100,0.0,37.5,348.1,2.0,0.0,0.0,0.0,0.57,1.0
qwen3-4b,node_degree,0.75,clustering,100,100,0.0,324.5,361.0,3.0,0.0,0.0,0.0,0.59,1.0
qwen3-4b,node_degree,0.75,rwse,100,100,0.0,358.5,410.3,4.0,0.0,0.0,0.09,0.63,1.0
qwen3-4b,node_degree,0.75,components,100,100,0.0,321.0,366.1,3.0,0.0,0.0,0.0,0.46,1.0
qwen3-4b,node_degree,0.75,all,100,100,0.0,29.5,185.10000000000002,1.5,0.0,0.17,0.0,0.31,1.0
qwen3-4b,node_degree,0.85,none,100,100,0.0,346.5,389.1,3.0,0.0,0.05,0.0,0.33,1.0
qwen3-4b,node_degree,0.85,filler,100,100,0.0,347.5,373.3,2.0,0.0,0.04,0.0,0.36,1.0
qwen3-4b,node_degree,0.85,degree,100,100,0.0,37.0,363.3,2.0,0.0,0.0,0.0,0.6,1.0
qwen3-4b,node_degree,0.85,clustering,100,100,0.0,346.5,371.1,3.0,0.0,0.0,0.0,0.51,1.0
qwen3-4b,node_degree,0.85,rwse,100,100,0.0,365.5,396.1,4.0,0.0,0.0,0.02,0.43,1.0
qwen3-4b,node_degree,0.85,components,100,100,0.0,344.0,366.3,3.0,0.0,0.0,0.0,0.42,1.0
qwen3-4b,node_degree,0.85,all,100,100,0.0,181.0,198.10000000000002,3.0,0.0,0.3,0.0,0.25,1.0
qwen3-4b,connected_nodes,0.1,none,100,100,0.0,86.5,127.40000000000003,2.0,0.0,0.0,0.0,0.93,1.0
qwen3-4b,connected_nodes,0.1,filler,100,100,0.0,21.0,45.50000000000004,0.0,0.0,0.0,0.0,0.72,1.0
qwen3-4b,connected_nodes,0.1,degree,100,100,0.0,60.0,105.10000000000001,1.0,0.0,0.0,0.0,0.86,1.0
qwen3-4b,connected_nodes,0.1,clustering,100,100,0.0,30.5,104.30000000000003,0.0,0.0,0.0,0.0,0.85,1.0
qwen3-4b,connected_nodes,0.1,rwse,100,100,0.0,28.5,93.10000000000001,0.0,0.0,0.0,0.0,0.83,1.0
qwen3-4b,connected_nodes,0.1,components,100,100,0.0,100.0,133.0,2.0,0.0,0.03,0.0,1.0,1.0
qwen3-4b,connected_nodes,0.1,all,100,100,0.0,38.0,83.20000000000002,1.0,0.0,0.0,0.0,0.82,1.0
qwen3-4b,connected_nodes,0.2,none,100,100,0.0,118.5,178.60000000000005,2.0,0.0,0.0,0.0,0.88,1.0
qwen3-4b,connected_nodes,0.2,filler,100,100,0.0,34.0,117.80000000000007,0.0,0.0,0.0,0.0,0.74,1.0
qwen3-4b,connected_nodes,0.2,degree,100,100,0.0,111.5,149.10000000000002,3.0,0.0,0.0,0.0,0.9,1.0
qwen3-4b,connected_nodes,0.2,clustering,100,100,0.0,116.0,161.9000000000001,3.0,0.0,0.0,0.0,0.97,1.0
qwen3-4b,connected_nodes,0.2,rwse,100,100,0.0,41.0,138.0,0.0,0.0,0.0,0.0,0.83,1.0
qwen3-4b,connected_nodes,0.2,components,100,100,0.0,153.0,200.0,2.0,0.0,0.01,0.0,0.99,1.0
qwen3-4b,connected_nodes,0.2,all,100,100,0.0,47.5,121.30000000000003,0.0,0.0,0.0,0.0,0.88,1.0
qwen3-4b,connected_nodes,0.35,none,100,100,0.0,182.5,256.50000000000006,2.0,0.0,0.0,0.0,0.84,1.0
qwen3-4b,connected_nodes,0.35,filler,100,100,0.0,64.0,204.9000000000001,0.0,0.0,0.0,0.0,0.78,1.0
qwen3-4b,connected_nodes,0.35,degree,100,100,0.0,163.5,246.20000000000002,3.0,0.0,0.0,0.0,0.8,1.0
qwen3-4b,connected_nodes,0.35,clustering,100,100,0.0,181.0,249.00000000000009,3.0,0.0,0.0,0.0,0.89,1.0
qwen3-4b,connected_nodes,0.35,rwse,100,100,0.0,115.5,247.0,1.0,0.0,0.0,0.0,0.89,1.0
qwen3-4b,connected_nodes,0.35,components,100,100,0.0,212.0,273.50000000000006,2.0,0.0,0.04,0.0,0.94,1.0
qwen3-4b,connected_nodes,0.35,all,100,100,0.0,115.5,230.10000000000002,1.0,0.0,0.0,0.0,0.87,1.0
qwen3-4b,connected_nodes,0.5,none,100,100,0.0,233.0,339.70000000000005,2.0,0.0,0.0,0.0,0.79,1.0
qwen3-4b,connected_nodes,0.5,filler,100,100,0.0,94.0,301.70000000000005,0.0,0.0,0.0,0.0,0.7,1.0
qwen3-4b,connected_nodes,0.5,degree,100,100,0.0,258.0,389.50000000000006,3.0,0.0,0.0,0.0,0.76,1.0
qwen3-4b,connected_nodes,0.5,clustering,100,100,0.0,258.0,382.1,3.0,0.0,0.0,0.0,0.77,1.0
qwen3-4b,connected_nodes,0.5,rwse,100,100,0.0,169.5,302.3,1.0,0.0,0.0,0.0,0.89,1.0
qwen3-4b,connected_nodes,0.5,components,100,100,0.0,280.0,464.20000000000016,2.0,0.0,0.01,0.0,0.88,1.0
qwen3-4b,connected_nodes,0.5,all,100,100,0.0,107.0,288.0,0.0,0.0,0.0,0.0,0.76,1.0
qwen3-4b,edge_count,0.1,none,100,100,0.0,1216.0,1761.9000000000005,39.0,0.96,0.04,0.72,0.05,1.0
qwen3-4b,edge_count,0.1,filler,100,100,0.0,616.0,728.7,40.0,1.0,0.0,1.0,0.1,1.0
qwen3-4b,edge_count,0.1,degree,100,97,0.03,1063.0,1689.8000000000002,40.0,1.0,0.0,0.99,0.27,1.0
qwen3-4b,edge_count,0.1,clustering,100,99,0.01,575.0,768.2,40.0,1.0,0.0,1.0,0.0,1.0
qwen3-4b,edge_count,0.1,rwse,100,98,0.02,669.0,1235.3,40.0,0.36,0.0,1.0,0.01,1.0
qwen3-4b,edge_count,0.1,components,100,100,0.0,1266.0,1489.6000000000001,39.0,0.99,0.0,0.67,0.0,1.0
qwen3-4b,edge_count,0.1,all,100,100,0.0,571.0,577.0,40.0,1.0,0.0,1.0,0.03,1.0
qwen3-4b,edge_count,0.2,none,100,100,0.0,1347.5,1984.3000000000002,40.0,0.99,0.0,0.61,0.02,1.0
qwen3-4b,edge_count,0.2,filler,100,100,0.0,596.0,636.1,40.0,1.0,0.0,1.0,0.02,1.0
qwen3-4b,edge_count,0.2,degree,100,99,0.01,1129.0,1570.4,40.0,1.0,0.0,1.0,0.32,1.0
qwen3-4b,edge_count,0.2,clustering,100,100,0.0,624.5,641.0,40.0,1.0,0.0,1.0,0.01,1.0
qwen3-4b,edge_count,0.2,rwse,100,100,0.0,660.0,745.3000000000001,40.0,0.54,0.0,1.0,0.01,1.0
qwen3-4b,edge_count,0.2,components,100,100,0.0,1761.0,1959.6000000000001,0.0,0.99,0.0,0.14,0.01,1.0
qwen3-4b,edge_count,0.2,all,100,100,0.0,596.5,1187.9000000000003,40.0,1.0,0.0,1.0,0.03,1.0
qwen3-4b,edge_count,0.35,none,100,100,0.0,968.0,2342.7000000000003,40.0,1.0,0.0,0.97,0.01,1.0
qwen3-4b,edge_count,0.35,filler,100,100,0.0,656.0,694.0,40.0,1.0,0.0,1.0,0.01,1.0
qwen3-4b,edge_count,0.35,degree,100,99,0.01,879.0,1386.2,40.0,1.0,0.0,0.97,0.25,1.0
qwen3-4b,edge_count,0.35,clustering,100,100,0.0,665.0,693.0,40.0,1.0,0.0,1.0,0.02,1.0
qwen3-4b,edge_count,0.35,rwse,100,100,0.0,775.5,1265.5000000000002,40.0,1.0,0.0,1.0,0.0,1.0
qwen3-4b,edge_count,0.35,components,100,99,0.01,784.0,2021.4,40.0,1.0,0.0,0.93,0.02,1.0
qwen3-4b,edge_count,0.35,all,100,99,0.01,651.0,1300.0,40.0,1.0,0.0,1.0,0.08,1.0
qwen3-4b,edge_count,0.5,none,100,100,0.0,927.0,2160.3000000000006,40.0,1.0,0.06,0.9,0.0,1.0
qwen3-4b,edge_count,0.5,filler,100,100,0.0,688.0,700.0,40.0,1.0,0.01,1.0,0.0,1.0
qwen3-4b,edge_count,0.5,degree,100,98,0.02,1197.0,1489.0999999999997,40.0,1.0,0.0,0.62,0.33,1.0
qwen3-4b,edge_count,0.5,clustering,100,100,0.0,653.0,693.2,40.0,1.0,0.0,1.0,0.0,1.0
qwen3-4b,edge_count,0.5,rwse,100,100,0.0,825.0,983.5,40.0,1.0,0.0,1.0,0.0,1.0
qwen3-4b,edge_count,0.5,components,100,98,0.02,775.0,2230.9999999999995,40.0,1.0,0.0,1.0,0.0,1.0
qwen3-4b,edge_count,0.5,all,100,98,0.02,655.0,1208.0,40.0,1.0,0.0,1.0,0.09,1.0
qwen3-4b-think,node_count,0.1,none,100,100,0.0,1313.0,2285.8,2.0,0.0,0.03,0.13,0.98,1.0
qwen3-4b-think,node_count,0.1,filler,100,100,0.0,634.5,885.9000000000001,9.0,0.0,0.37,0.04,1.0,1.0
qwen3-4b-think,node_count,0.1,degree,100,100,0.0,957.0,1382.5,8.0,0.0,0.1,0.05,1.0,1.0
qwen3-4b-think,node_count,0.1,clustering,100,99,0.01,666.0,1137.4,5.0,0.0,0.05,0.08,1.0,1.0
qwen3-4b-think,node_count,0.1,rwse,100,99,0.01,650.0,1056.6,2.0,0.0,0.02,0.06,0.99,1.0
qwen3-4b-think,node_count,0.1,components,100,100,0.0,1201.0,2164.200000000002,2.0,0.0,0.12,0.2,0.99,1.0
qwen3-4b-think,node_count,0.1,all,100,100,0.0,505.0,743.7000000000002,2.0,0.0,0.1,0.0,1.0,1.0
qwen3-4b-think,node_count,0.2,none,100,100,0.0,820.0,1359.2,1.0,0.0,0.02,0.0,1.0,1.0
qwen3-4b-think,node_count,0.2,filler,100,100,0.0,543.0,711.5,6.0,0.0,0.42,0.0,1.0,1.0
qwen3-4b-think,node_count,0.2,degree,100,100,0.0,903.0,1324.5,5.0,0.02,0.11,0.1,1.0,1.0
qwen3-4b-think,node_count,0.2,clustering,100,100,0.0,558.5,767.9000000000002,2.5,0.0,0.03,0.0,1.0,1.0
qwen3-4b-think,node_count,0.2,rwse,100,100,0.0,649.0,874.2,1.0,0.0,0.02,0.0,1.0,1.0
qwen3-4b-think,node_count,0.2,components,100,100,0.0,917.5,1348.4,1.0,0.0,0.03,0.0,1.0,1.0
qwen3-4b-think,node_count,0.2,all,100,100,0.0,607.5,931.3000000000001,1.0,0.0,0.02,0.0,1.0,1.0
qwen3-4b-think,node_count,0.35,none,100,100,0.0,835.5,1210.3,1.0,0.0,0.0,0.0,1.0,1.0
qwen3-4b-think,node_count,0.35,filler,100,100,0.0,481.0,625.4000000000003,4.0,0.0,0.29,0.0,1.0,1.0
qwen3-4b-think,node_count,0.35,degree,100,100,0.0,836.5,1207.3000000000002,5.0,0.04,0.15,0.08,1.0,1.0
qwen3-4b-think,node_count,0.35,clustering,100,100,0.0,634.0,807.0000000000001,1.0,0.0,0.0,0.01,1.0,1.0
qwen3-4b-think,node_count,0.35,rwse,100,100,0.0,649.5,880.4000000000001,0.0,0.0,0.01,0.0,1.0,1.0
qwen3-4b-think,node_count,0.35,components,100,100,0.0,844.0,1119.8000000000002,0.0,0.0,0.04,0.0,1.0,1.0
qwen3-4b-think,node_count,0.35,all,100,100,0.0,674.0,971.3000000000001,1.0,0.0,0.0,0.0,1.0,1.0
qwen3-4b-think,node_count,0.5,none,100,100,0.0,625.5,823.4000000000001,0.0,0.0,0.05,0.0,1.0,1.0
qwen3-4b-think,node_count,0.5,filler,100,100,0.0,429.0,548.6000000000004,4.0,0.0,0.14,0.0,1.0,1.0
qwen3-4b-think,node_count,0.5,degree,100,99,0.01,791.0,1167.6000000000001,5.0,0.13,0.17,0.09,1.0,1.0
qwen3-4b-think,node_count,0.5,clustering,100,100,0.0,561.5,813.4000000000004,1.0,0.0,0.03,0.0,1.0,1.0
qwen3-4b-think,node_count,0.5,rwse,100,100,0.0,581.0,863.2,2.0,0.0,0.03,0.02,1.0,1.0
qwen3-4b-think,node_count,0.5,components,100,100,0.0,798.5,1024.0000000000002,0.0,0.0,0.06,0.0,0.99,1.0
qwen3-4b-think,node_count,0.5,all,100,100,0.0,633.5,983.3000000000003,1.0,0.0,0.04,0.0,1.0,1.0
qwen3-4b-think,cycle_check,0.1,none,100,98,0.02,2039.5,3348.9999999999995,26.0,0.0,0.16,0.67,0.98,0.99
qwen3-4b-think,cycle_check,0.1,filler,100,99,0.01,1630.0,2550.4000000000005,28.0,0.0,0.14,0.71,1.0,1.0
qwen3-4b-think,cycle_check,0.1,degree,100,96,0.04,2720.5,4313.5,29.0,0.3,0.18,0.7,0.95,1.0
qwen3-4b-think,cycle_check,0.1,clustering,100,98,0.02,1537.5,2920.7999999999997,29.0,0.0,0.2,0.74,1.0,1.0
qwen3-4b-think,cycle_check,0.1,rwse,100,98,0.02,2374.0,4072.3,38.5,0.0,0.52,0.92,1.0,1.0
qwen3-4b-think,cycle_check,0.1,components,100,99,0.01,1871.0,3132.4,21.0,0.02,0.37,0.55,0.99,1.0
qwen3-4b-think,cycle_check,0.1,all,100,100,0.0,1681.5,2521.9000000000005,25.0,0.0,0.22,0.69,1.0,1.0
qwen3-4b-think,cycle_check,0.2,none,100,100,0.0,1799.0,3122.2000000000007,36.0,0.0,0.19,0.87,1.0,1.0
qwen3-4b-think,cycle_check,0.2,filler,100,100,0.0,1627.0,3097.2000000000003,28.0,0.0,0.21,0.75,1.0,1.0
qwen3-4b-think,cycle_check,0.2,degree,100,97,0.03,2438.0,3932.6000000000017,28.0,0.28,0.13,0.65,0.97,1.0
qwen3-4b-think,cycle_check,0.2,clustering,100,99,0.01,1859.0,2776.8,43.0,0.0,0.24,0.89,1.0,1.0
qwen3-4b-think,cycle_check,0.2,rwse,100,100,0.0,2305.0,3564.5,43.5,0.0,0.49,0.96,1.0,1.0
qwen3-4b-think,cycle_check,0.2,components,100,100,0.0,2022.0,3632.3,34.0,0.1,0.36,0.85,1.0,1.0
qwen3-4b-think,cycle_check,0.2,all,100,99,0.01,1862.0,2880.0,42.0,0.04,0.2,0.83,0.99,1.0
qwen3-4b-think,cycle_check,0.35,none,100,99,0.01,1714.0,3331.4,38.0,0.0,0.11,0.84,0.99,1.0
qwen3-4b-think,cycle_check,0.35,filler,100,100,0.0,1455.5,2727.300000000002,32.0,0.0,0.19,0.72,1.0,1.0
qwen3-4b-think,cycle_check,0.35,degree,100,93,0.07,2691.0,4633.599999999999,59.0,0.37,0.18,0.9,0.96,1.0
qwen3-4b-think,cycle_check,0.35,clustering,100,100,0.0,1739.5,2621.900000000001,53.0,0.0,0.15,0.91,1.0,1.0
qwen3-4b-think,cycle_check,0.35,rwse,100,100,0.0,2314.0,3348.6000000000004,52.0,0.0,0.24,0.93,1.0,1.0
qwen3-4b-think,cycle_check,0.35,components,100,93,0.07,1905.0,5247.799999999999,36.0,0.29,0.25,0.8,0.98,1.0
qwen3-4b-think,cycle_check,0.35,all,100,98,0.02,1630.0,2618.9,48.5,0.04,0.16,0.92,0.99,1.0
qwen3-4b-think,cycle_check,0.5,none,100,100,0.0,1508.5,2580.7000000000003,36.5,0.01,0.48,0.81,1.0,1.0
qwen3-4b-think,cycle_check,0.5,filler,100,100,0.0,1383.5,2330.2000000000003,32.0,0.01,0.19,0.79,1.0,1.0
qwen3-4b-think,cycle_check,0.5,degree,100,92,0.08,2563.0,4447.5,72.0,0.46,0.2,0.94,0.96,1.0
qwen3-4b-think,cycle_check,0.5,clustering,100,100,0.0,1527.0,2209.2,47.5,0.02,0.22,0.92,1.0,1.0
qwen3-4b-think,cycle_check,0.5,rwse,100,100,0.0,2058.5,3006.1,67.5,0.02,0.43,1.0,1.0,1.0
qwen3-4b-think,cycle_check,0.5,components,100,92,0.08,1479.5,4448.300000000001,26.0,0.25,0.18,0.7,0.98,0.99
qwen3-4b-think,cycle_check,0.5,all,100,98,0.02,1621.5,2912.3,52.0,0.19,0.13,0.96,1.0,1.0
qwen3-4b-think,edge_existence,0.1,none,100,99,0.01,575.0,805.4000000000001,28.0,0.0,0.59,0.93,1.0,1.0
qwen3-4b-think,edge_existence,0.1,filler,100,99,0.01,535.0,699.6,28.0,0.0,0.62,0.93,1.0,1.0
qwen3-4b-think,edge_existence,0.1,degree,100,99,0.01,626.0,856.4000000000001,31.0,0.0,0.81,0.99,1.0,1.0
qwen3-4b-think,edge_existence,0.1,clustering,100,97,0.03,588.0,850.2000000000003,31.0,0.0,0.78,0.97,1.0,1.0
qwen3-4b-think,edge_existence,0.1,rwse,100,96,0.04,604.0,1221.0,31.0,0.0,0.8,0.95,1.0,1.0
qwen3-4b-think,edge_existence,0.1,components,100,99,0.01,692.0,947.8000000000002,31.0,0.0,0.7,0.96,1.0,1.0
qwen3-4b-think,edge_existence,0.1,all,100,96,0.04,561.5,860.5,30.0,0.0,0.69,0.95,1.0,1.0
qwen3-4b-think,edge_existence,0.2,none,100,100,0.0,706.5,869.4000000000002,30.0,0.0,0.6,0.93,1.0,1.0
qwen3-4b-think,edge_existence,0.2,filler,100,100,0.0,669.5,912.6,28.5,0.0,0.47,0.91,1.0,1.0
qwen3-4b-think,edge_existence,0.2,degree,100,100,0.0,704.0,927.4000000000001,31.0,0.0,0.8,0.95,1.0,1.0
qwen3-4b-think,edge_existence,0.2,clustering,100,99,0.01,661.0,875.4000000000001,28.0,0.0,0.64,0.91,1.0,1.0
qwen3-4b-think,edge_existence,0.2,rwse,100,98,0.02,738.0,993.9,33.0,0.0,0.56,0.99,0.99,1.0
qwen3-4b-think,edge_existence,0.2,components,100,99,0.01,752.0,986.8000000000001,30.0,0.0,0.65,0.96,1.0,1.0
qwen3-4b-think,edge_existence,0.2,all,100,99,0.01,622.0,897.0,28.0,0.0,0.47,0.86,1.0,1.0
qwen3-4b-think,edge_existence,0.35,none,100,100,0.0,875.5,1105.0000000000007,31.0,0.0,0.52,1.0,1.0,1.0
qwen3-4b-think,edge_existence,0.35,filler,100,100,0.0,775.0,1058.5000000000002,28.0,0.0,0.56,0.85,1.0,1.0
qwen3-4b-think,edge_existence,0.35,degree,100,100,0.0,855.0,1109.1,29.5,0.0,0.59,0.91,1.0,1.0
qwen3-4b-think,edge_existence,0.35,clustering,100,100,0.0,800.0,1035.3,29.0,0.0,0.56,0.96,1.0,1.0
qwen3-4b-think,edge_existence,0.35,rwse,100,100,0.0,750.5,1081.5,29.0,0.0,0.56,0.95,1.0,1.0
qwen3-4b-think,edge_existence,0.35,components,100,100,0.0,943.5,1196.1,31.0,0.0,0.76,0.95,1.0,1.0
qwen3-4b-think,edge_existence,0.35,all,100,100,0.0,723.0,982.9000000000001,26.0,0.0,0.52,0.87,1.0,1.0
qwen3-4b-think,edge_existence,0.5,none,100,100,0.0,776.0,1172.2,29.0,0.0,0.32,0.94,1.0,1.0
qwen3-4b-think,edge_existence,0.5,filler,100,100,0.0,784.5,1215.4,28.0,0.0,0.56,0.96,1.0,1.0
qwen3-4b-think,edge_existence,0.5,degree,100,100,0.0,803.0,1233.6000000000001,28.0,0.0,0.43,0.91,1.0,1.0
qwen3-4b-think,edge_existence,0.5,clustering,100,100,0.0,801.0,1129.5,27.5,0.0,0.39,0.9,1.0,1.0
qwen3-4b-think,edge_existence,0.5,rwse,100,100,0.0,770.0,1137.1000000000001,27.0,0.0,0.45,0.9,1.0,1.0
qwen3-4b-think,edge_existence,0.5,components,100,99,0.01,909.0,1338.6,30.0,0.0,0.73,0.96,1.0,1.0
qwen3-4b-think,edge_existence,0.5,all,100,100,0.0,737.5,1156.1000000000001,25.0,0.0,0.36,0.84,1.0,1.0
qwen3-4b-think,edge_existence,0.65,none,100,100,0.0,732.0,1273.3,28.5,0.0,0.21,0.87,1.0,1.0
qwen3-4b-think,edge_existence,0.65,filler,100,100,0.0,672.0,1246.3,25.0,0.0,0.41,0.84,1.0,1.0
qwen3-4b-think,edge_existence,0.65,degree,100,100,0.0,676.0,1368.5000000000002,26.0,0.0,0.26,0.83,1.0,1.0
qwen3-4b-think,edge_existence,0.65,clustering,100,100,0.0,754.5,1164.6000000000001,26.0,0.0,0.27,0.87,1.0,1.0
qwen3-4b-think,edge_existence,0.65,rwse,100,100,0.0,793.0,1092.0000000000005,27.0,0.0,0.32,0.94,1.0,1.0
qwen3-4b-think,edge_existence,0.65,components,100,100,0.0,925.5,1328.2000000000003,30.0,0.0,0.71,0.96,1.0,1.0
qwen3-4b-think,edge_existence,0.65,all,100,100,0.0,761.5,1099.1,24.0,0.0,0.17,0.76,1.0,1.0
qwen3-4b-think,edge_existence,0.75,none,100,100,0.0,779.0,1386.1,28.0,0.0,0.18,0.87,1.0,1.0
qwen3-4b-think,edge_existence,0.75,filler,100,100,0.0,742.5,1120.7,26.0,0.0,0.41,0.85,1.0,1.0
qwen3-4b-think,edge_existence,0.75,degree,100,100,0.0,729.0,1234.3000000000002,25.0,0.0,0.21,0.86,1.0,1.0
qwen3-4b-think,edge_existence,0.75,clustering,100,100,0.0,817.5,1269.9,26.0,0.0,0.3,0.84,1.0,1.0
qwen3-4b-think,edge_existence,0.75,rwse,100,100,0.0,825.5,1053.6000000000001,27.0,0.0,0.26,0.88,1.0,1.0
qwen3-4b-think,edge_existence,0.75,components,100,100,0.0,989.5,1438.9,30.0,0.0,0.68,0.96,1.0,1.0
qwen3-4b-think,edge_existence,0.75,all,100,100,0.0,821.0,1017.4000000000001,24.0,0.0,0.21,0.8,1.0,1.0
qwen3-4b-think,edge_existence,0.85,none,100,100,0.0,895.5,1386.3000000000002,29.0,0.0,0.37,0.88,0.98,1.0
qwen3-4b-think,edge_existence,0.85,filler,100,100,0.0,761.0,1216.3000000000002,26.0,0.0,0.43,0.86,1.0,1.0
qwen3-4b-think,edge_existence,0.85,degree,100,100,0.0,803.5,1341.5000000000002,27.0,0.0,0.33,0.86,1.0,1.0
qwen3-4b-think,edge_existence,0.85,clustering,100,100,0.0,762.0,1262.9000000000005,27.0,0.0,0.32,0.76,1.0,1.0
qwen3-4b-think,edge_existence,0.85,rwse,100,100,0.0,807.0,1182.8000000000002,28.0,0.0,0.35,0.9,0.99,1.0
qwen3-4b-think,edge_existence,0.85,components,100,100,0.0,1026.5,1416.5000000000002,31.0,0.0,0.51,0.96,1.0,1.0
qwen3-4b-think,edge_existence,0.85,all,100,100,0.0,788.0,1140.4,24.0,0.0,0.29,0.79,0.99,1.0
qwen3-4b-think,node_degree,0.1,none,100,97,0.03,1198.0,2040.4,37.0,0.0,0.68,0.87,0.97,1.0
qwen3-4b-think,node_degree,0.1,filler,100,97,0.03,761.0,1733.0000000000002,25.0,0.0,0.47,0.66,0.97,1.0
qwen3-4b-think,node_degree,0.1,degree,100,99,0.01,951.0,1531.2000000000005,41.0,0.01,0.89,0.76,0.99,1.0
qwen3-4b-think,node_degree,0.1,clustering,100,97,0.03,543.0,1442.4000000000005,16.0,0.0,0.71,0.36,0.97,1.0
qwen3-4b-think,node_degree,0.1,rwse,100,93,0.07,580.0,1586.6,17.0,0.0,0.35,0.47,0.93,1.0
qwen3-4b-think,node_degree,0.1,components,100,94,0.06,1291.0,2018.2000000000003,40.5,0.0,0.76,0.92,0.94,1.0
qwen3-4b-think,node_degree,0.1,all,100,95,0.05,461.0,767.2,11.0,0.0,0.72,0.16,0.95,1.0
qwen3-4b-think,node_degree,0.2,none,100,95,0.05,825.0,1521.2000000000014,17.0,0.0,0.71,0.39,0.95,1.0
qwen3-4b-think,node_degree,0.2,filler,100,100,0.0,591.0,844.9000000000001,12.0,0.0,0.36,0.13,1.0,1.0
qwen3-4b-think,node_degree,0.2,degree,100,100,0.0,969.5,1454.1000000000013,28.0,0.0,0.82,0.65,0.99,1.0
qwen3-4b-think,node_degree,0.2,clustering,100,100,0.0,577.0,1012.6000000000004,12.0,0.0,0.78,0.2,0.99,1.0
qwen3-4b-think,node_degree,0.2,rwse,100,98,0.02,608.5,1310.6999999999996,13.0,0.0,0.33,0.23,0.96,1.0
qwen3-4b-think,node_degree,0.2,components,100,99,0.01,981.0,1904.6000000000001,22.0,0.0,0.76,0.59,0.98,1.0
qwen3-4b-think,node_degree,0.2,all,100,99,0.01,585.0,996.2000000000002,13.0,0.0,0.69,0.26,0.98,1.0
qwen3-4b-think,node_degree,0.35,none,100,97,0.03,978.0,1448.6000000000004,15.0,0.0,0.67,0.19,0.97,1.0
qwen3-4b-think,node_degree,0.35,filler,100,100,0.0,735.5,1068.1,11.0,0.0,0.39,0.02,1.0,1.0
qwen3-4b-think,node_degree,0.35,degree,100,100,0.0,1049.5,1582.7000000000003,24.0,0.01,0.61,0.59,1.0,1.0
qwen3-4b-think,node_degree,0.35,clustering,100,100,0.0,701.0,1034.2000000000003,11.0,0.0,0.67,0.04,1.0,1.0
qwen3-4b-think,node_degree,0.35,rwse,100,100,0.0,718.0,1055.1000000000004,12.0,0.0,0.34,0.04,1.0,1.0
qwen3-4b-think,node_degree,0.35,components,100,98,0.02,1009.0,2034.6,15.0,0.0,0.68,0.34,0.98,1.0
qwen3-4b-think,node_degree,0.35,all,100,100,0.0,726.5,1140.4,13.5,0.0,0.57,0.21,0.98,1.0
qwen3-4b-think,node_degree,0.5,none,100,100,0.0,1339.5,1805.7000000000003,14.0,0.0,0.61,0.09,1.0,1.0
qwen3-4b-think,node_degree,0.5,filler,100,99,0.01,1013.0,1529.4,11.0,0.0,0.37,0.02,0.99,1.0
qwen3-4b-think,node_degree,0.5,degree,100,100,0.0,1082.5,1590.6000000000004,49.0,0.01,0.71,0.66,1.0,1.0
qwen3-4b-think,node_degree,0.5,clustering,100,100,0.0,919.5,1335.0000000000014,11.0,0.0,0.66,0.0,0.99,1.0
qwen3-4b-think,node_degree,0.5,rwse,100,100,0.0,963.5,2409.300000000002,11.0,0.0,0.42,0.12,0.94,1.0
qwen3-4b-think,node_degree,0.5,components,100,100,0.0,1304.0,2016.9000000000003,13.0,0.0,0.6,0.09,0.99,1.0
qwen3-4b-think,node_degree,0.5,all,100,99,0.01,906.0,1832.4000000000005,14.0,0.0,0.63,0.26,0.99,1.0
qwen3-4b-think,node_degree,0.65,none,100,100,0.0,1699.0,2485.7000000000003,14.0,0.0,0.68,0.13,1.0,1.0
qwen3-4b-think,node_degree,0.65,filler,100,100,0.0,1351.0,1951.2000000000007,10.0,0.0,0.24,0.0,1.0,1.0
qwen3-4b-think,node_degree,0.65,degree,100,99,0.01,1271.0,1849.6000000000001,29.0,0.01,0.69,0.66,0.97,1.0
qwen3-4b-think,node_degree,0.65,clustering,100,100,0.0,1342.0,1918.5000000000002,12.0,0.0,0.62,0.06,0.98,1.0
qwen3-4b-think,node_degree,0.65,rwse,100,98,0.02,1372.5,2401.899999999999,12.0,0.0,0.48,0.12,0.97,1.0
qwen3-4b-think,node_degree,0.65,components,100,99,0.01,1746.0,2669.8,14.0,0.0,0.52,0.13,0.98,1.0
qwen3-4b-think,node_degree,0.65,all,100,99,0.01,1131.0,2127.2000000000003,14.0,0.0,0.41,0.22,0.99,1.0
qwen3-4b-think,node_degree,0.75,none,100,99,0.01,2267.0,3223.4000000000005,15.0,0.0,0.73,0.17,0.97,1.0
qwen3-4b-think,node_degree,0.75,filler,100,100,0.0,1685.0,2758.2000000000003,10.0,0.0,0.2,0.07,0.97,1.0
qwen3-4b-think,node_degree,0.75,degree,100,100,0.0,1381.0,2111.7000000000003,50.0,0.01,0.64,0.78,0.98,1.0
qwen3-4b-think,node_degree,0.75,clustering,100,100,0.0,1851.0,3111.6000000000004,14.0,0.0,0.71,0.24,0.97,1.0
qwen3-4b-think,node_degree,0.75,rwse,100,100,0.0,2159.0,3197.7000000000003,18.0,0.0,0.59,0.42,0.95,1.0
qwen3-4b-think,node_degree,0.75,components,100,99,0.01,2507.0,3631.0000000000005,18.0,0.0,0.71,0.32,0.96,1.0
qwen3-4b-think,node_degree,0.75,all,100,99,0.01,1417.0,2631.600000000001,15.0,0.0,0.62,0.18,0.98,1.0
qwen3-4b-think,node_degree,0.85,none,100,100,0.0,2786.5,4082.800000000002,19.0,0.0,0.69,0.43,0.96,1.0
qwen3-4b-think,node_degree,0.85,filler,100,100,0.0,2344.0,3345.600000000001,14.0,0.0,0.51,0.21,0.95,1.0
qwen3-4b-think,node_degree,0.85,degree,100,99,0.01,1413.0,2145.0,50.0,0.03,0.69,0.7,0.97,1.0
qwen3-4b-think,node_degree,0.85,clustering,100,99,0.01,2606.0,4369.200000000001,21.0,0.0,0.79,0.56,0.96,1.0
qwen3-4b-think,node_degree,0.85,rwse,100,99,0.01,2590.0,4170.0,20.0,0.0,0.71,0.54,0.99,1.0
qwen3-4b-think,node_degree,0.85,components,100,100,0.0,3158.5,4599.1,25.0,0.0,0.78,0.66,0.92,1.0
qwen3-4b-think,node_degree,0.85,all,100,99,0.01,1705.0,3165.8,15.0,0.0,0.68,0.31,0.98,1.0
qwen3-4b-think,connected_nodes,0.1,none,100,97,0.03,918.0,2361.6000000000004,10.0,0.0,0.49,0.3,0.97,1.0
qwen3-4b-think,connected_nodes,0.1,filler,100,98,0.02,677.0,2068.1999999999985,9.0,0.0,0.58,0.18,0.98,1.0
qwen3-4b-think,connected_nodes,0.1,degree,100,94,0.06,726.0,1104.8000000000002,12.0,0.0,0.46,0.23,0.95,1.0
qwen3-4b-think,connected_nodes,0.1,clustering,100,90,0.1,639.0,1563.9000000000062,10.0,0.0,0.77,0.23,0.93,1.0
qwen3-4b-think,connected_nodes,0.1,rwse,100,96,0.04,681.5,2425.5,9.0,0.0,0.7,0.26,0.97,1.0
qwen3-4b-think,connected_nodes,0.1,components,100,94,0.06,1200.0,3817.100000000001,14.0,0.0,0.6,0.31,0.95,1.0
qwen3-4b-think,connected_nodes,0.1,all,100,91,0.09,620.0,1833.0,9.0,0.0,0.44,0.25,0.92,1.0
qwen3-4b-think,connected_nodes,0.2,none,100,95,0.05,788.0,1773.4000000000005,10.0,0.0,0.51,0.12,0.95,1.0
qwen3-4b-think,connected_nodes,0.2,filler,100,94,0.06,712.5,2246.8000000000006,8.0,0.0,0.58,0.13,0.97,1.0
qwen3-4b-think,connected_nodes,0.2,degree,100,97,0.03,770.0,1256.4000000000008,10.0,0.0,0.43,0.09,0.98,1.0
qwen3-4b-think,connected_nodes,0.2,clustering,100,93,0.07,721.0,1543.9999999999986,9.0,0.0,0.68,0.17,0.96,1.0
qwen3-4b-think,connected_nodes,0.2,rwse,100,92,0.08,738.5,2654.000000000002,9.0,0.0,0.74,0.16,0.94,1.0
qwen3-4b-think,connected_nodes,0.2,components,100,94,0.06,861.0,1549.4000000000003,9.0,0.0,0.65,0.11,0.96,1.0
qwen3-4b-think,connected_nodes,0.2,all,100,93,0.07,686.0,1366.0,9.0,0.0,0.39,0.15,0.93,1.0
qwen3-4b-think,connected_nodes,0.35,none,100,97,0.03,950.0,1356.8000000000002,10.0,0.0,0.41,0.08,0.99,1.0
qwen3-4b-think,connected_nodes,0.35,filler,100,100,0.0,814.5,1258.4,9.0,0.0,0.51,0.04,0.99,1.0
qwen3-4b-think,connected_nodes,0.35,degree,100,98,0.02,889.5,1329.8,10.0,0.0,0.41,0.1,0.99,1.0
qwen3-4b-think,connected_nodes,0.35,clustering,100,99,0.01,840.0,1218.8000000000004,9.0,0.0,0.52,0.07,0.99,1.0
qwen3-4b-think,connected_nodes,0.35,rwse,100,100,0.0,836.0,1343.2000000000003,9.0,0.0,0.61,0.09,0.97,1.0
qwen3-4b-think,connected_nodes,0.35,components,100,99,0.01,971.0,1440.0000000000002,10.0,0.0,0.53,0.08,1.0,1.0
qwen3-4b-think,connected_nodes,0.35,all,100,100,0.0,766.0,1121.5000000000007,9.0,0.0,0.61,0.06,0.99,1.0
qwen3-4b-think,connected_nodes,0.5,none,100,98,0.02,1090.0,1625.6,10.0,0.0,0.35,0.07,0.97,1.0
qwen3-4b-think,connected_nodes,0.5,filler,100,97,0.03,958.0,1353.0000000000002,8.0,0.0,0.42,0.02,0.98,1.0
qwen3-4b-think,connected_nodes,0.5,degree,100,99,0.01,1026.0,1525.2000000000003,9.0,0.0,0.3,0.05,0.97,1.0
qwen3-4b-think,connected_nodes,0.5,clustering,100,100,0.0,992.5,1655.6000000000008,9.0,0.0,0.44,0.08,0.98,1.0
qwen3-4b-think,connected_nodes,0.5,rwse,100,100,0.0,948.5,1187.7000000000003,8.0,0.0,0.78,0.0,0.99,1.0
qwen3-4b-think,connected_nodes,0.5,components,100,99,0.01,1102.0,1547.6000000000001,9.0,0.0,0.47,0.02,0.98,1.0
qwen3-4b-think,connected_nodes,0.5,all,100,99,0.01,922.0,1288.0,9.0,0.0,0.41,0.07,0.98,1.0
qwen3-4b-think,edge_count,0.1,none,100,40,0.6,,,172.0,1.0,0.62,1.0,0.65,1.0
qwen3-4b-think,edge_count,0.1,filler,100,60,0.4,,,162.5,1.0,0.33,1.0,0.77,1.0
qwen3-4b-think,edge_count,0.1,degree,100,36,0.64,,,132.0,0.99,0.79,0.99,0.47,1.0
qwen3-4b-think,edge_count,0.1,clustering,100,80,0.2,5072.0,7352.1,169.5,0.98,0.24,1.0,0.83,1.0
qwen3-4b-think,edge_count,0.1,rwse,100,69,0.31,,,196.0,1.0,0.34,1.0,0.8,1.0
qwen3-4b-think,edge_count,0.1,components,100,73,0.27,,,146.0,1.0,0.3,1.0,0.88,1.0
qwen3-4b-think,edge_count,0.1,all,100,50,0.5,,,143.5,0.99,0.71,1.0,0.45,1.0
qwen3-4b-think,edge_count,0.2,none,100,34,0.66,,,145.0,1.0,0.58,1.0,0.45,1.0
qwen3-4b-think,edge_count,0.2,filler,100,50,0.5,,,138.0,1.0,0.4,1.0,0.57,1.0
qwen3-4b-think,edge_count,0.2,degree,100,48,0.52,,,120.0,0.98,0.67,1.0,0.5,1.0
qwen3-4b-think,edge_count,0.2,clustering,100,53,0.47,,,134.0,1.0,0.3,1.0,0.64,1.0
qwen3-4b-think,edge_count,0.2,rwse,100,52,0.48,,,145.0,1.0,0.33,1.0,0.66,1.0
qwen3-4b-think,edge_count,0.2,components,100,66,0.34,,,122.0,1.0,0.22,1.0,0.75,1.0
qwen3-4b-think,edge_count,0.2,all,100,53,0.47,,,125.0,1.0,0.69,1.0,0.34,1.0
qwen3-4b-think,edge_count,0.35,none,100,8,0.92,,,129.0,0.98,0.29,1.0,0.25,1.0
qwen3-4b-think,edge_count,0.35,filler,100,23,0.77,,,109.0,0.99,0.22,1.0,0.4,1.0
qwen3-4b-think,edge_count,0.35,degree,100,41,0.59,,,97.0,0.98,0.67,1.0,0.35,1.0
qwen3-4b-think,edge_count,0.35,clustering,100,49,0.51,,,132.0,0.99,0.09,1.0,0.57,1.0
qwen3-4b-think,edge_count,0.35,rwse,100,9,0.91,,,127.0,1.0,0.16,1.0,0.36,1.0
qwen3-4b-think,edge_count,0.35,components,100,35,0.65,,,69.0,0.99,0.22,1.0,0.55,1.0
qwen3-4b-think,edge_count,0.35,all,100,37,0.63,,,99.0,1.0,0.71,1.0,0.17,1.0
qwen3-4b-think,edge_count,0.5,none,100,0,1.0,,,,0.89,0.18,1.0,0.04,1.0
qwen3-4b-think,edge_count,0.5,filler,100,1,0.99,,,129.0,1.0,0.02,1.0,0.04,1.0
qwen3-4b-think,edge_count,0.5,degree,100,40,0.6,,,121.5,0.99,0.6,1.0,0.32,1.0
qwen3-4b-think,edge_count,0.5,clustering,100,4,0.96,,,120.0,0.9,0.07,1.0,0.07,1.0
qwen3-4b-think,edge_count,0.5,rwse,100,1,0.99,,,140.0,0.99,0.09,0.97,0.01,1.0
qwen3-4b-think,edge_count,0.5,components,100,8,0.92,,,118.5,1.0,0.03,1.0,0.21,1.0
qwen3-4b-think,edge_count,0.5,all,100,37,0.63,,,91.0,1.0,0.7,1.0,0.16,1.0
