arm,task,density,condition,n,base_acc_pts,band,delta_vs_none_pts,delta_vs_filler_pts,sig_vs_none,sig_vs_filler,content_effect
qwen3-1.7b,edge_existence,0.1,degree,100,89.0,80-95,-6.000000000000005,-1.0000000000000009,0,0,0
qwen3-1.7b,edge_existence,0.1,clustering,100,89.0,80-95,-5.000000000000004,0.0,0,0,0
qwen3-1.7b,edge_existence,0.1,rwse,100,89.0,80-95,2.0000000000000018,7.000000000000006,0,0,0
qwen3-1.7b,edge_existence,0.1,components,100,89.0,80-95,-3.0000000000000027,2.0000000000000018,0,0,0
qwen3-1.7b,edge_existence,0.1,all,100,89.0,80-95,0.0,5.000000000000004,0,0,0
qwen3-1.7b,edge_existence,0.2,degree,100,73.0,50-80,-3.0000000000000027,16.999999999999993,0,1,0
qwen3-1.7b,edge_existence,0.2,clustering,100,73.0,50-80,1.0000000000000009,20.999999999999996,0,1,0
qwen3-1.7b,edge_existence,0.2,rwse,100,73.0,50-80,-4.999999999999993,15.000000000000002,0,1,0
qwen3-1.7b,edge_existence,0.2,components,100,73.0,50-80,-10.999999999999998,8.999999999999996,0,0,0
qwen3-1.7b,edge_existence,0.2,all,100,73.0,50-80,8.000000000000007,28.000000000000004,0,1,0
qwen3-1.7b,edge_existence,0.35,degree,100,66.0,50-80,1.0000000000000009,33.0,0,1,0
qwen3-1.7b,edge_existence,0.35,clustering,100,66.0,50-80,5.999999999999995,37.99999999999999,0,1,0
qwen3-1.7b,edge_existence,0.35,rwse,100,66.0,50-80,9.999999999999998,42.0,0,1,0
qwen3-1.7b,edge_existence,0.35,components,100,66.0,50-80,-16.000000000000004,15.999999999999998,1,1,0
qwen3-1.7b,edge_existence,0.35,all,100,66.0,50-80,12.0,44.0,0,1,0
qwen3-1.7b,edge_existence,0.5,degree,100,54.0,50-80,24.0,30.000000000000004,1,1,1
qwen3-1.7b,edge_existence,0.5,clustering,100,54.0,50-80,13.0,19.000000000000007,1,1,1
qwen3-1.7b,edge_existence,0.5,rwse,100,54.0,50-80,13.0,19.000000000000007,1,1,1
qwen3-1.7b,edge_existence,0.5,components,100,54.0,50-80,-3.0000000000000027,3.0000000000000027,0,0,0
qwen3-1.7b,edge_existence,0.5,all,100,54.0,50-80,26.0,32.00000000000001,1,1,1
qwen3-1.7b,edge_existence,0.65,degree,100,68.0,50-80,2.9999999999999916,4.999999999999993,0,0,0
qwen3-1.7b,edge_existence,0.65,clustering,100,68.0,50-80,-1.0000000000000009,1.0000000000000009,0,0,0
qwen3-1.7b,edge_existence,0.65,rwse,100,68.0,50-80,1.9999999999999907,3.9999999999999925,0,0,0
qwen3-1.7b,edge_existence,0.65,components,100,68.0,50-80,-2.0000000000000018,0.0,0,0,0
qwen3-1.7b,edge_existence,0.65,all,100,68.0,50-80,7.9999999999999964,9.999999999999998,1,1,1
qwen3-1.7b,edge_existence,0.75,degree,100,77.0,50-80,1.0000000000000009,2.0000000000000018,0,0,0
qwen3-1.7b,edge_existence,0.75,clustering,100,77.0,50-80,4.999999999999993,5.999999999999995,0,0,0
qwen3-1.7b,edge_existence,0.75,rwse,100,77.0,50-80,0.0,1.0000000000000009,0,0,0
qwen3-1.7b,edge_existence,0.75,components,100,77.0,50-80,0.0,1.0000000000000009,0,0,0
qwen3-1.7b,edge_existence,0.75,all,100,77.0,50-80,8.999999999999996,9.999999999999998,0,1,0
qwen3-1.7b,edge_existence,0.85,degree,100,86.0,80-95,2.0000000000000018,3.0000000000000027,0,0,0
qwen3-1.7b,edge_existence,0.85,clustering,100,86.0,80-95,0.0,1.0000000000000009,0,0,0
qwen3-1.7b,edge_existence,0.85,rwse,100,86.0,80-95,1.0000000000000009,2.0000000000000018,0,0,0
qwen3-1.7b,edge_existence,0.85,components,100,86.0,80-95,-1.0000000000000009,0.0,0,0,0
qwen3-1.7b,edge_existence,0.85,all,100,86.0,80-95,3.0000000000000027,4.0000000000000036,0,0,0
qwen3-1.7b,node_degree,0.1,degree,100,91.0,80-95,2.9999999999999916,-2.0000000000000018,0,0,0
qwen3-1.7b,node_degree,0.1,clustering,100,91.0,80-95,2.0000000000000018,-2.9999999999999916,0,0,0
qwen3-1.7b,node_degree,0.1,rwse,100,91.0,80-95,2.9999999999999916,-2.0000000000000018,0,0,0
qwen3-1.7b,node_degree,0.1,components,100,91.0,80-95,1.0000000000000009,-3.9999999999999925,0,0,0
qwen3-1.7b,node_degree,0.1,all,100,91.0,80-95,5.999999999999995,1.0000000000000009,0,0,0
qwen3-1.7b,node_degree,0.2,degree,100,80.0,50-80,9.999999999999998,17.000000000000004,0,1,0
qwen3-1.7b,node_degree,0.2,clustering,100,80.0,50-80,1.9999999999999907,8.999999999999996,0,0,0
qwen3-1.7b,node_degree,0.2,rwse,100,80.0,50-80,3.9999999999999925,10.999999999999998,0,0,0
qwen3-1.7b,node_degree,0.2,components,100,80.0,50-80,1.9999999999999907,8.999999999999996,0,0,0
qwen3-1.7b,node_degree,0.2,all,100,80.0,50-80,9.999999999999998,17.000000000000004,0,1,0
qwen3-1.7b,node_degree,0.35,degree,100,41.0,20-50,18.0,18.0,0,1,0
qwen3-1.7b,node_degree,0.35,clustering,100,41.0,20-50,6.0,6.0,0,0,0
qwen3-1.7b,node_degree,0.35,rwse,100,41.0,20-50,6.0,6.0,0,0,0
qwen3-1.7b,node_degree,0.35,components,100,41.0,20-50,3.0000000000000027,3.0000000000000027,0,0,0
qwen3-1.7b,node_degree,0.35,all,100,41.0,20-50,17.0,17.0,0,0,0
qwen3-1.7b,node_degree,0.5,degree,100,30.0,20-50,-1.0000000000000009,-1.0000000000000009,0,0,0
qwen3-1.7b,node_degree,0.5,clustering,100,30.0,20-50,2.0000000000000018,2.0000000000000018,0,0,0
qwen3-1.7b,node_degree,0.5,rwse,100,30.0,20-50,3.0000000000000027,3.0000000000000027,0,0,0
qwen3-1.7b,node_degree,0.5,components,100,30.0,20-50,1.0000000000000009,1.0000000000000009,0,0,0
qwen3-1.7b,node_degree,0.5,all,100,30.0,20-50,8.000000000000002,8.000000000000002,0,0,0
qwen3-1.7b,node_degree,0.65,degree,100,8.0,<20,0.0,0.9999999999999996,0,0,0
qwen3-1.7b,node_degree,0.65,clustering,100,8.0,<20,-0.9999999999999996,0.0,0,0,0
qwen3-1.7b,node_degree,0.65,rwse,100,8.0,<20,-0.9999999999999996,0.0,0,0,0
qwen3-1.7b,node_degree,0.65,components,100,8.0,<20,6.000000000000001,7.000000000000001,0,0,0
qwen3-1.7b,node_degree,0.65,all,100,8.0,<20,6.999999999999999,7.999999999999999,0,0,0
qwen3-1.7b,node_degree,0.75,degree,100,16.0,<20,-1.0000000000000009,12.0,0,1,0
qwen3-1.7b,node_degree,0.75,clustering,100,16.0,<20,-5.0,8.0,0,0,0
qwen3-1.7b,node_degree,0.75,rwse,100,16.0,<20,-11.0,2.0000000000000004,0,0,0
qwen3-1.7b,node_degree,0.75,components,100,16.0,<20,-4.000000000000001,9.0,0,0,0
qwen3-1.7b,node_degree,0.75,all,100,16.0,<20,1.0000000000000009,14.000000000000002,0,1,0
qwen3-1.7b,node_degree,0.85,degree,100,5.0,<20,2.0000000000000004,4.000000000000001,0,0,0
qwen3-1.7b,node_degree,0.85,clustering,100,5.0,<20,-4.0,-1.9999999999999998,0,0,0
qwen3-1.7b,node_degree,0.85,rwse,100,5.0,<20,-4.0,-1.9999999999999998,0,0,0
qwen3-1.7b,node_degree,0.85,components,100,5.0,<20,-1.0000000000000002,1.0000000000000002,0,0,0
qwen3-1.7b,node_degree,0.85,all,100,5.0,<20,0.0,2.0000000000000004,0,0,0
qwen3-1.7b,connected_nodes,0.1,degree,100,92.0,80-95,4.999999999999993,4.999999999999993,0,0,0
qwen3-1.7b,connected_nodes,0.1,clustering,100,92.0,80-95,-2.0000000000000018,-2.0000000000000018,0,0,0
qwen3-1.7b,connected_nodes,0.1,rwse,100,92.0,80-95,5.999999999999995,5.999999999999995,0,0,0
qwen3-1.7b,connected_nodes,0.1,components,100,92.0,80-95,0.0,0.0,0,0,0
qwen3-1.7b,connected_nodes,0.1,all,100,92.0,80-95,-2.0000000000000018,-2.0000000000000018,0,0,0
qwen3-1.7b,connected_nodes,0.2,degree,100,91.0,80-95,1.0000000000000009,6.000000000000005,0,0,0
qwen3-1.7b,connected_nodes,0.2,clustering,100,91.0,80-95,-1.0000000000000009,4.0000000000000036,0,0,0
qwen3-1.7b,connected_nodes,0.2,rwse,100,91.0,80-95,-5.000000000000004,0.0,0,0,0
qwen3-1.7b,connected_nodes,0.2,components,100,91.0,80-95,-1.0000000000000009,4.0000000000000036,0,0,0
qwen3-1.7b,connected_nodes,0.2,all,100,91.0,80-95,-7.000000000000006,-2.0000000000000018,0,0,0
qwen3-1.7b,connected_nodes,0.35,degree,100,59.0,50-80,5.000000000000004,15.000000000000002,0,1,0
qwen3-1.7b,connected_nodes,0.35,clustering,100,59.0,50-80,4.0000000000000036,14.000000000000002,0,1,0
qwen3-1.7b,connected_nodes,0.35,rwse,100,59.0,50-80,2.0000000000000018,12.0,0,0,0
qwen3-1.7b,connected_nodes,0.35,components,100,59.0,50-80,5.000000000000004,15.000000000000002,0,1,0
qwen3-1.7b,connected_nodes,0.35,all,100,59.0,50-80,15.000000000000002,25.0,0,1,0
qwen3-1.7b,connected_nodes,0.5,degree,100,48.0,20-50,3.0000000000000027,13.0,0,0,0
qwen3-1.7b,connected_nodes,0.5,clustering,100,48.0,20-50,4.0000000000000036,14.000000000000002,0,1,0
qwen3-1.7b,connected_nodes,0.5,rwse,100,48.0,20-50,1.0000000000000009,10.999999999999998,0,0,0
qwen3-1.7b,connected_nodes,0.5,components,100,48.0,20-50,-1.0000000000000009,8.999999999999996,0,0,0
qwen3-1.7b,connected_nodes,0.5,all,100,48.0,20-50,2.0000000000000018,12.0,0,0,0
qwen3-1.7b,edge_count,0.1,degree,100,3.0,<20,3.0,6.0,0,0,0
qwen3-1.7b,edge_count,0.1,clustering,100,3.0,<20,-3.0,0.0,0,0,0
qwen3-1.7b,edge_count,0.1,rwse,100,3.0,<20,-3.0,0.0,0,0,0
qwen3-1.7b,edge_count,0.1,components,100,3.0,<20,-3.0,0.0,0,0,0
qwen3-1.7b,edge_count,0.1,all,100,3.0,<20,-3.0,0.0,0,0,0
qwen3-1.7b,edge_count,0.2,degree,100,2.0,<20,0.9999999999999999,0.0,0,0,0
qwen3-1.7b,edge_count,0.2,clustering,100,2.0,<20,0.9999999999999999,0.0,0,0,0
qwen3-1.7b,edge_count,0.2,rwse,100,2.0,<20,0.0,-0.9999999999999999,0,0,0
qwen3-1.7b,edge_count,0.2,components,100,2.0,<20,-1.0,-1.9999999999999998,0,0,0
qwen3-1.7b,edge_count,0.2,all,100,2.0,<20,-1.0,-1.9999999999999998,0,0,0
qwen3-1.7b,edge_count,0.35,degree,100,0.0,<20,1.0,1.0,0,0,0
qwen3-1.7b,edge_count,0.35,clustering,100,0.0,<20,0.0,0.0,0,0,0
qwen3-1.7b,edge_count,0.35,rwse,100,0.0,<20,0.0,0.0,0,0,0
qwen3-1.7b,edge_count,0.35,components,100,0.0,<20,0.0,0.0,0,0,0
qwen3-1.7b,edge_count,0.35,all,100,0.0,<20,4.0,4.0,0,0,0
qwen3-1.7b,edge_count,0.5,degree,100,0.0,<20,7.000000000000001,7.000000000000001,0,0,0
qwen3-1.7b,edge_count,0.5,clustering,100,0.0,<20,0.0,0.0,0,0,0
qwen3-1.7b,edge_count,0.5,rwse,100,0.0,<20,0.0,0.0,0,0,0
qwen3-1.7b,edge_count,0.5,components,100,0.0,<20,0.0,0.0,0,0,0
qwen3-1.7b,edge_count,0.5,all,100,0.0,<20,3.0,3.0,0,0,0
qwen3-1.7b-think,edge_existence,0.1,degree,100,100.0,>95,-3.0000000000000027,0.0,0,0,0
qwen3-1.7b-think,edge_existence,0.1,clustering,100,100.0,>95,-2.0000000000000018,1.0000000000000009,0,0,0
qwen3-1.7b-think,edge_existence,0.1,rwse,100,100.0,>95,0.0,3.0000000000000027,0,0,0
qwen3-1.7b-think,edge_existence,0.1,components,100,100.0,>95,-1.0000000000000009,2.0000000000000018,0,0,0
qwen3-1.7b-think,edge_existence,0.1,all,100,100.0,>95,-4.0000000000000036,-1.0000000000000009,0,0,0
qwen3-1.7b-think,edge_existence,0.2,degree,100,100.0,>95,-5.000000000000004,-3.0000000000000027,0,0,0
qwen3-1.7b-think,edge_existence,0.2,clustering,100,100.0,>95,-2.0000000000000018,0.0,0,0,0
qwen3-1.7b-think,edge_existence,0.2,rwse,100,100.0,>95,-5.000000000000004,-3.0000000000000027,0,0,0
qwen3-1.7b-think,edge_existence,0.2,components,100,100.0,>95,-3.0000000000000027,-1.0000000000000009,0,0,0
qwen3-1.7b-think,edge_existence,0.2,all,100,100.0,>95,-4.0000000000000036,-2.0000000000000018,0,0,0
qwen3-1.7b-think,edge_existence,0.35,degree,100,97.0,>95,0.0,-3.0000000000000027,0,0,0
qwen3-1.7b-think,edge_existence,0.35,clustering,100,97.0,>95,2.0000000000000018,-1.0000000000000009,0,0,0
qwen3-1.7b-think,edge_existence,0.35,rwse,100,97.0,>95,0.0,-3.0000000000000027,0,0,0
qwen3-1.7b-think,edge_existence,0.35,components,100,97.0,>95,1.0000000000000009,-2.0000000000000018,0,0,0
qwen3-1.7b-think,edge_existence,0.35,all,100,97.0,>95,0.0,-3.0000000000000027,0,0,0
qwen3-1.7b-think,edge_existence,0.5,degree,100,100.0,>95,-1.0000000000000009,0.0,0,0,0
qwen3-1.7b-think,edge_existence,0.5,clustering,100,100.0,>95,-2.0000000000000018,-1.0000000000000009,0,0,0
qwen3-1.7b-think,edge_existence,0.5,rwse,100,100.0,>95,0.0,1.0000000000000009,0,0,0
qwen3-1.7b-think,edge_existence,0.5,components,100,100.0,>95,0.0,1.0000000000000009,0,0,0
qwen3-1.7b-think,edge_existence,0.5,all,100,100.0,>95,0.0,1.0000000000000009,0,0,0
qwen3-1.7b-think,edge_existence,0.65,degree,100,99.0,>95,1.0000000000000009,1.0000000000000009,0,0,0
qwen3-1.7b-think,edge_existence,0.65,clustering,100,99.0,>95,0.0,0.0,0,0,0
qwen3-1.7b-think,edge_existence,0.65,rwse,100,99.0,>95,1.0000000000000009,1.0000000000000009,0,0,0
qwen3-1.7b-think,edge_existence,0.65,components,100,99.0,>95,0.0,0.0,0,0,0
qwen3-1.7b-think,edge_existence,0.65,all,100,99.0,>95,-2.0000000000000018,-2.0000000000000018,0,0,0
qwen3-1.7b-think,edge_existence,0.75,degree,100,98.0,>95,0.0,-1.0000000000000009,0,0,0
qwen3-1.7b-think,edge_existence,0.75,clustering,100,98.0,>95,2.0000000000000018,1.0000000000000009,0,0,0
qwen3-1.7b-think,edge_existence,0.75,rwse,100,98.0,>95,1.0000000000000009,0.0,0,0,0
qwen3-1.7b-think,edge_existence,0.75,components,100,98.0,>95,0.0,-1.0000000000000009,0,0,0
qwen3-1.7b-think,edge_existence,0.75,all,100,98.0,>95,1.0000000000000009,0.0,0,0,0
qwen3-1.7b-think,edge_existence,0.85,degree,100,100.0,>95,-3.0000000000000027,0.0,0,0,0
qwen3-1.7b-think,edge_existence,0.85,clustering,100,100.0,>95,-3.0000000000000027,0.0,0,0,0
qwen3-1.7b-think,edge_existence,0.85,rwse,100,100.0,>95,-1.0000000000000009,2.0000000000000018,0,0,0
qwen3-1.7b-think,edge_existence,0.85,components,100,100.0,>95,0.0,3.0000000000000027,0,0,0
qwen3-1.7b-think,edge_existence,0.85,all,100,100.0,>95,-1.0000000000000009,2.0000000000000018,0,0,0
qwen3-1.7b-think,node_degree,0.1,degree,100,90.0,80-95,7.9999999999999964,1.0000000000000009,0,0,0
qwen3-1.7b-think,node_degree,0.1,clustering,100,90.0,80-95,3.9999999999999925,-3.0000000000000027,0,0,0
qwen3-1.7b-think,node_degree,0.1,rwse,100,90.0,80-95,5.999999999999995,-1.0000000000000009,0,0,0
qwen3-1.7b-think,node_degree,0.1,components,100,90.0,80-95,2.0000000000000018,-4.999999999999993,0,0,0
qwen3-1.7b-think,node_degree,0.1,all,100,90.0,80-95,7.9999999999999964,1.0000000000000009,1,0,0
qwen3-1.7b-think,node_degree,0.2,degree,100,95.0,80-95,-1.0000000000000009,8.999999999999996,0,0,0
qwen3-1.7b-think,node_degree,0.2,clustering,100,95.0,80-95,2.0000000000000018,12.0,0,1,0
qwen3-1.7b-think,node_degree,0.2,rwse,100,95.0,80-95,-3.9999999999999925,6.000000000000005,0,0,0
qwen3-1.7b-think,node_degree,0.2,components,100,95.0,80-95,-5.999999999999995,4.0000000000000036,0,0,0
qwen3-1.7b-think,node_degree,0.2,all,100,95.0,80-95,2.0000000000000018,12.0,0,1,0
qwen3-1.7b-think,node_degree,0.35,degree,100,60.0,50-80,23.0,26.99999999999999,1,1,1
qwen3-1.7b-think,node_degree,0.35,clustering,100,60.0,50-80,1.0000000000000009,4.999999999999993,0,0,0
qwen3-1.7b-think,node_degree,0.35,rwse,100,60.0,50-80,5.000000000000004,8.999999999999996,0,0,0
qwen3-1.7b-think,node_degree,0.35,components,100,60.0,50-80,2.0000000000000018,5.999999999999995,0,0,0
qwen3-1.7b-think,node_degree,0.35,all,100,60.0,50-80,21.999999999999996,25.99999999999999,1,1,1
qwen3-1.7b-think,node_degree,0.5,degree,100,60.0,50-80,19.000000000000007,24.0,1,1,1
qwen3-1.7b-think,node_degree,0.5,clustering,100,60.0,50-80,-1.0000000000000009,3.9999999999999925,0,0,0
qwen3-1.7b-think,node_degree,0.5,rwse,100,60.0,50-80,4.0000000000000036,8.999999999999996,0,0,0
qwen3-1.7b-think,node_degree,0.5,components,100,60.0,50-80,-2.0000000000000018,2.9999999999999916,0,0,0
qwen3-1.7b-think,node_degree,0.5,all,100,60.0,50-80,18.000000000000004,23.0,1,1,1
qwen3-1.7b-think,node_degree,0.65,degree,100,52.0,50-80,20.999999999999996,38.0,1,1,1
qwen3-1.7b-think,node_degree,0.65,clustering,100,52.0,50-80,-13.0,4.0000000000000036,0,0,0
qwen3-1.7b-think,node_degree,0.65,rwse,100,52.0,50-80,-9.000000000000002,8.000000000000002,0,0,0
qwen3-1.7b-think,node_degree,0.65,components,100,52.0,50-80,-6.0,11.000000000000004,0,0,0
qwen3-1.7b-think,node_degree,0.65,all,100,52.0,50-80,29.999999999999993,47.0,1,1,1
qwen3-1.7b-think,node_degree,0.75,degree,100,45.0,20-50,27.999999999999996,37.0,1,1,1
qwen3-1.7b-think,node_degree,0.75,clustering,100,45.0,20-50,-7.000000000000001,2.0000000000000018,0,0,0
qwen3-1.7b-think,node_degree,0.75,rwse,100,45.0,20-50,-6.0,3.0000000000000027,0,0,0
qwen3-1.7b-think,node_degree,0.75,components,100,45.0,20-50,-7.000000000000001,2.0000000000000018,0,0,0
qwen3-1.7b-think,node_degree,0.75,all,100,45.0,20-50,22.000000000000004,31.000000000000007,1,1,1
qwen3-1.7b-think,node_degree,0.85,degree,100,42.0,20-50,43.0,53.0,1,1,1
qwen3-1.7b-think,node_degree,0.85,clustering,100,42.0,20-50,-7.000000000000001,2.9999999999999973,0,0,0
qwen3-1.7b-think,node_degree,0.85,rwse,100,42.0,20-50,2.0000000000000018,12.0,0,0,0
qwen3-1.7b-think,node_degree,0.85,components,100,42.0,20-50,9.000000000000002,19.0,0,1,0
qwen3-1.7b-think,node_degree,0.85,all,100,42.0,20-50,15.999999999999998,25.999999999999996,0,1,0
qwen3-1.7b-think,connected_nodes,0.1,degree,100,92.0,80-95,0.0,-2.9999999999999916,0,0,0
qwen3-1.7b-think,connected_nodes,0.1,clustering,100,92.0,80-95,2.9999999999999916,0.0,0,0,0
qwen3-1.7b-think,connected_nodes,0.1,rwse,100,92.0,80-95,5.999999999999995,3.0000000000000027,0,0,0
qwen3-1.7b-think,connected_nodes,0.1,components,100,92.0,80-95,1.9999999999999907,-1.0000000000000009,0,0,0
qwen3-1.7b-think,connected_nodes,0.1,all,100,92.0,80-95,7.9999999999999964,5.000000000000004,0,0,0
qwen3-1.7b-think,connected_nodes,0.2,degree,100,96.0,>95,-3.9999999999999925,-4.999999999999993,0,0,0
qwen3-1.7b-think,connected_nodes,0.2,clustering,100,96.0,>95,0.0,-1.0000000000000009,0,0,0
qwen3-1.7b-think,connected_nodes,0.2,rwse,100,96.0,>95,-7.9999999999999964,-8.999999999999996,0,0,0
qwen3-1.7b-think,connected_nodes,0.2,components,100,96.0,>95,-2.0000000000000018,-3.0000000000000027,0,0,0
qwen3-1.7b-think,connected_nodes,0.2,all,100,96.0,>95,-2.0000000000000018,-3.0000000000000027,0,0,0
qwen3-1.7b-think,connected_nodes,0.35,degree,100,68.0,50-80,13.0,9.000000000000007,0,0,0
qwen3-1.7b-think,connected_nodes,0.35,clustering,100,68.0,50-80,-2.0000000000000018,-5.999999999999995,0,0,0
qwen3-1.7b-think,connected_nodes,0.35,rwse,100,68.0,50-80,3.9999999999999925,0.0,0,0,0
qwen3-1.7b-think,connected_nodes,0.35,components,100,68.0,50-80,2.9999999999999916,-1.0000000000000009,0,0,0
qwen3-1.7b-think,connected_nodes,0.35,all,100,68.0,50-80,9.999999999999998,6.000000000000005,0,0,0
qwen3-1.7b-think,connected_nodes,0.5,degree,100,59.0,50-80,16.000000000000004,14.000000000000002,0,0,0
qwen3-1.7b-think,connected_nodes,0.5,clustering,100,59.0,50-80,8.000000000000007,6.000000000000005,0,0,0
qwen3-1.7b-think,connected_nodes,0.5,rwse,100,59.0,50-80,-1.0000000000000009,-3.0000000000000027,0,0,0
qwen3-1.7b-think,connected_nodes,0.5,components,100,59.0,50-80,8.000000000000007,6.000000000000005,0,0,0
qwen3-1.7b-think,connected_nodes,0.5,all,100,59.0,50-80,9.000000000000007,7.000000000000006,0,0,0
qwen3-1.7b-think,edge_count,0.1,degree,100,67.0,50-80,-43.00000000000001,-48.0,1,1,1
qwen3-1.7b-think,edge_count,0.1,clustering,100,67.0,50-80,-3.0000000000000027,-7.9999999999999964,0,0,0
qwen3-1.7b-think,edge_count,0.1,rwse,100,67.0,50-80,-12.0,-16.999999999999993,0,0,0
qwen3-1.7b-think,edge_count,0.1,components,100,67.0,50-80,-8.000000000000007,-13.0,0,0,0
qwen3-1.7b-think,edge_count,0.1,all,100,67.0,50-80,-27.0,-31.999999999999996,1,1,1
qwen3-1.7b-think,edge_count,0.2,degree,100,31.0,20-50,-4.999999999999999,-4.999999999999999,0,0,0
qwen3-1.7b-think,edge_count,0.2,clustering,100,31.0,20-50,-1.0000000000000009,-1.0000000000000009,0,0,0
qwen3-1.7b-think,edge_count,0.2,rwse,100,31.0,20-50,-2.0000000000000018,-2.0000000000000018,0,0,0
qwen3-1.7b-think,edge_count,0.2,components,100,31.0,20-50,-2.9999999999999973,-2.9999999999999973,0,0,0
qwen3-1.7b-think,edge_count,0.2,all,100,31.0,20-50,-2.9999999999999973,-2.9999999999999973,0,0,0
qwen3-1.7b-think,edge_count,0.35,degree,100,3.0,<20,17.0,14.000000000000002,1,1,1
qwen3-1.7b-think,edge_count,0.35,clustering,100,3.0,<20,2.0000000000000004,-0.9999999999999996,0,0,0
qwen3-1.7b-think,edge_count,0.35,rwse,100,3.0,<20,-1.9999999999999998,-5.0,0,0,0
qwen3-1.7b-think,edge_count,0.35,components,100,3.0,<20,0.0,-3.0,0,0,0
qwen3-1.7b-think,edge_count,0.35,all,100,3.0,<20,35.0,32.0,1,1,1
qwen3-1.7b-think,edge_count,0.5,degree,100,0.0,<20,17.0,17.0,1,1,1
qwen3-1.7b-think,edge_count,0.5,clustering,100,0.0,<20,0.0,0.0,0,0,0
qwen3-1.7b-think,edge_count,0.5,rwse,100,0.0,<20,0.0,0.0,0,0,0
qwen3-1.7b-think,edge_count,0.5,components,100,0.0,<20,1.0,1.0,0,0,0
qwen3-1.7b-think,edge_count,0.5,all,100,0.0,<20,31.0,31.0,1,1,1
qwen3-4b,edge_existence,0.1,degree,100,96.0,>95,3.0000000000000027,3.0000000000000027,0,0,0
qwen3-4b,edge_existence,0.1,clustering,100,96.0,>95,1.0000000000000009,1.0000000000000009,0,0,0
qwen3-4b,edge_existence,0.1,rwse,100,96.0,>95,0.0,0.0,0,0,0
qwen3-4b,edge_existence,0.1,components,100,96.0,>95,3.0000000000000027,3.0000000000000027,0,0,0
qwen3-4b,edge_existence,0.1,all,100,96.0,>95,-1.0000000000000009,-1.0000000000000009,0,0,0
qwen3-4b,edge_existence,0.2,degree,100,93.0,80-95,-2.0000000000000018,7.000000000000006,0,0,0
qwen3-4b,edge_existence,0.2,clustering,100,93.0,80-95,4.999999999999993,14.000000000000002,0,1,0
qwen3-4b,edge_existence,0.2,rwse,100,93.0,80-95,-4.0000000000000036,5.000000000000004,0,0,0
qwen3-4b,edge_existence,0.2,components,100,93.0,80-95,0.9999999999999898,9.999999999999998,0,1,0
qwen3-4b,edge_existence,0.2,all,100,93.0,80-95,-9.000000000000007,0.0,0,0,0
qwen3-4b,edge_existence,0.35,degree,100,83.0,80-95,-3.9999999999999925,4.0000000000000036,0,0,0
qwen3-4b,edge_existence,0.35,clustering,100,83.0,80-95,6.000000000000005,14.000000000000002,0,1,0
qwen3-4b,edge_existence,0.35,rwse,100,83.0,80-95,-13.0,-5.000000000000004,0,0,0
qwen3-4b,edge_existence,0.35,components,100,83.0,80-95,-7.9999999999999964,0.0,0,0,0
qwen3-4b,edge_existence,0.35,all,100,83.0,80-95,-13.0,-5.000000000000004,0,0,0
qwen3-4b,edge_existence,0.5,degree,100,90.0,80-95,-16.000000000000004,-5.000000000000004,1,0,0
qwen3-4b,edge_existence,0.5,clustering,100,90.0,80-95,3.9999999999999925,14.999999999999991,0,1,0
qwen3-4b,edge_existence,0.5,rwse,100,90.0,80-95,-23.0,-12.0,1,1,1
qwen3-4b,edge_existence,0.5,components,100,90.0,80-95,-7.000000000000006,3.9999999999999925,0,0,0
qwen3-4b,edge_existence,0.5,all,100,90.0,80-95,-17.000000000000004,-6.000000000000005,1,0,0
qwen3-4b,edge_existence,0.65,degree,100,87.0,80-95,-5.999999999999995,6.000000000000005,0,0,0
qwen3-4b,edge_existence,0.65,clustering,100,87.0,80-95,7.9999999999999964,19.999999999999996,0,1,0
qwen3-4b,edge_existence,0.65,rwse,100,87.0,80-95,3.0000000000000027,15.000000000000002,0,1,0
qwen3-4b,edge_existence,0.65,components,100,87.0,80-95,-7.9999999999999964,4.0000000000000036,0,0,0
qwen3-4b,edge_existence,0.65,all,100,87.0,80-95,1.0000000000000009,13.0,0,1,0
qwen3-4b,edge_existence,0.75,degree,100,87.0,80-95,0.0,2.0000000000000018,0,0,0
qwen3-4b,edge_existence,0.75,clustering,100,87.0,80-95,8.999999999999996,10.999999999999998,0,1,0
qwen3-4b,edge_existence,0.75,rwse,100,87.0,80-95,1.0000000000000009,3.0000000000000027,0,0,0
qwen3-4b,edge_existence,0.75,components,100,87.0,80-95,1.0000000000000009,3.0000000000000027,0,0,0
qwen3-4b,edge_existence,0.75,all,100,87.0,80-95,-2.0000000000000018,0.0,0,0,0
qwen3-4b,edge_existence,0.85,degree,100,96.0,>95,-3.9999999999999925,1.0000000000000009,0,0,0
qwen3-4b,edge_existence,0.85,clustering,100,96.0,>95,-1.0000000000000009,3.9999999999999925,0,0,0
qwen3-4b,edge_existence,0.85,rwse,100,96.0,>95,-5.999999999999995,-1.0000000000000009,0,0,0
qwen3-4b,edge_existence,0.85,components,100,96.0,>95,-2.9999999999999916,2.0000000000000018,0,0,0
qwen3-4b,edge_existence,0.85,all,100,96.0,>95,-5.999999999999995,-1.0000000000000009,0,0,0
qwen3-4b,node_degree,0.1,degree,100,100.0,>95,-6.000000000000005,-6.000000000000005,0,0,0
qwen3-4b,node_degree,0.1,clustering,100,100.0,>95,0.0,0.0,0,0,0
qwen3-4b,node_degree,0.1,rwse,100,100.0,>95,0.0,0.0,0,0,0
qwen3-4b,node_degree,0.1,components,100,100.0,>95,0.0,0.0,0,0,0
qwen3-4b,node_degree,0.1,all,100,100.0,>95,-6.999999999999995,-6.999999999999995,0,0,0
qwen3-4b,node_degree,0.2,degree,100,99.0,>95,-1.0000000000000009,-1.0000000000000009,0,0,0
qwen3-4b,node_degree,0.2,clustering,100,99.0,>95,1.0000000000000009,1.0000000000000009,0,0,0
qwen3-4b,node_degree,0.2,rwse,100,99.0,>95,-2.0000000000000018,-2.0000000000000018,0,0,0
qwen3-4b,node_degree,0.2,components,100,99.0,>95,0.0,0.0,0,0,0
qwen3-4b,node_degree,0.2,all,100,99.0,>95,-3.0000000000000027,-3.0000000000000027,0,0,0
qwen3-4b,node_degree,0.35,degree,100,99.0,>95,-6.999999999999995,-6.999999999999995,0,0,0
qwen3-4b,node_degree,0.35,clustering,100,99.0,>95,0.0,0.0,0,0,0
qwen3-4b,node_degree,0.35,rwse,100,99.0,>95,-3.0000000000000027,-3.0000000000000027,0,0,0
qwen3-4b,node_degree,0.35,components,100,99.0,>95,0.0,0.0,0,0,0
qwen3-4b,node_degree,0.35,all,100,99.0,>95,-6.999999999999995,-6.999999999999995,0,0,0
qwen3-4b,node_degree,0.5,degree,100,99.0,>95,-12.0,-9.999999999999998,1,0,0
qwen3-4b,node_degree,0.5,clustering,100,99.0,>95,-3.0000000000000027,-1.0000000000000009,0,0,0
qwen3-4b,node_degree,0.5,rwse,100,99.0,>95,-4.0000000000000036,-2.0000000000000018,0,0,0
qwen3-4b,node_degree,0.5,components,100,99.0,>95,1.0000000000000009,3.0000000000000027,0,0,0
qwen3-4b,node_degree,0.5,all,100,99.0,>95,-15.000000000000002,-13.0,1,1,1
qwen3-4b,node_degree,0.65,degree,100,82.0,80-95,-5.999999999999995,-9.999999999999998,0,0,0
qwen3-4b,node_degree,0.65,clustering,100,82.0,80-95,7.000000000000006,3.0000000000000027,0,0,0
qwen3-4b,node_degree,0.65,rwse,100,82.0,80-95,0.0,-4.0000000000000036,0,0,0
qwen3-4b,node_degree,0.65,components,100,82.0,80-95,-7.9999999999999964,-12.0,1,1,1
qwen3-4b,node_degree,0.65,all,100,82.0,80-95,-36.99999999999999,-41.0,1,1,1
qwen3-4b,node_degree,0.75,degree,100,50.0,20-50,6.999999999999995,7.9999999999999964,0,0,0
qwen3-4b,node_degree,0.75,clustering,100,50.0,20-50,8.999999999999996,9.999999999999998,0,0,0
qwen3-4b,node_degree,0.75,rwse,100,50.0,20-50,13.0,14.000000000000002,1,0,0
qwen3-4b,node_degree,0.75,components,100,50.0,20-50,-3.9999999999999982,-2.9999999999999973,0,0,0
qwen3-4b,node_degree,0.75,all,100,50.0,20-50,-19.0,-18.0,1,0,0
qwen3-4b,node_degree,0.85,degree,100,33.0,20-50,26.999999999999996,24.0,1,1,1
qwen3-4b,node_degree,0.85,clustering,100,33.0,20-50,18.0,15.000000000000002,1,1,1
qwen3-4b,node_degree,0.85,rwse,100,33.0,20-50,9.999999999999998,7.000000000000001,0,0,0
qwen3-4b,node_degree,0.85,components,100,33.0,20-50,8.999999999999996,6.0,0,0,0
qwen3-4b,node_degree,0.85,all,100,33.0,20-50,-8.000000000000002,-10.999999999999998,0,0,0
qwen3-4b,connected_nodes,0.1,degree,100,93.0,80-95,-7.000000000000006,14.000000000000002,0,1,0
qwen3-4b,connected_nodes,0.1,clustering,100,93.0,80-95,-8.000000000000007,13.0,0,1,0
qwen3-4b,connected_nodes,0.1,rwse,100,93.0,80-95,-10.000000000000009,10.999999999999998,0,1,0
qwen3-4b,connected_nodes,0.1,components,100,93.0,80-95,6.999999999999995,28.000000000000004,0,1,0
qwen3-4b,connected_nodes,0.1,all,100,93.0,80-95,-11.00000000000001,9.999999999999998,0,0,0
qwen3-4b,connected_nodes,0.2,degree,100,88.0,80-95,2.0000000000000018,16.000000000000004,0,1,0
qwen3-4b,connected_nodes,0.2,clustering,100,88.0,80-95,8.999999999999996,23.0,0,1,0
qwen3-4b,connected_nodes,0.2,rwse,100,88.0,80-95,-5.000000000000004,8.999999999999996,0,0,0
qwen3-4b,connected_nodes,0.2,components,100,88.0,80-95,10.999999999999998,25.0,1,1,1
qwen3-4b,connected_nodes,0.2,all,100,88.0,80-95,0.0,14.000000000000002,0,1,0
qwen3-4b,connected_nodes,0.35,degree,100,84.0,80-95,-3.9999999999999925,2.0000000000000018,0,0,0
qwen3-4b,connected_nodes,0.35,clustering,100,84.0,80-95,5.000000000000004,10.999999999999998,0,1,0
qwen3-4b,connected_nodes,0.35,rwse,100,84.0,80-95,5.000000000000004,10.999999999999998,0,1,0
qwen3-4b,connected_nodes,0.35,components,100,84.0,80-95,9.999999999999998,15.999999999999993,0,1,0
qwen3-4b,connected_nodes,0.35,all,100,84.0,80-95,3.0000000000000027,8.999999999999996,0,0,0
qwen3-4b,connected_nodes,0.5,degree,100,79.0,50-80,-3.0000000000000027,6.000000000000005,0,0,0
qwen3-4b,connected_nodes,0.5,clustering,100,79.0,50-80,-2.0000000000000018,7.000000000000006,0,0,0
qwen3-4b,connected_nodes,0.5,rwse,100,79.0,50-80,9.999999999999998,19.000000000000007,0,1,0
qwen3-4b,connected_nodes,0.5,components,100,79.0,50-80,8.999999999999996,18.000000000000004,0,1,0
qwen3-4b,connected_nodes,0.5,all,100,79.0,50-80,-3.0000000000000027,6.000000000000005,0,0,0
qwen3-4b,edge_count,0.1,degree,100,5.0,<20,22.000000000000004,17.0,1,1,1
qwen3-4b,edge_count,0.1,clustering,100,5.0,<20,-5.0,-10.0,0,1,0
qwen3-4b,edge_count,0.1,rwse,100,5.0,<20,-4.0,-9.000000000000002,0,1,0
qwen3-4b,edge_count,0.1,components,100,5.0,<20,-5.0,-10.0,0,1,0
qwen3-4b,edge_count,0.1,all,100,5.0,<20,-2.0000000000000004,-7.000000000000001,0,0,0
qwen3-4b,edge_count,0.2,degree,100,2.0,<20,30.0,30.0,1,1,1
qwen3-4b,edge_count,0.2,clustering,100,2.0,<20,-1.0,-1.0,0,0,0
qwen3-4b,edge_count,0.2,rwse,100,2.0,<20,-1.0,-1.0,0,0,0
qwen3-4b,edge_count,0.2,components,100,2.0,<20,-1.0,-1.0,0,0,0
qwen3-4b,edge_count,0.2,all,100,2.0,<20,0.9999999999999999,0.9999999999999999,0,0,0
qwen3-4b,edge_count,0.35,degree,100,1.0,<20,24.0,24.0,1,1,1
qwen3-4b,edge_count,0.35,clustering,100,1.0,<20,1.0,1.0,0,0,0
qwen3-4b,edge_count,0.35,rwse,100,1.0,<20,-1.0,-1.0,0,0,0
qwen3-4b,edge_count,0.35,components,100,1.0,<20,1.0,1.0,0,0,0
qwen3-4b,edge_count,0.35,all,100,1.0,<20,7.000000000000001,7.000000000000001,0,0,0
qwen3-4b,edge_count,0.5,degree,100,0.0,<20,33.0,33.0,1,1,1
qwen3-4b,edge_count,0.5,clustering,100,0.0,<20,0.0,0.0,0,0,0
qwen3-4b,edge_count,0.5,rwse,100,0.0,<20,0.0,0.0,0,0,0
qwen3-4b,edge_count,0.5,components,100,0.0,<20,0.0,0.0,0,0,0
qwen3-4b,edge_count,0.5,all,100,0.0,<20,9.0,9.0,1,1,1
qwen3-4b-think,edge_existence,0.1,degree,100,100.0,>95,0.0,0.0,0,0,0
qwen3-4b-think,edge_existence,0.1,clustering,100,100.0,>95,0.0,0.0,0,0,0
qwen3-4b-think,edge_existence,0.1,rwse,100,100.0,>95,0.0,0.0,0,0,0
qwen3-4b-think,edge_existence,0.1,components,100,100.0,>95,0.0,0.0,0,0,0
qwen3-4b-think,edge_existence,0.1,all,100,100.0,>95,0.0,0.0,0,0,0
qwen3-4b-think,edge_existence,0.2,degree,100,100.0,>95,0.0,0.0,0,0,0
qwen3-4b-think,edge_existence,0.2,clustering,100,100.0,>95,0.0,0.0,0,0,0
qwen3-4b-think,edge_existence,0.2,rwse,100,100.0,>95,-1.0000000000000009,-1.0000000000000009,0,0,0
qwen3-4b-think,edge_existence,0.2,components,100,100.0,>95,0.0,0.0,0,0,0
qwen3-4b-think,edge_existence,0.2,all,100,100.0,>95,0.0,0.0,0,0,0
qwen3-4b-think,edge_existence,0.35,degree,100,100.0,>95,0.0,0.0,0,0,0
qwen3-4b-think,edge_existence,0.35,clustering,100,100.0,>95,0.0,0.0,0,0,0
qwen3-4b-think,edge_existence,0.35,rwse,100,100.0,>95,0.0,0.0,0,0,0
qwen3-4b-think,edge_existence,0.35,components,100,100.0,>95,0.0,0.0,0,0,0
qwen3-4b-think,edge_existence,0.35,all,100,100.0,>95,0.0,0.0,0,0,0
qwen3-4b-think,edge_existence,0.5,degree,100,100.0,>95,0.0,0.0,0,0,0
qwen3-4b-think,edge_existence,0.5,clustering,100,100.0,>95,0.0,0.0,0,0,0
qwen3-4b-think,edge_existence,0.5,rwse,100,100.0,>95,0.0,0.0,0,0,0
qwen3-4b-think,edge_existence,0.5,components,100,100.0,>95,0.0,0.0,0,0,0
qwen3-4b-think,edge_existence,0.5,all,100,100.0,>95,0.0,0.0,0,0,0
qwen3-4b-think,edge_existence,0.65,degree,100,100.0,>95,0.0,0.0,0,0,0
qwen3-4b-think,edge_existence,0.65,clustering,100,100.0,>95,0.0,0.0,0,0,0
qwen3-4b-think,edge_existence,0.65,rwse,100,100.0,>95,0.0,0.0,0,0,0
qwen3-4b-think,edge_existence,0.65,components,100,100.0,>95,0.0,0.0,0,0,0
qwen3-4b-think,edge_existence,0.65,all,100,100.0,>95,0.0,0.0,0,0,0
qwen3-4b-think,edge_existence,0.75,degree,100,100.0,>95,0.0,0.0,0,0,0
qwen3-4b-think,edge_existence,0.75,clustering,100,100.0,>95,0.0,0.0,0,0,0
qwen3-4b-think,edge_existence,0.75,rwse,100,100.0,>95,0.0,0.0,0,0,0
qwen3-4b-think,edge_existence,0.75,components,100,100.0,>95,0.0,0.0,0,0,0
qwen3-4b-think,edge_existence,0.75,all,100,100.0,>95,0.0,0.0,0,0,0
qwen3-4b-think,edge_existence,0.85,degree,100,98.0,>95,2.0000000000000018,0.0,0,0,0
qwen3-4b-think,edge_existence,0.85,clustering,100,98.0,>95,2.0000000000000018,0.0,0,0,0
qwen3-4b-think,edge_existence,0.85,rwse,100,98.0,>95,1.0000000000000009,-1.0000000000000009,0,0,0
qwen3-4b-think,edge_existence,0.85,components,100,98.0,>95,2.0000000000000018,0.0,0,0,0
qwen3-4b-think,edge_existence,0.85,all,100,98.0,>95,1.0000000000000009,-1.0000000000000009,0,0,0
qwen3-4b-think,node_degree,0.1,degree,100,97.0,>95,2.0000000000000018,2.0000000000000018,0,0,0
qwen3-4b-think,node_degree,0.1,clustering,100,97.0,>95,0.0,0.0,0,0,0
qwen3-4b-think,node_degree,0.1,rwse,100,97.0,>95,-3.9999999999999925,-3.9999999999999925,0,0,0
qwen3-4b-think,node_degree,0.1,components,100,97.0,>95,-3.0000000000000027,-3.0000000000000027,0,0,0
qwen3-4b-think,node_degree,0.1,all,100,97.0,>95,-2.0000000000000018,-2.0000000000000018,0,0,0
qwen3-4b-think,node_degree,0.2,degree,100,95.0,80-95,4.0000000000000036,-1.0000000000000009,0,0,0
qwen3-4b-think,node_degree,0.2,clustering,100,95.0,80-95,4.0000000000000036,-1.0000000000000009,0,0,0
qwen3-4b-think,node_degree,0.2,rwse,100,95.0,80-95,1.0000000000000009,-4.0000000000000036,0,0,0
qwen3-4b-think,node_degree,0.2,components,100,95.0,80-95,3.0000000000000027,-2.0000000000000018,0,0,0
qwen3-4b-think,node_degree,0.2,all,100,95.0,80-95,3.0000000000000027,-2.0000000000000018,0,0,0
qwen3-4b-think,node_degree,0.35,degree,100,97.0,>95,3.0000000000000027,0.0,0,0,0
qwen3-4b-think,node_degree,0.35,clustering,100,97.0,>95,3.0000000000000027,0.0,0,0,0
qwen3-4b-think,node_degree,0.35,rwse,100,97.0,>95,3.0000000000000027,0.0,0,0,0
qwen3-4b-think,node_degree,0.35,components,100,97.0,>95,1.0000000000000009,-2.0000000000000018,0,0,0
qwen3-4b-think,node_degree,0.35,all,100,97.0,>95,1.0000000000000009,-2.0000000000000018,0,0,0
qwen3-4b-think,node_degree,0.5,degree,100,100.0,>95,0.0,1.0000000000000009,0,0,0
qwen3-4b-think,node_degree,0.5,clustering,100,100.0,>95,-1.0000000000000009,0.0,0,0,0
qwen3-4b-think,node_degree,0.5,rwse,100,100.0,>95,-6.000000000000005,-5.000000000000004,0,0,0
qwen3-4b-think,node_degree,0.5,components,100,100.0,>95,-1.0000000000000009,0.0,0,0,0
qwen3-4b-think,node_degree,0.5,all,100,100.0,>95,-1.0000000000000009,0.0,0,0,0
qwen3-4b-think,node_degree,0.65,degree,100,100.0,>95,-3.0000000000000027,-3.0000000000000027,0,0,0
qwen3-4b-think,node_degree,0.65,clustering,100,100.0,>95,-2.0000000000000018,-2.0000000000000018,0,0,0
qwen3-4b-think,node_degree,0.65,rwse,100,100.0,>95,-3.0000000000000027,-3.0000000000000027,0,0,0
qwen3-4b-think,node_degree,0.65,components,100,100.0,>95,-2.0000000000000018,-2.0000000000000018,0,0,0
qwen3-4b-think,node_degree,0.65,all,100,100.0,>95,-1.0000000000000009,-1.0000000000000009,0,0,0
qwen3-4b-think,node_degree,0.75,degree,100,97.0,>95,1.0000000000000009,1.0000000000000009,0,0,0
qwen3-4b-think,node_degree,0.75,clustering,100,97.0,>95,0.0,0.0,0,0,0
qwen3-4b-think,node_degree,0.75,rwse,100,97.0,>95,-2.0000000000000018,-2.0000000000000018,0,0,0
qwen3-4b-think,node_degree,0.75,components,100,97.0,>95,-1.0000000000000009,-1.0000000000000009,0,0,0
qwen3-4b-think,node_degree,0.75,all,100,97.0,>95,1.0000000000000009,1.0000000000000009,0,0,0
qwen3-4b-think,node_degree,0.85,degree,100,96.0,>95,1.0000000000000009,2.0000000000000018,0,0,0
qwen3-4b-think,node_degree,0.85,clustering,100,96.0,>95,0.0,1.0000000000000009,0,0,0
qwen3-4b-think,node_degree,0.85,rwse,100,96.0,>95,3.0000000000000027,4.0000000000000036,0,0,0
qwen3-4b-think,node_degree,0.85,components,100,96.0,>95,-3.9999999999999925,-2.9999999999999916,0,0,0
qwen3-4b-think,node_degree,0.85,all,100,96.0,>95,2.0000000000000018,3.0000000000000027,0,0,0
qwen3-4b-think,connected_nodes,0.1,degree,100,97.0,>95,-2.0000000000000018,-3.0000000000000027,0,0,0
qwen3-4b-think,connected_nodes,0.1,clustering,100,97.0,>95,-3.9999999999999925,-4.999999999999993,0,0,0
qwen3-4b-think,connected_nodes,0.1,rwse,100,97.0,>95,0.0,-1.0000000000000009,0,0,0
qwen3-4b-think,connected_nodes,0.1,components,100,97.0,>95,-2.0000000000000018,-3.0000000000000027,0,0,0
qwen3-4b-think,connected_nodes,0.1,all,100,97.0,>95,-4.999999999999993,-5.999999999999995,0,0,0
qwen3-4b-think,connected_nodes,0.2,degree,100,95.0,80-95,3.0000000000000027,1.0000000000000009,0,0,0
qwen3-4b-think,connected_nodes,0.2,clustering,100,95.0,80-95,1.0000000000000009,-1.0000000000000009,0,0,0
qwen3-4b-think,connected_nodes,0.2,rwse,100,95.0,80-95,-1.0000000000000009,-3.0000000000000027,0,0,0
qwen3-4b-think,connected_nodes,0.2,components,100,95.0,80-95,1.0000000000000009,-1.0000000000000009,0,0,0
qwen3-4b-think,connected_nodes,0.2,all,100,95.0,80-95,-1.9999999999999907,-3.9999999999999925,0,0,0
qwen3-4b-think,connected_nodes,0.35,degree,100,99.0,>95,0.0,0.0,0,0,0
qwen3-4b-think,connected_nodes,0.35,clustering,100,99.0,>95,0.0,0.0,0,0,0
qwen3-4b-think,connected_nodes,0.35,rwse,100,99.0,>95,-2.0000000000000018,-2.0000000000000018,0,0,0
qwen3-4b-think,connected_nodes,0.35,components,100,99.0,>95,1.0000000000000009,1.0000000000000009,0,0,0
qwen3-4b-think,connected_nodes,0.35,all,100,99.0,>95,0.0,0.0,0,0,0
qwen3-4b-think,connected_nodes,0.5,degree,100,97.0,>95,0.0,-1.0000000000000009,0,0,0
qwen3-4b-think,connected_nodes,0.5,clustering,100,97.0,>95,1.0000000000000009,0.0,0,0,0
qwen3-4b-think,connected_nodes,0.5,rwse,100,97.0,>95,2.0000000000000018,1.0000000000000009,0,0,0
qwen3-4b-think,connected_nodes,0.5,components,100,97.0,>95,1.0000000000000009,0.0,0,0,0
qwen3-4b-think,connected_nodes,0.5,all,100,97.0,>95,1.0000000000000009,0.0,0,0,0
qwen3-4b-think,edge_count,0.1,degree,100,65.0,50-80,-18.000000000000004,-30.000000000000004,1,1,1
qwen3-4b-think,edge_count,0.1,clustering,100,65.0,50-80,17.999999999999993,5.999999999999995,1,0,0
qwen3-4b-think,edge_count,0.1,rwse,100,65.0,50-80,15.000000000000002,3.0000000000000027,1,0,0
qwen3-4b-think,edge_count,0.1,components,100,65.0,50-80,23.0,10.999999999999998,1,0,0
qwen3-4b-think,edge_count,0.1,all,100,65.0,50-80,-20.0,-32.0,1,1,1
qwen3-4b-think,edge_count,0.2,degree,100,45.0,20-50,4.999999999999999,-6.999999999999995,0,0,0
qwen3-4b-think,edge_count,0.2,clustering,100,45.0,20-50,19.0,7.000000000000006,1,0,0
qwen3-4b-think,edge_count,0.2,rwse,100,45.0,20-50,21.000000000000004,9.000000000000007,1,0,0
qwen3-4b-think,edge_count,0.2,components,100,45.0,20-50,30.0,18.000000000000004,1,1,1
qwen3-4b-think,edge_count,0.2,all,100,45.0,20-50,-10.999999999999998,-22.999999999999993,0,1,0
qwen3-4b-think,edge_count,0.35,degree,100,25.0,20-50,9.999999999999998,-5.000000000000004,0,0,0
qwen3-4b-think,edge_count,0.35,clustering,100,25.0,20-50,31.999999999999996,16.999999999999993,1,0,0
qwen3-4b-think,edge_count,0.35,rwse,100,25.0,20-50,10.999999999999998,-4.0000000000000036,0,0,0
qwen3-4b-think,edge_count,0.35,components,100,25.0,20-50,30.000000000000004,15.000000000000002,1,0,0
qwen3-4b-think,edge_count,0.35,all,100,25.0,20-50,-7.999999999999999,-23.0,0,1,0
qwen3-4b-think,edge_count,0.5,degree,100,4.0,<20,28.000000000000004,28.000000000000004,1,1,1
qwen3-4b-think,edge_count,0.5,clustering,100,4.0,<20,3.0000000000000004,3.0000000000000004,0,0,0
qwen3-4b-think,edge_count,0.5,rwse,100,4.0,<20,-3.0,-3.0,0,0,0
qwen3-4b-think,edge_count,0.5,components,100,4.0,<20,17.0,17.0,1,1,1
qwen3-4b-think,edge_count,0.5,all,100,4.0,<20,12.0,12.0,1,1,1
