arm,task,control,condition,n,baseline,treatment,delta,lo,hi,fixed,broken,pvalue,qvalue
qwen3-1.7b,connected_nodes,none,filler,400,72.5,66.25,-6.25,-10.25,-2.25,23,48,0.004065116124638666,0.024390696747831998
qwen3-1.7b,connected_nodes,none,components,400,72.5,73.25,0.75,-3.0,4.5,29,26,0.7877061896700431,0.7877061896700431
qwen3-1.7b,connected_nodes,none,clustering,400,72.5,73.75,1.25,-3.0062499999999983,5.499999999999999,41,36,0.6487911623106449,0.7877061896700431
qwen3-1.7b,connected_nodes,none,rwse,400,72.5,73.5,1.0,-3.25,5.499999999999999,41,37,0.7343420330298466,0.7877061896700431
qwen3-1.7b,connected_nodes,none,degree,400,72.5,76.0,3.5000000000000004,-0.49999999999999994,7.75,42,28,0.11960933562988493,0.35882800688965477
qwen3-1.7b,connected_nodes,none,all,400,72.5,74.5,2.0,-2.5,6.5,50,42,0.465707445773062,0.7877061896700431
qwen3-1.7b,connected_nodes,filler,none,400,66.25,72.5,6.25,2.25,10.25,48,23,0.004065116124638666,0.004065116124638666
qwen3-1.7b,connected_nodes,filler,components,400,66.25,73.25,7.000000000000001,2.7500000000000004,11.25,52,24,0.001761872002940625,0.00211424640352875
qwen3-1.7b,connected_nodes,filler,clustering,400,66.25,73.75,7.5,3.75,11.25,48,18,0.00028711844966164033,0.0007824191352172739
qwen3-1.7b,connected_nodes,filler,rwse,400,66.25,73.5,7.249999999999999,3.4937500000000017,11.0,48,19,0.000521612756811516,0.0007824191352172739
qwen3-1.7b,connected_nodes,filler,degree,400,66.25,76.0,9.75,5.75,13.750000000000002,54,15,2.612848003590018e-06,1.567708802154011e-05
qwen3-1.7b,connected_nodes,filler,all,400,66.25,74.5,8.25,4.0,12.5,59,26,0.0004471991792769285,0.0007824191352172739
qwen3-1.7b,cycle_check,none,filler,400,90.75,93.75,3.0,-0.5062499999999981,6.75,35,23,0.14800580076020603,0.22200870114030904
qwen3-1.7b,cycle_check,none,components,400,90.75,92.75,2.0,-1.5,5.5,30,22,0.3317497633694906,0.3980997160433887
qwen3-1.7b,cycle_check,none,clustering,400,90.75,99.25,8.5,5.75,11.250000000000002,36,2,5.398760549724102e-09,1.6196281649172306e-08
qwen3-1.7b,cycle_check,none,rwse,400,90.75,90.5,-0.25,-4.25,3.7500000000000004,33,34,1.0,1.0
qwen3-1.7b,cycle_check,none,degree,400,90.75,73.25,-17.5,-22.50625,-12.5,30,100,5.421168026537841e-10,3.252700815922705e-09
qwen3-1.7b,cycle_check,none,all,400,90.75,97.75,7.000000000000001,4.0,10.0,35,7,1.5097200957825409e-05,3.0194401915650818e-05
qwen3-1.7b,cycle_check,filler,none,400,93.75,90.75,-3.0,-6.75,0.75,23,35,0.14800580076020603,0.17760696091224723
qwen3-1.7b,cycle_check,filler,components,400,93.75,92.75,-1.0,-4.25,2.5,23,27,0.6718110337653656,0.6718110337653656
qwen3-1.7b,cycle_check,filler,clustering,400,93.75,99.25,5.5,3.25,8.0,24,2,1.049041748046875e-05,3.147125244140625e-05
qwen3-1.7b,cycle_check,filler,rwse,400,93.75,90.5,-3.25,-6.999999999999999,0.5000000000000001,22,35,0.11116111910399346,0.16674167865599018
qwen3-1.7b,cycle_check,filler,degree,400,93.75,73.25,-20.5,-25.5,-15.75,21,103,3.495517142189367e-14,2.09731028531362e-13
qwen3-1.7b,cycle_check,filler,all,400,93.75,97.75,4.0,1.25,6.75,24,8,0.0070003666914999485,0.014000733382999897
qwen3-1.7b,edge_count,none,filler,400,1.25,0.75,-0.5,-1.7500000000000002,0.75,2,4,0.6875,0.7265625
qwen3-1.7b,edge_count,none,components,400,1.25,0.25,-1.0,-2.25,0.0,1,5,0.21875,0.65625
qwen3-1.7b,edge_count,none,clustering,400,1.25,0.75,-0.5,-1.7500000000000002,0.7500000000000001,3,5,0.7265625,0.7265625
qwen3-1.7b,edge_count,none,rwse,400,1.25,0.5,-0.75,-2.0,0.49999999999999994,2,5,0.453125,0.7265625
qwen3-1.7b,edge_count,none,degree,400,1.25,4.25,3.0,0.75,5.499999999999999,17,5,0.01690053939819336,0.10140323638916016
qwen3-1.7b,edge_count,none,all,400,1.25,2.0,0.75,-1.0,2.5,8,5,0.5810546875,0.7265625
qwen3-1.7b,edge_count,filler,none,400,0.75,1.25,0.5,-0.75,1.7500000000000002,4,2,0.6875,1.0
qwen3-1.7b,edge_count,filler,components,400,0.75,0.25,-0.5,-1.5,0.5,1,3,0.625,1.0
qwen3-1.7b,edge_count,filler,clustering,400,0.75,0.75,0.0,-0.75,0.75,1,1,1.0,1.0
qwen3-1.7b,edge_count,filler,rwse,400,0.75,0.5,-0.25,-1.0,0.5,1,2,1.0,1.0
qwen3-1.7b,edge_count,filler,degree,400,0.75,4.25,3.5000000000000004,1.5,5.75,16,2,0.001312255859375,0.00787353515625
qwen3-1.7b,edge_count,filler,all,400,0.75,2.0,1.25,-0.25000000000000006,3.0,8,3,0.2265625,0.6796875
qwen3-1.7b,edge_existence,none,filler,400,70.5,54.75,-15.75,-19.756249999999998,-11.75,10,73,5.800664942039543e-13,3.480398965223726e-12
qwen3-1.7b,edge_existence,none,components,400,70.5,62.25000000000001,-8.25,-11.75,-4.75,11,44,8.699371704778969e-06,1.7398743409557937e-05
qwen3-1.7b,edge_existence,none,clustering,400,70.5,74.25,3.75,-0.5000000000000001,8.25,48,33,0.1192736683117644,0.1192736683117644
qwen3-1.7b,edge_existence,none,rwse,400,70.5,75.5,5.0,0.4999999999999998,9.75,55,35,0.04459752462791592,0.06689628694187388
qwen3-1.7b,edge_existence,none,degree,400,70.5,74.5,4.0,-0.2500000000000002,8.25,49,33,0.09703091129729907,0.11643709355675888
qwen3-1.7b,edge_existence,none,all,400,70.5,82.0,11.5,6.75,16.499999999999996,75,29,7.366510614966003e-06,1.7398743409557937e-05
qwen3-1.7b,edge_existence,filler,none,400,54.75,70.5,15.75,11.75,20.0,73,10,5.800664942039543e-13,6.960797930447452e-13
qwen3-1.7b,edge_existence,filler,components,400,54.75,62.25000000000001,7.5,4.493750000000001,10.750000000000002,38,8,9.24769992138863e-06,9.24769992138863e-06
qwen3-1.7b,edge_existence,filler,clustering,400,54.75,74.25,19.5,15.5,23.75,87,9,3.640258907444359e-17,1.0920776722333076e-16
qwen3-1.7b,edge_existence,filler,rwse,400,54.75,75.5,20.75,16.25,25.25,96,13,8.303445016382138e-17,1.6606890032764276e-16
qwen3-1.7b,edge_existence,filler,degree,400,54.75,74.5,19.75,15.5,24.25,91,12,3.4610428636474895e-16,5.191564295471234e-16
qwen3-1.7b,edge_existence,filler,all,400,54.75,82.0,27.250000000000004,22.5,31.75,119,10,7.876735311199382e-25,4.72604118671963e-24
qwen3-1.7b,node_count,none,filler,400,31.5,71.25,39.75,36.0,43.50000000000001,161,2,2.2865181363073523e-45,4.5730362726147045e-45
qwen3-1.7b,node_count,none,components,400,31.5,52.75,21.25,16.5,26.249999999999996,113,28,2.6418869265765717e-13,3.9628303898648576e-13
qwen3-1.7b,node_count,none,clustering,400,31.5,98.75,67.25,64.49999999999999,69.75,269,0,2.1084395886461046e-81,1.2650637531876628e-80
qwen3-1.7b,node_count,none,rwse,400,31.5,33.5,2.0,-2.9999999999999973,7.000000000000001,87,79,0.5870535639169906,0.5870535639169906
qwen3-1.7b,node_count,none,degree,400,31.5,38.25,6.75,3.25,10.25,43,16,0.0005843646280443461,0.0007012375536532154
qwen3-1.7b,node_count,none,all,400,31.5,78.5,47.0,42.5,51.49999999999999,193,5,1.2314364929436383e-50,3.694309478830915e-50
qwen3-1.7b,node_count,filler,none,400,71.25,31.5,-39.75,-43.25625,-35.99374999999998,2,161,2.2865181363073523e-45,1.3719108817844114e-44
qwen3-1.7b,node_count,filler,components,400,71.25,52.75,-18.5,-23.5,-13.25,28,102,4.4253738468920555e-11,5.310448616270467e-11
qwen3-1.7b,node_count,filler,clustering,400,71.25,98.75,27.500000000000004,24.5,30.5,110,0,1.5407439555097887e-33,4.622231866529366e-33
qwen3-1.7b,node_count,filler,rwse,400,71.25,33.5,-37.75,-42.75,-32.75,25,176,3.737608838133044e-29,5.606413257199566e-29
qwen3-1.7b,node_count,filler,degree,400,71.25,38.25,-33.0,-37.24999999999999,-28.749999999999996,7,139,5.719725898594834e-33,1.1439451797189668e-32
qwen3-1.7b,node_count,filler,all,400,71.25,78.5,7.249999999999999,2.993750000000001,12.0,73,44,0.009340760589436546,0.009340760589436546
qwen3-1.7b,node_degree,none,filler,400,60.5,60.0,-0.5,-4.5,3.25,32,34,0.9021585000966994,0.9021585000966995
qwen3-1.7b,node_degree,none,components,400,60.5,62.25000000000001,1.7500000000000002,-2.2499999999999996,5.75,36,29,0.45702078541058977,0.5484249424927077
qwen3-1.7b,node_degree,none,clustering,400,60.5,63.5,3.0,-1.7500000000000002,7.75,53,41,0.25644234893296985,0.38466352339945475
qwen3-1.7b,node_degree,none,rwse,400,60.5,64.5,4.0,-0.5000000000000001,8.5,53,37,0.11334435404342058,0.22668870808684116
qwen3-1.7b,node_degree,none,degree,400,60.5,68.0,7.5,3.25,11.756250000000023,57,27,0.0014044946311139559,0.004213483893341868
qwen3-1.7b,node_degree,none,all,400,60.5,70.75,10.25,5.250000000000001,15.5,77,36,0.00014401960112955247,0.0008641176067773148
qwen3-1.7b,node_degree,filler,none,400,60.0,60.5,0.5,-3.5000000000000004,4.5,34,32,0.9021585000966994,0.9021585000966995
qwen3-1.7b,node_degree,filler,components,400,60.0,62.25000000000001,2.25,-1.5000000000000002,6.25,39,30,0.3355576182340152,0.40266914188081826
qwen3-1.7b,node_degree,filler,clustering,400,60.0,63.5,3.5000000000000004,-1.25,8.000000000000002,55,41,0.1842858728803648,0.2764288093205472
qwen3-1.7b,node_degree,filler,rwse,400,60.0,64.5,4.5,0.0,9.0,53,35,0.06934604368506445,0.1386920873701289
qwen3-1.7b,node_degree,filler,degree,400,60.0,68.0,8.0,3.4999999999999996,12.5,61,29,0.000972760707951367,0.002918282123854101
qwen3-1.7b,node_degree,filler,all,400,60.0,70.75,10.75,6.0,15.5,74,31,3.27553526874422e-05,0.0001965321161246532
qwen3-1.7b-think,connected_nodes,none,filler,400,78.75,81.25,2.5,-1.0,6.25,32,22,0.22032849417661093,0.3304927412649164
qwen3-1.7b-think,connected_nodes,none,components,400,78.75,81.25,2.5,-0.75,5.75,28,18,0.18392482137699062,0.3304927412649164
qwen3-1.7b-think,connected_nodes,none,clustering,400,78.75,80.75,2.0,-2.0000000000000004,6.000000000000001,39,31,0.40296307504607976,0.4835556900552957
qwen3-1.7b-think,connected_nodes,none,rwse,400,78.75,79.0,0.25,-3.75,4.25,33,32,1.0,1.0
qwen3-1.7b-think,connected_nodes,none,degree,400,78.75,85.0,6.25,2.5,10.0,45,20,0.0026263768106840374,0.007879130432052113
qwen3-1.7b-think,connected_nodes,none,all,400,78.75,85.0,6.25,2.5,10.25,45,20,0.0026263768106840374,0.007879130432052113
qwen3-1.7b-think,connected_nodes,filler,none,400,81.25,78.75,-2.5,-6.000000000000001,1.0,22,32,0.22032849417661093,0.44065698835322187
qwen3-1.7b-think,connected_nodes,filler,components,400,81.25,81.25,0.0,-3.25,3.0000000000000004,22,22,1.0,1.0
qwen3-1.7b-think,connected_nodes,filler,clustering,400,81.25,80.75,-0.5,-4.0,2.7500000000000004,24,26,0.887724827340783,1.0
qwen3-1.7b-think,connected_nodes,filler,rwse,400,81.25,79.0,-2.25,-6.0,1.5,26,35,0.30567741986311836,0.45851612979467754
qwen3-1.7b-think,connected_nodes,filler,degree,400,81.25,85.0,3.75,6.852157730108418e-16,7.5,38,23,0.07217743850092258,0.21653231550276775
qwen3-1.7b-think,connected_nodes,filler,all,400,81.25,85.0,3.75,0.24999999999999997,7.250000000000001,34,19,0.053438810537711046,0.21653231550276775
qwen3-1.7b-think,cycle_check,none,filler,400,97.0,100.0,3.0,1.5,4.75,12,0,0.00048828125,0.0009765625
qwen3-1.7b-think,cycle_check,none,components,400,97.0,89.5,-7.5,-11.0,-4.0,12,42,5.209447200793526e-05,0.00015628341602380577
qwen3-1.7b-think,cycle_check,none,clustering,400,97.0,96.5,-0.5,-2.75,1.7500000000000002,10,12,0.8318119049072266,0.8318119049072266
qwen3-1.7b-think,cycle_check,none,rwse,400,97.0,99.25,2.25,0.5,4.0,11,2,0.0224609375,0.03369140625
qwen3-1.7b-think,cycle_check,none,degree,400,97.0,75.25,-21.75,-26.25,-17.25,8,95,5.109797372820077e-20,3.065878423692046e-19
qwen3-1.7b-think,cycle_check,none,all,400,97.0,96.25,-0.75,-3.25,1.7500000000000002,12,15,0.7011080384254456,0.8318119049072266
qwen3-1.7b-think,cycle_check,filler,none,400,100.0,97.0,-3.0,-4.75,-1.5,0,12,0.00048828125,0.0005859375
qwen3-1.7b-think,cycle_check,filler,components,400,100.0,89.5,-10.5,-13.750000000000002,-7.75,0,42,4.547473508864641e-13,1.3642420526593924e-12
qwen3-1.7b-think,cycle_check,filler,clustering,400,100.0,96.5,-3.5000000000000004,-5.499999999999999,-1.7500000000000002,0,14,0.0001220703125,0.00018310546875
qwen3-1.7b-think,cycle_check,filler,rwse,400,100.0,99.25,-0.75,-1.7500000000000002,0.0,0,3,0.25,0.25
qwen3-1.7b-think,cycle_check,filler,degree,400,100.0,75.25,-24.75,-28.749999999999996,-20.75,0,99,3.1554436208840472e-30,1.8932661725304283e-29
qwen3-1.7b-think,cycle_check,filler,all,400,100.0,96.25,-3.75,-5.75,-2.0,0,15,6.103515625e-05,0.0001220703125
qwen3-1.7b-think,edge_count,none,filler,400,15.75,14.249999999999998,-1.5,-5.75,2.75,33,39,0.555997717760971,0.7930603773134586
qwen3-1.7b-think,edge_count,none,components,400,15.75,15.0,-0.75,-5.0,3.75,37,40,0.8198929037490488,0.8198929037490488
qwen3-1.7b-think,edge_count,none,clustering,400,15.75,14.499999999999998,-1.25,-5.5,3.0000000000000004,39,44,0.6608836477612154,0.7930603773134586
qwen3-1.7b-think,edge_count,none,rwse,400,15.75,12.5,-3.25,-7.006249999999999,0.5,26,39,0.1360323948778921,0.4080971846336763
qwen3-1.7b-think,edge_count,none,degree,400,15.75,12.5,-3.25,-7.750000000000002,1.2500000000000004,45,58,0.2369018777802925,0.473803755560585
qwen3-1.7b-think,edge_count,none,all,400,15.75,20.75,5.0,0.24999999999999953,9.75,65,45,0.06956519633623025,0.4080971846336763
qwen3-1.7b-think,edge_count,filler,none,400,14.249999999999998,15.75,1.5,-2.5,5.500000000000001,39,33,0.555997717760971,0.8339965766414564
qwen3-1.7b-think,edge_count,filler,components,400,14.249999999999998,15.0,0.75,-3.25,4.75,32,29,0.7981526273057179,0.9577831527668614
qwen3-1.7b-think,edge_count,filler,clustering,400,14.249999999999998,14.499999999999998,0.25,-4.0,4.25,38,37,1.0,1.0
qwen3-1.7b-think,edge_count,filler,rwse,400,14.249999999999998,12.5,-1.7500000000000002,-5.750000000000001,2.0,30,37,0.46381761789686937,0.8339965766414564
qwen3-1.7b-think,edge_count,filler,degree,400,14.249999999999998,12.5,-1.7500000000000002,-6.000000000000001,2.5,41,48,0.5250147872924267,0.8339965766414564
qwen3-1.7b-think,edge_count,filler,all,400,14.249999999999998,20.75,6.5,1.250000000000001,11.75,76,50,0.025543364029782935,0.1532601841786976
qwen3-1.7b-think,edge_existence,none,filler,400,99.0,98.5,-0.5,-2.0,1.0,4,6,0.75390625,0.75390625
qwen3-1.7b-think,edge_existence,none,components,400,99.0,98.25,-0.75,-2.5,0.7500000000000001,4,7,0.548828125,0.65859375
qwen3-1.7b-think,edge_existence,none,clustering,400,99.0,98.0,-1.0,-2.5,0.49999999999999994,3,7,0.34375,0.515625
qwen3-1.7b-think,edge_existence,none,rwse,400,99.0,97.75,-1.25,-3.0000000000000004,0.5,4,9,0.266845703125,0.515625
qwen3-1.7b-think,edge_existence,none,degree,400,99.0,96.5,-2.5,-4.5,-0.5000000000000001,3,13,0.021270751953125,0.12762451171875
qwen3-1.7b-think,edge_existence,none,all,400,99.0,97.25,-1.7500000000000002,-3.5000000000000004,-0.24999999999999992,3,10,0.09228515625,0.27685546875
qwen3-1.7b-think,edge_existence,filler,none,400,98.5,99.0,0.5,-1.0,2.0,6,4,0.75390625,0.929296875
qwen3-1.7b-think,edge_existence,filler,components,400,98.5,98.25,-0.25,-2.0,1.25,5,6,1.0,1.0
qwen3-1.7b-think,edge_existence,filler,clustering,400,98.5,98.0,-0.5,-2.25,1.25,5,7,0.7744140625,0.929296875
qwen3-1.7b-think,edge_existence,filler,rwse,400,98.5,97.75,-0.75,-2.5,1.0,5,8,0.5810546875,0.929296875
qwen3-1.7b-think,edge_existence,filler,degree,400,98.5,96.5,-2.0,-4.25,0.0,5,13,0.09625244140625,0.5775146484375
qwen3-1.7b-think,edge_existence,filler,all,400,98.5,97.25,-1.25,-3.25,0.5000000000000001,5,10,0.30175781249999994,0.9052734374999998
qwen3-1.7b-think,node_count,none,filler,400,91.0,100.0,9.0,6.25,12.0,36,0,2.9103830456733704e-11,4.3655745685100555e-11
qwen3-1.7b-think,node_count,none,components,400,91.0,92.5,1.5,-2.25,5.250000000000001,33,27,0.5189580031896519,0.5189580031896519
qwen3-1.7b-think,node_count,none,clustering,400,91.0,100.0,9.0,6.25,12.0,36,0,2.9103830456733704e-11,4.3655745685100555e-11
qwen3-1.7b-think,node_count,none,rwse,400,91.0,100.0,9.0,6.25,12.0,36,0,2.9103830456733704e-11,4.3655745685100555e-11
qwen3-1.7b-think,node_count,none,degree,400,91.0,96.5,5.5,2.5,8.75,33,11,0.0012600338162656044,0.0015120405795187252
qwen3-1.7b-think,node_count,none,all,400,91.0,100.0,9.0,6.25,12.0,36,0,2.9103830456733704e-11,4.3655745685100555e-11
qwen3-1.7b-think,node_count,filler,none,400,100.0,91.0,-9.0,-12.0,-6.5,0,36,2.9103830456733704e-11,1.7462298274040222e-10
qwen3-1.7b-think,node_count,filler,components,400,100.0,92.5,-7.5,-10.25,-5.0,0,30,1.862645149230957e-09,5.587935447692871e-09
qwen3-1.7b-think,node_count,filler,clustering,400,100.0,100.0,0.0,0.0,0.0,0,0,1.0,1.0
qwen3-1.7b-think,node_count,filler,rwse,400,100.0,100.0,0.0,0.0,0.0,0,0,1.0,1.0
qwen3-1.7b-think,node_count,filler,degree,400,100.0,96.5,-3.5000000000000004,-5.5,-1.7500000000000002,0,14,0.0001220703125,0.000244140625
qwen3-1.7b-think,node_count,filler,all,400,100.0,100.0,0.0,0.0,0.0,0,0,1.0,1.0
qwen3-1.7b-think,node_degree,none,filler,400,76.25,73.25,-3.0,-7.000000000000001,1.0,27,39,0.17528579444303533,0.3505715888860707
qwen3-1.7b-think,node_degree,none,components,400,76.25,75.25,-1.0,-4.25,2.5,22,26,0.6654658120766188,0.6654658120766188
qwen3-1.7b-think,node_degree,none,clustering,400,76.25,77.75,1.5,-2.2500000000000004,5.250000000000001,34,28,0.52577336017565,0.63092803221078
qwen3-1.7b-think,node_degree,none,rwse,400,76.25,78.75,2.5,-1.9999999999999998,6.75,44,34,0.3081682319436807,0.46225234791552106
qwen3-1.7b-think,node_degree,none,degree,400,76.25,85.0,8.75,4.25,13.25,62,27,0.00026558534298746995,0.0007967560289624099
qwen3-1.7b-think,node_degree,none,all,400,76.25,88.5,12.25,8.0,16.506250000000023,66,17,5.6029313850528654e-08,3.361758831031719e-07
qwen3-1.7b-think,node_degree,filler,none,400,73.25,76.25,3.0,-0.7500000000000001,6.756250000000024,39,27,0.17528579444303533,0.2103429533316424
qwen3-1.7b-think,node_degree,filler,components,400,73.25,75.25,2.0,-2.0000000000000004,6.000000000000001,40,32,0.40957939592707177,0.40957939592707177
qwen3-1.7b-think,node_degree,filler,clustering,400,73.25,77.75,4.5,0.7499999999999998,8.5,42,24,0.03558272445223169,0.05337408667834754
qwen3-1.7b-think,node_degree,filler,rwse,400,73.25,78.75,5.5,1.5000000000000002,9.25,45,23,0.01033766119369546,0.02067532238739092
qwen3-1.7b-think,node_degree,filler,degree,400,73.25,85.0,11.75,7.250000000000001,16.499999999999996,70,23,1.1026255560645484e-06,3.307876668193645e-06
qwen3-1.7b-think,node_degree,filler,all,400,73.25,88.5,15.25,11.0,19.5,74,13,1.59389870813477e-11,9.56339224880862e-11
qwen3-4b,connected_nodes,none,filler,400,86.0,73.5,-12.5,-17.0,-8.0,21,71,1.6168121721594925e-07,4.850436516478477e-07
qwen3-4b,connected_nodes,none,components,400,86.0,95.25,9.25,6.0,12.75,44,7,1.2115257419509362e-07,4.850436516478477e-07
qwen3-4b,connected_nodes,none,clustering,400,86.0,87.0,1.0,-2.7500000000000004,4.500000000000001,33,29,0.7035366713552733,0.844244005626328
qwen3-4b,connected_nodes,none,rwse,400,86.0,86.0,0.0,-3.9999999999999996,4.0,34,34,1.0,1.0
qwen3-4b,connected_nodes,none,degree,400,86.0,83.0,-3.0,-7.249999999999999,1.0,30,42,0.1945051658673991,0.3720686128387918
qwen3-4b,connected_nodes,none,all,400,86.0,83.25,-2.75,-7.000000000000001,1.5,32,43,0.24804574189252784,0.3720686128387918
qwen3-4b,connected_nodes,filler,none,400,73.5,86.0,12.5,8.0,17.0,71,21,1.6168121721594925e-07,2.4252182582392386e-07
qwen3-4b,connected_nodes,filler,components,400,73.5,95.25,21.75,17.25,26.25,96,9,1.631136685631456e-19,9.786820113788736e-19
qwen3-4b,connected_nodes,filler,clustering,400,73.5,87.0,13.5,9.0,18.006250000000023,75,21,2.7069291882474876e-08,5.4138583764949746e-08
qwen3-4b,connected_nodes,filler,rwse,400,73.5,86.0,12.5,8.493750000000002,16.75,65,15,1.411466840981396e-08,4.234400522944188e-08
qwen3-4b,connected_nodes,filler,degree,400,73.5,83.0,9.5,5.0,14.500000000000002,71,33,0.000247115841064573,0.000247115841064573
qwen3-4b,connected_nodes,filler,all,400,73.5,83.25,9.75,5.0,14.499999999999998,67,28,7.804247056315925e-05,9.36509646757911e-05
qwen3-4b,cycle_check,none,filler,400,99.0,98.5,-0.5,-2.0,0.7500000000000001,3,5,0.7265625,1.0
qwen3-4b,cycle_check,none,components,400,99.0,97.0,-2.0,-4.0,-0.24999999999999997,4,12,0.076812744140625,0.230438232421875
qwen3-4b,cycle_check,none,clustering,400,99.0,99.5,0.5,-0.75,1.7500000000000002,4,2,0.6875,1.0
qwen3-4b,cycle_check,none,rwse,400,99.0,98.75,-0.25,-1.7500000000000002,1.25,4,5,1.0,1.0
qwen3-4b,cycle_check,none,degree,400,99.0,96.75,-2.25,-4.25,-0.49999999999999994,3,12,0.03515625,0.2109375
qwen3-4b,cycle_check,none,all,400,99.0,98.75,-0.25,-1.7500000000000002,1.25,4,5,1.0,1.0
qwen3-4b,cycle_check,filler,none,400,98.5,99.0,0.5,-0.7500000000000001,1.7500000000000002,5,3,0.7265625,1.0
qwen3-4b,cycle_check,filler,components,400,98.5,97.0,-1.5,-3.5000000000000004,0.5000000000000001,6,12,0.237884521484375,0.578125
qwen3-4b,cycle_check,filler,clustering,400,98.5,99.5,1.0,-0.25,2.5,6,2,0.2890625,0.578125
qwen3-4b,cycle_check,filler,rwse,400,98.5,98.75,0.25,-1.25,1.7499999999999998,5,4,1.0,1.0
qwen3-4b,cycle_check,filler,degree,400,98.5,96.75,-1.7500000000000002,-3.75,0.24999999999999997,5,12,0.143463134765625,0.578125
qwen3-4b,cycle_check,filler,all,400,98.5,98.75,0.25,-1.25,1.7500000000000002,6,5,1.0,1.0
qwen3-4b,edge_count,none,filler,400,2.0,3.25,1.25,-0.75,3.25,10,5,0.30175781249999994,0.30175781249999994
qwen3-4b,edge_count,none,components,400,2.0,0.75,-1.25,-2.75,0.006250000000022735,2,7,0.1796875,0.26953125
qwen3-4b,edge_count,none,clustering,400,2.0,0.75,-1.25,-3.0,0.25000000000000006,3,8,0.2265625,0.271875
qwen3-4b,edge_count,none,rwse,400,2.0,0.5,-1.5,-3.0,-0.25,1,7,0.0703125,0.140625
qwen3-4b,edge_count,none,degree,400,2.0,29.25,27.250000000000004,22.749999999999996,31.75,114,5,5.743453631889443e-28,3.446072179133666e-27
qwen3-4b,edge_count,none,all,400,2.0,5.75,3.75,1.25,6.25,21,6,0.005924612283706665,0.017773836851119995
qwen3-4b,edge_count,filler,none,400,3.25,2.0,-1.25,-3.25,0.75,5,10,0.30175781249999994,0.30175781249999994
qwen3-4b,edge_count,filler,components,400,3.25,0.75,-2.5,-4.5,-0.7499999999999999,3,13,0.021270751953125,0.0319061279296875
qwen3-4b,edge_count,filler,clustering,400,3.25,0.75,-2.5,-4.5,-0.75,3,13,0.021270751953125,0.0319061279296875
qwen3-4b,edge_count,filler,rwse,400,3.25,0.5,-2.75,-4.75,-1.0,2,13,0.00738525390625,0.02215576171875
qwen3-4b,edge_count,filler,degree,400,3.25,29.25,26.0,21.250000000000004,30.75,114,10,1.6790570008398702e-23,1.0074342005039221e-22
qwen3-4b,edge_count,filler,all,400,3.25,5.75,2.5,-0.2499999999999999,5.250000000000001,21,11,0.11018416518345475,0.1322209982201457
qwen3-4b,edge_existence,none,filler,400,90.5,83.5,-7.000000000000001,-10.500000000000002,-3.5000000000000004,14,42,0.00023444586091919684,0.00046889172183839367
qwen3-4b,edge_existence,none,components,400,90.5,87.75,-2.75,-6.0,0.49999999999999994,16,27,0.12628947438543037,0.12628947438543037
qwen3-4b,edge_existence,none,clustering,400,90.5,94.5,4.0,1.0,7.249999999999999,28,12,0.01658900337497471,0.01990680404996965
qwen3-4b,edge_existence,none,rwse,400,90.5,80.5,-10.0,-13.750000000000002,-6.25,13,53,7.237175237417024e-07,4.342305142450214e-06
qwen3-4b,edge_existence,none,degree,400,90.5,85.75,-4.75,-8.0,-1.25,15,34,0.009399241523873059,0.014098862285809588
qwen3-4b,edge_existence,none,all,400,90.5,80.5,-10.0,-14.000000000000002,-6.000000000000001,15,55,1.652519847797991e-06,4.957559543393973e-06
qwen3-4b,edge_existence,filler,none,400,83.5,90.5,7.000000000000001,3.25,10.500000000000002,42,14,0.00023444586091919684,0.0007033375827575905
qwen3-4b,edge_existence,filler,components,400,83.5,87.75,4.25,1.2499999999999998,7.5,30,13,0.0137181850586785,0.027436370117357
qwen3-4b,edge_existence,filler,clustering,400,83.5,94.5,11.0,7.5,14.500000000000002,52,8,5.205691473372798e-09,3.1234148840236786e-08
qwen3-4b,edge_existence,filler,rwse,400,83.5,80.5,-3.0,-6.999999999999999,0.75,24,36,0.1550019040032606,0.18600228480391273
qwen3-4b,edge_existence,filler,degree,400,83.5,85.75,2.25,-1.25,5.750000000000001,31,22,0.27167916606550335,0.27167916606550335
qwen3-4b,edge_existence,filler,all,400,83.5,80.5,-3.0,-6.75,0.75,23,35,0.14800580076020603,0.18600228480391273
qwen3-4b,node_count,none,filler,400,90.25,99.5,9.25,6.75,11.75,37,0,1.4551915228366852e-11,4.3655745685100555e-11
qwen3-4b,node_count,none,components,400,90.25,99.25,9.0,6.5,11.5,37,1,2.837623469531536e-10,5.675246939063072e-10
qwen3-4b,node_count,none,clustering,400,90.25,99.0,8.75,6.0,11.5,38,3,1.0479197953827679e-08,1.2575037544593215e-08
qwen3-4b,node_count,none,rwse,400,90.25,99.5,9.25,6.5,12.0,39,2,7.839844329282641e-10,1.1759766493923962e-09
qwen3-4b,node_count,none,degree,400,90.25,98.25,8.0,5.25,10.750000000000002,37,5,4.4337048166198656e-07,4.4337048166198656e-07
qwen3-4b,node_count,none,all,400,90.25,100.0,9.75,7.249999999999999,12.25,39,0,3.637978807091713e-12,2.1827872842550278e-11
qwen3-4b,node_count,filler,none,400,99.5,90.25,-9.25,-12.0,-6.75,0,37,1.4551915228366852e-11,8.731149137020111e-11
qwen3-4b,node_count,filler,components,400,99.5,99.25,-0.25,-1.25,0.5,1,2,1.0,1.0
qwen3-4b,node_count,filler,clustering,400,99.5,99.0,-0.5,-1.7500000000000002,0.75,2,4,0.6875,1.0
qwen3-4b,node_count,filler,rwse,400,99.5,99.5,0.0,-1.0,1.0,2,2,1.0,1.0
qwen3-4b,node_count,filler,degree,400,99.5,98.25,-1.25,-2.5,0.0,1,6,0.125,0.375
qwen3-4b,node_count,filler,all,400,99.5,100.0,0.5,0.0,1.25,2,0,0.5,1.0
qwen3-4b,node_degree,none,filler,400,99.25,98.75,-0.5,-2.0,0.75,3,5,0.7265625,0.871875
qwen3-4b,node_degree,none,components,400,99.25,99.5,0.25,0.0,0.75,1,0,1.0,1.0
qwen3-4b,node_degree,none,clustering,400,99.25,98.75,-0.5,-2.0,1.0,3,5,0.7265625,0.871875
qwen3-4b,node_degree,none,rwse,400,99.25,97.0,-2.25,-4.0,-0.5,2,11,0.0224609375,0.044921875
qwen3-4b,node_degree,none,degree,400,99.25,92.75,-6.5,-9.25,-3.7500000000000004,3,29,2.5560148060321808e-06,7.668044418096542e-06
qwen3-4b,node_degree,none,all,400,99.25,91.25,-8.0,-11.0,-5.250000000000001,2,34,1.941225491464138e-08,1.1647352948784828e-07
qwen3-4b,node_degree,filler,none,400,98.75,99.25,0.5,-0.7500000000000001,2.0,5,3,0.7265625,0.871875
qwen3-4b,node_degree,filler,components,400,98.75,99.5,0.75,-0.5,2.0,5,2,0.453125,0.6796875
qwen3-4b,node_degree,filler,clustering,400,98.75,98.75,0.0,-1.25,1.25,3,3,1.0,1.0
qwen3-4b,node_degree,filler,rwse,400,98.75,97.0,-1.7500000000000002,-3.7500000000000004,0.25,5,12,0.143463134765625,0.28692626953125
qwen3-4b,node_degree,filler,degree,400,98.75,92.75,-6.0,-9.0,-3.25,4,28,1.9301194697618484e-05,5.7903584092855453e-05
qwen3-4b,node_degree,filler,all,400,98.75,91.25,-7.5,-10.25,-5.0,2,32,6.938353180885315e-08,4.163011908531189e-07
qwen3-4b-think,connected_nodes,none,filler,400,95.5,96.75,1.25,-1.0,3.5000000000000004,13,8,0.38331031799316406,0.8555355519056321
qwen3-4b-think,connected_nodes,none,components,400,95.5,96.0,0.5,-1.7500000000000002,2.75,12,10,0.8318119049072266,0.8555355519056321
qwen3-4b-think,connected_nodes,none,clustering,400,95.5,94.75,-0.75,-3.25,1.7500000000000002,12,15,0.7011080384254456,0.8555355519056321
qwen3-4b-think,connected_nodes,none,rwse,400,95.5,96.0,0.5,-2.0,3.0,13,11,0.8388197422027588,0.8555355519056321
qwen3-4b-think,connected_nodes,none,degree,400,95.5,96.0,0.5,-2.25,3.25,16,14,0.8555355519056321,0.8555355519056321
qwen3-4b-think,connected_nodes,none,all,400,95.5,94.25,-1.25,-3.7500000000000004,1.25,11,16,0.44206833839416504,0.8555355519056321
qwen3-4b-think,connected_nodes,filler,none,400,96.75,95.5,-1.25,-3.5000000000000004,1.0,8,13,0.38331031799316406,0.6776394844055176
qwen3-4b-think,connected_nodes,filler,components,400,96.75,96.0,-0.75,-3.0000000000000004,1.5,9,12,0.6636238098144531,0.6776394844055176
qwen3-4b-think,connected_nodes,filler,clustering,400,96.75,94.75,-2.0,-4.25,0.24999999999999997,7,15,0.13380050659179688,0.4014015197753906
qwen3-4b-think,connected_nodes,filler,rwse,400,96.75,96.0,-0.75,-3.25,1.5000000000000002,10,13,0.6776394844055176,0.6776394844055176
qwen3-4b-think,connected_nodes,filler,degree,400,96.75,96.0,-0.75,-2.7500000000000004,1.256250000000023,8,11,0.6476058959960938,0.6776394844055176
qwen3-4b-think,connected_nodes,filler,all,400,96.75,94.25,-2.5,-4.750000000000001,-0.24999999999999992,7,17,0.06391465663909912,0.3834879398345947
qwen3-4b-think,cycle_check,none,filler,400,99.25,99.75,0.5,-0.5,1.5,3,1,0.625,1.0
qwen3-4b-think,cycle_check,none,components,400,99.25,96.0,-3.25,-5.5,-1.25,3,16,0.004425048828125,0.013275146484375
qwen3-4b-think,cycle_check,none,clustering,400,99.25,99.25,0.0,-1.25,1.25,3,3,1.0,1.0
qwen3-4b-think,cycle_check,none,rwse,400,99.25,99.5,0.25,-0.75,1.5,3,2,1.0,1.0
qwen3-4b-think,cycle_check,none,degree,400,99.25,93.75,-5.5,-8.249999999999998,-3.2437499999999773,3,25,2.744048833847046e-05,0.00016464293003082275
qwen3-4b-think,cycle_check,none,all,400,99.25,98.75,-0.5,-1.9999999999999998,0.7500000000000001,3,5,0.7265625,1.0
qwen3-4b-think,cycle_check,filler,none,400,99.75,99.25,-0.5,-1.5000000000000002,0.49999999999999994,1,3,0.625,0.75
qwen3-4b-think,cycle_check,filler,components,400,99.75,96.0,-3.75,-5.75,-2.0,1,16,0.000274658203125,0.000823974609375
qwen3-4b-think,cycle_check,filler,clustering,400,99.75,99.25,-0.5,-1.5,0.5,1,3,0.625,0.75
qwen3-4b-think,cycle_check,filler,rwse,400,99.75,99.5,-0.25,-1.0,0.5,1,2,1.0,1.0
qwen3-4b-think,cycle_check,filler,degree,400,99.75,93.75,-6.0,-8.5,-3.75,1,25,8.046627044677734e-07,4.827976226806641e-06
qwen3-4b-think,cycle_check,filler,all,400,99.75,98.75,-1.0,-2.25,0.0,1,5,0.21875,0.4375
qwen3-4b-think,edge_count,none,filler,400,20.0,32.25,12.25,7.5,17.25,80,31,3.681632925244418e-06,7.363265850488836e-06
qwen3-4b-think,edge_count,none,components,400,20.0,44.75,24.75,19.75,30.000000000000004,120,21,4.810039242065313e-18,2.886023545239188e-17
qwen3-4b-think,edge_count,none,clustering,400,20.0,44.75,24.75,19.25,30.0,123,24,3.177259588075142e-17,9.531778764225427e-17
qwen3-4b-think,edge_count,none,rwse,400,20.0,30.25,10.25,5.5,15.000000000000002,74,33,9.18202620626861e-05,0.00013773039309402914
qwen3-4b-think,edge_count,none,degree,400,20.0,28.499999999999996,8.5,3.0000000000000004,14.250000000000002,88,54,0.0054300904534824125,0.006516108544178894
qwen3-4b-think,edge_count,none,all,400,20.0,21.75,1.7500000000000002,-3.500000000000001,7.249999999999999,63,56,0.5824937911572259,0.5824937911572259
qwen3-4b-think,edge_count,filler,none,400,32.25,20.0,-12.25,-17.25,-7.250000000000001,31,80,3.681632925244418e-06,1.4173411710052174e-05
qwen3-4b-think,edge_count,filler,components,400,32.25,44.75,12.5,6.75,18.006250000000023,97,47,3.7557097042084756e-05,7.511419408416951e-05
qwen3-4b-think,edge_count,filler,clustering,400,32.25,44.75,12.5,7.500000000000001,17.75,84,34,4.724470570017391e-06,1.4173411710052174e-05
qwen3-4b-think,edge_count,filler,rwse,400,32.25,30.25,-2.0,-7.000000000000001,3.0062500000000236,53,61,0.5122548722298447,0.5122548722298447
qwen3-4b-think,edge_count,filler,degree,400,32.25,28.499999999999996,-3.75,-9.250000000000004,1.7500000000000002,69,84,0.2576337765467225,0.30916053185606696
qwen3-4b-think,edge_count,filler,all,400,32.25,21.75,-10.5,-16.249999999999996,-4.75,50,92,0.0005337707534569341,0.0008006561301854012
qwen3-4b-think,edge_existence,none,filler,400,99.75,99.75,0.0,0.0,0.0,0,0,1.0,1.0
qwen3-4b-think,edge_existence,none,components,400,99.75,99.25,-0.5,-1.5000000000000002,0.49999999999999994,1,3,0.625,0.9375
qwen3-4b-think,edge_existence,none,clustering,400,99.75,99.0,-0.75,-1.7500000000000002,0.0,0,3,0.25,0.5
qwen3-4b-think,edge_existence,none,rwse,400,99.75,98.5,-1.25,-2.5,0.0,1,6,0.125,0.5
qwen3-4b-think,edge_existence,none,degree,400,99.75,99.75,0.0,-0.75,0.75,1,1,1.0,1.0
qwen3-4b-think,edge_existence,none,all,400,99.75,98.75,-1.0,-2.25,0.0,1,5,0.21875,0.5
qwen3-4b-think,edge_existence,filler,none,400,99.75,99.75,0.0,0.0,0.0,0,0,1.0,1.0
qwen3-4b-think,edge_existence,filler,components,400,99.75,99.25,-0.5,-1.5000000000000002,0.49999999999999994,1,3,0.625,0.9375
qwen3-4b-think,edge_existence,filler,clustering,400,99.75,99.0,-0.75,-1.7499999999999998,0.0,0,3,0.25,0.5
qwen3-4b-think,edge_existence,filler,rwse,400,99.75,98.5,-1.25,-2.5,0.0,1,6,0.125,0.5
qwen3-4b-think,edge_existence,filler,degree,400,99.75,99.75,0.0,-0.75,0.75,1,1,1.0,1.0
qwen3-4b-think,edge_existence,filler,all,400,99.75,98.75,-1.0,-2.25,0.0,1,5,0.21875,0.5
qwen3-4b-think,node_count,none,filler,400,99.5,100.0,0.5,0.0,1.25,2,0,0.5,1.0
qwen3-4b-think,node_count,none,components,400,99.5,99.5,0.0,-1.0,1.0,2,2,1.0,1.0
qwen3-4b-think,node_count,none,clustering,400,99.5,99.75,0.25,-0.5,1.25,2,1,1.0,1.0
qwen3-4b-think,node_count,none,rwse,400,99.5,99.75,0.25,-0.5,1.0,2,1,1.0,1.0
qwen3-4b-think,node_count,none,degree,400,99.5,99.75,0.25,-0.5,1.25,2,1,1.0,1.0
qwen3-4b-think,node_count,none,all,400,99.5,100.0,0.5,0.0,1.25,2,0,0.5,1.0
qwen3-4b-think,node_count,filler,none,400,100.0,99.5,-0.5,-1.25,0.0,0,2,0.5,1.0
qwen3-4b-think,node_count,filler,components,400,100.0,99.5,-0.5,-1.25,0.0,0,2,0.5,1.0
qwen3-4b-think,node_count,filler,clustering,400,100.0,99.75,-0.25,-0.75,0.0,0,1,1.0,1.0
qwen3-4b-think,node_count,filler,rwse,400,100.0,99.75,-0.25,-0.75,0.0,0,1,1.0,1.0
qwen3-4b-think,node_count,filler,degree,400,100.0,99.75,-0.25,-0.75,0.0,0,1,1.0,1.0
qwen3-4b-think,node_count,filler,all,400,100.0,100.0,0.0,0.0,0.0,0,0,1.0,1.0
qwen3-4b-think,node_degree,none,filler,400,97.0,99.0,2.0,0.49999999999999994,3.75,10,2,0.03857421875,0.11572265625
qwen3-4b-think,node_degree,none,components,400,97.0,97.25,0.25,-2.0,2.2500000000000004,10,9,1.0,1.0
qwen3-4b-think,node_degree,none,clustering,400,97.0,98.75,1.7500000000000002,-0.25,3.7500000000000004,12,5,0.143463134765625,0.28692626953125
qwen3-4b-think,node_degree,none,rwse,400,97.0,95.75,-1.25,-3.75,1.0000000000000002,10,15,0.42435622215270996,0.6365343332290649
qwen3-4b-think,node_degree,none,degree,400,97.0,99.5,2.5,0.75,4.5,12,2,0.012939453125,0.07763671875
qwen3-4b-think,node_degree,none,all,400,97.0,97.5,0.5,-1.5000000000000002,2.5,10,8,0.8145294189453125,0.977435302734375
qwen3-4b-think,node_degree,filler,none,400,99.0,97.0,-2.0,-3.75,-0.49999999999999994,2,10,0.03857421875,0.11572265625
qwen3-4b-think,node_degree,filler,components,400,99.0,97.25,-1.7500000000000002,-3.5000000000000004,0.0,3,10,0.09228515625,0.1845703125
qwen3-4b-think,node_degree,filler,clustering,400,99.0,98.75,-0.25,-1.5000000000000002,1.0,3,4,1.0,1.0
qwen3-4b-think,node_degree,filler,rwse,400,99.0,95.75,-3.25,-5.5,-1.25,3,16,0.004425048828125,0.02655029296875
qwen3-4b-think,node_degree,filler,degree,400,99.0,99.5,0.5,-0.75,1.7500000000000002,4,2,0.6875,0.825
qwen3-4b-think,node_degree,filler,all,400,99.0,97.5,-1.5,-3.25,0.0,3,9,0.14599609375,0.218994140625
