arm,task,cond,n_pairs,n_all,d_drop,p_drop,d_zero,p_zero,q_drop,q_zero,sig_drop,sig_zero,bh_flip,delta_shift
qwen3-1.7b,node_count,components,400,400,21.249999999999996,2.6418869265765717e-13,21.249999999999996,2.6418869265765717e-13,3.9628303898648576e-13,3.9628303898648576e-13,True,True,False,0.0
qwen3-1.7b,node_count,clustering,400,400,67.25000000000001,2.1084395886461046e-81,67.25000000000001,2.1084395886461046e-81,1.2650637531876628e-80,1.2650637531876628e-80,True,True,False,0.0
qwen3-1.7b,node_count,rwse,400,400,2.0000000000000018,0.5870535639169906,2.0000000000000018,0.5870535639169906,0.5870535639169906,0.5870535639169906,False,False,False,0.0
qwen3-1.7b,node_count,degree,400,400,6.75,0.0005843646280443461,6.75,0.0005843646280443461,0.0007012375536532154,0.0007012375536532154,True,True,False,0.0
qwen3-1.7b,node_count,filler,400,400,39.75,2.2865181363073523e-45,39.75,2.2865181363073523e-45,4.5730362726147045e-45,4.5730362726147045e-45,True,True,False,0.0
qwen3-1.7b,node_count,all,400,400,47.0,1.2314364929436383e-50,47.0,1.2314364929436383e-50,3.694309478830915e-50,3.694309478830915e-50,True,True,False,0.0
qwen3-1.7b,cycle_check,components,343,400,-0.5830903790087438,0.5,2.0000000000000018,0.3317497633694906,0.75,0.3980997160433887,False,False,False,2.5830903790087456
qwen3-1.7b,cycle_check,clustering,362,400,0.2762430939226568,1.0,8.500000000000007,5.398760549724102e-09,1.0,1.6196281649172306e-08,False,True,True,8.22375690607735
qwen3-1.7b,cycle_check,rwse,358,400,-7.5418994413407825,1.1175870895385742e-07,-0.24999999999999467,1.0,3.3527612686157227e-07,1.0,True,False,True,7.291899441340788
qwen3-1.7b,cycle_check,degree,301,400,-12.624584717607979,7.275957614183426e-12,-17.499999999999993,5.421168026537843e-10,4.3655745685100555e-11,3.2527008159227057e-09,True,True,False,4.875415282392014
qwen3-1.7b,cycle_check,filler,341,400,0.2932551319648091,1.0,3.0000000000000027,0.14800580076020597,1.0,0.22200870114030896,False,False,False,2.7067448680351935
qwen3-1.7b,cycle_check,all,362,400,-1.104972375690605,0.21875,7.000000000000006,1.5097200957825407e-05,0.4375,3.0194401915650815e-05,False,True,True,8.104972375690611
qwen3-1.7b,edge_existence,components,400,400,-8.249999999999991,8.699371704778969e-06,-8.249999999999991,8.699371704778969e-06,1.7398743409557937e-05,1.7398743409557937e-05,True,True,False,0.0
qwen3-1.7b,edge_existence,clustering,400,400,3.750000000000009,0.11927366831176445,3.750000000000009,0.11927366831176445,0.11927366831176445,0.11927366831176445,False,False,False,0.0
qwen3-1.7b,edge_existence,rwse,399,400,5.263157894736836,0.0334167216020976,5.000000000000004,0.04459752462791594,0.05012508240314639,0.06689628694187391,False,False,False,0.2631578947368318
qwen3-1.7b,edge_existence,degree,400,400,4.0000000000000036,0.09703091129729906,4.0000000000000036,0.09703091129729906,0.11643709355675887,0.11643709355675887,False,False,False,0.0
qwen3-1.7b,edge_existence,filler,400,400,-15.749999999999996,5.800664942039543e-13,-15.749999999999996,5.800664942039543e-13,3.480398965223726e-12,3.480398965223726e-12,True,True,False,0.0
qwen3-1.7b,edge_existence,all,400,400,11.5,7.366510614966004e-06,11.5,7.366510614966004e-06,1.7398743409557937e-05,1.7398743409557937e-05,True,True,False,0.0
qwen3-1.7b,node_degree,components,400,400,1.750000000000007,0.4570207854105899,1.750000000000007,0.4570207854105899,0.5484249424927079,0.5484249424927079,False,False,False,0.0
qwen3-1.7b,node_degree,clustering,400,400,3.0000000000000027,0.25644234893296924,3.0000000000000027,0.25644234893296924,0.38466352339945387,0.38466352339945387,False,False,False,0.0
qwen3-1.7b,node_degree,rwse,399,400,4.010025062656641,0.11334435404342065,4.0000000000000036,0.11334435404342065,0.2266887080868413,0.2266887080868413,False,False,False,0.010025062656637829
qwen3-1.7b,node_degree,degree,400,400,7.500000000000007,0.001404494631113956,7.500000000000007,0.001404494631113956,0.004213483893341868,0.004213483893341868,True,True,False,0.0
qwen3-1.7b,node_degree,filler,400,400,-0.5000000000000004,0.9021585000966993,-0.5000000000000004,0.9021585000966993,0.9021585000966993,0.9021585000966993,False,False,False,0.0
qwen3-1.7b,node_degree,all,400,400,10.250000000000004,0.00014401960112955247,10.250000000000004,0.00014401960112955247,0.0008641176067773148,0.0008641176067773148,True,True,False,0.0
qwen3-1.7b,connected_nodes,components,400,400,0.7500000000000062,0.7877061896700435,0.7500000000000062,0.7877061896700435,0.7877061896700436,0.7877061896700436,False,False,False,0.0
qwen3-1.7b,connected_nodes,clustering,400,400,1.2500000000000067,0.6487911623106449,1.2500000000000067,0.6487911623106449,0.7877061896700436,0.7877061896700436,False,False,False,0.0
qwen3-1.7b,connected_nodes,rwse,400,400,1.0000000000000009,0.7343420330298468,1.0000000000000009,0.7343420330298468,0.7877061896700436,0.7877061896700436,False,False,False,0.0
qwen3-1.7b,connected_nodes,degree,400,400,3.500000000000003,0.11960933562988493,3.500000000000003,0.11960933562988493,0.35882800688965477,0.35882800688965477,False,False,False,0.0
qwen3-1.7b,connected_nodes,filler,400,400,-6.25,0.004065116124638666,-6.25,0.004065116124638666,0.024390696747831998,0.024390696747831998,True,True,False,0.0
qwen3-1.7b,connected_nodes,all,399,400,2.0050125313283207,0.4657074457730625,2.0000000000000018,0.4657074457730625,0.7877061896700436,0.7877061896700436,False,False,False,0.005012531328318914
qwen3-1.7b,edge_count,components,211,400,-1.4218009478672986,0.375,-1.0,0.21875,0.75,0.65625,False,False,False,0.4218009478672986
qwen3-1.7b,edge_count,clustering,238,400,-0.42016806722689065,1.0,-0.5000000000000001,0.7265625,1.0,0.7265625,False,False,False,0.07983193277310946
qwen3-1.7b,edge_count,rwse,239,400,-0.8368200836820083,0.6875,-0.7500000000000001,0.453125,1.0,0.7265625,False,False,False,0.08682008368200822
qwen3-1.7b,edge_count,degree,253,400,3.9525691699604746,0.021270751953125,3.0000000000000004,0.01690053939819336,0.12762451171875,0.10140323638916016,False,False,False,0.9525691699604741
qwen3-1.7b,edge_count,filler,224,400,-0.4464285714285714,1.0,-0.5000000000000001,0.6875,1.0,0.7265625,False,False,False,0.053571428571428714
qwen3-1.7b,edge_count,all,211,400,2.3696682464454977,0.2265625,0.75,0.5810546875,0.6796875,0.7265625,False,False,False,1.6196682464454977
qwen3-4b,node_count,components,400,400,9.000000000000007,2.837623469531536e-10,9.000000000000007,2.837623469531536e-10,5.675246939063072e-10,5.675246939063072e-10,True,True,False,0.0
qwen3-4b,node_count,clustering,400,400,8.750000000000002,1.0479197953827679e-08,8.750000000000002,1.0479197953827679e-08,1.2575037544593215e-08,1.2575037544593215e-08,True,True,False,0.0
qwen3-4b,node_count,rwse,400,400,9.250000000000004,7.839844329282641e-10,9.250000000000004,7.839844329282641e-10,1.1759766493923962e-09,1.1759766493923962e-09,True,True,False,0.0
qwen3-4b,node_count,degree,400,400,8.000000000000007,4.4337048166198656e-07,8.000000000000007,4.4337048166198656e-07,4.4337048166198656e-07,4.4337048166198656e-07,True,True,False,0.0
qwen3-4b,node_count,filler,400,400,9.250000000000004,1.4551915228366852e-11,9.250000000000004,1.4551915228366852e-11,4.3655745685100555e-11,4.3655745685100555e-11,True,True,False,0.0
qwen3-4b,node_count,all,400,400,9.750000000000004,3.637978807091713e-12,9.750000000000004,3.637978807091713e-12,2.1827872842550278e-11,2.1827872842550278e-11,True,True,False,0.0
qwen3-4b,cycle_check,components,391,400,-1.2787723785166238,0.125,-2.0000000000000018,0.076812744140625,0.375,0.230438232421875,False,False,False,0.7212276214833779
qwen3-4b,cycle_check,clustering,395,400,0.25316455696202667,1.0,0.5000000000000004,0.6875,1.0,1.0,False,False,False,0.24683544303797378
qwen3-4b,cycle_check,rwse,392,400,0.25510204081632404,1.0,-0.24999999999999467,1.0,1.0,1.0,False,False,False,0.5051020408163187
qwen3-4b,cycle_check,degree,391,400,-1.534526854219942,0.03125,-2.2499999999999964,0.03515625,0.1875,0.2109375,False,False,False,0.7154731457800545
qwen3-4b,cycle_check,filler,392,400,-0.25510204081632404,1.0,-0.5000000000000004,0.7265625,1.0,1.0,False,False,False,0.2448979591836764
qwen3-4b,cycle_check,all,395,400,-0.5063291139240533,0.625,-0.24999999999999467,1.0,1.0,1.0,False,False,False,0.25632911392405866
qwen3-4b,edge_existence,components,400,400,-2.750000000000008,0.12628947438543037,-2.750000000000008,0.12628947438543037,0.12628947438543037,0.12628947438543037,False,False,False,0.0
qwen3-4b,edge_existence,clustering,400,400,3.9999999999999925,0.01658900337497471,3.9999999999999925,0.01658900337497471,0.02234860393800773,0.01990680404996965,True,True,False,0.0
qwen3-4b,edge_existence,rwse,400,400,-9.999999999999998,7.237175237417024e-07,-9.999999999999998,7.237175237417024e-07,4.342305142450214e-06,4.342305142450214e-06,True,True,False,0.0
qwen3-4b,edge_existence,degree,398,400,-4.2713567839196,0.01862383661500644,-4.749999999999998,0.009399241523873059,0.02234860393800773,0.014098862285809588,True,True,False,0.47864321608039795
qwen3-4b,edge_existence,filler,400,400,-7.000000000000006,0.00023444586091919684,-7.000000000000006,0.00023444586091919684,0.00046889172183839367,0.00046889172183839367,True,True,False,0.0
qwen3-4b,edge_existence,all,399,400,-9.774436090225569,2.612848003590018e-06,-9.999999999999998,1.652519847797991e-06,7.838544010770054e-06,4.957559543393973e-06,True,True,False,0.2255639097744293
qwen3-4b,node_degree,components,400,400,0.24999999999999467,1.0,0.24999999999999467,1.0,1.0,1.0,False,False,False,0.0
qwen3-4b,node_degree,clustering,400,400,-0.5000000000000004,0.7265625,-0.5000000000000004,0.7265625,0.871875,0.871875,False,False,False,0.0
qwen3-4b,node_degree,rwse,400,400,-2.2500000000000075,0.0224609375,-2.2500000000000075,0.0224609375,0.044921875,0.044921875,True,True,False,0.0
qwen3-4b,node_degree,degree,400,400,-6.500000000000005,2.5560148060321808e-06,-6.500000000000005,2.5560148060321808e-06,7.668044418096542e-06,7.668044418096542e-06,True,True,False,0.0
qwen3-4b,node_degree,filler,400,400,-0.5000000000000004,0.7265625,-0.5000000000000004,0.7265625,0.871875,0.871875,False,False,False,0.0
qwen3-4b,node_degree,all,400,400,-8.000000000000007,1.941225491464138e-08,-8.000000000000007,1.941225491464138e-08,1.1647352948784828e-07,1.1647352948784828e-07,True,True,False,0.0
qwen3-4b,connected_nodes,components,400,400,9.250000000000004,1.2115257419509362e-07,9.250000000000004,1.2115257419509362e-07,4.850436516478475e-07,4.850436516478475e-07,True,True,False,0.0
qwen3-4b,connected_nodes,clustering,400,400,1.0000000000000009,0.7035366713552734,1.0000000000000009,0.7035366713552734,0.8442440056263282,0.8442440056263282,False,False,False,0.0
qwen3-4b,connected_nodes,rwse,400,400,0.0,1.0,0.0,1.0,1.0,1.0,False,False,False,0.0
qwen3-4b,connected_nodes,degree,400,400,-3.0000000000000027,0.19450516586739908,-3.0000000000000027,0.19450516586739908,0.37206861283879195,0.37206861283879195,False,False,False,0.0
qwen3-4b,connected_nodes,filler,400,400,-12.5,1.6168121721594917e-07,-12.5,1.6168121721594917e-07,4.850436516478475e-07,4.850436516478475e-07,True,True,False,0.0
qwen3-4b,connected_nodes,all,400,400,-2.749999999999997,0.24804574189252795,-2.749999999999997,0.24804574189252795,0.37206861283879195,0.37206861283879195,False,False,False,0.0
qwen3-4b,edge_count,components,397,400,-1.2594458438287153,0.1796875,-1.25,0.1796875,0.26953125,0.26953125,False,False,False,0.009445843828715272
qwen3-4b,edge_count,clustering,399,400,-1.2531328320802004,0.2265625,-1.25,0.2265625,0.271875,0.271875,False,False,False,0.0031328320802004317
qwen3-4b,edge_count,rwse,398,400,-1.507537688442211,0.0703125,-1.5,0.0703125,0.140625,0.140625,False,False,False,0.007537688442210921
qwen3-4b,edge_count,degree,393,400,27.735368956743002,5.743453631889443e-28,27.249999999999996,5.743453631889443e-28,3.446072179133666e-27,3.446072179133666e-27,True,True,False,0.48536895674300595
qwen3-4b,edge_count,filler,400,400,1.25,0.3017578125,1.25,0.3017578125,0.3017578125,0.3017578125,False,False,False,0.0
qwen3-4b,edge_count,all,397,400,3.7783375314861463,0.005924612283706665,3.7500000000000004,0.005924612283706665,0.017773836851119995,0.017773836851119995,True,True,False,0.028337531486145817
qwen3-1.7b-think,node_count,components,342,400,0.8771929824561431,0.375,1.5000000000000013,0.5189580031896518,0.45,0.5189580031896518,False,False,False,0.6228070175438583
qwen3-1.7b-think,node_count,clustering,369,400,1.3550135501354976,0.0625,8.999999999999996,2.9103830456733704e-11,0.09375,4.3655745685100555e-11,False,True,True,7.644986449864499
qwen3-1.7b-think,node_count,rwse,369,400,1.3550135501354976,0.0625,8.999999999999996,2.9103830456733704e-11,0.09375,4.3655745685100555e-11,False,True,True,7.644986449864499
qwen3-1.7b-think,node_count,degree,360,400,0.8333333333333304,0.453125,5.499999999999994,0.0012600338162656044,0.453125,0.0015120405795187252,False,True,True,4.666666666666663
qwen3-1.7b-think,node_count,filler,369,400,1.3550135501354976,0.0625,8.999999999999996,2.9103830456733704e-11,0.09375,4.3655745685100555e-11,False,True,True,7.644986449864499
qwen3-1.7b-think,node_count,all,369,400,1.3550135501354976,0.0625,8.999999999999996,2.9103830456733704e-11,0.09375,4.3655745685100555e-11,False,True,True,7.644986449864499
qwen3-1.7b-think,cycle_check,components,346,400,0.0,1.0,-7.499999999999996,5.2094472007935266e-05,1.0,0.0001562834160238058,False,True,True,7.499999999999996
qwen3-1.7b-think,cycle_check,clustering,376,400,0.0,1.0,-0.5000000000000004,0.8318119049072266,1.0,0.8318119049072266,False,False,False,0.5000000000000004
qwen3-1.7b-think,cycle_check,rwse,386,400,0.0,1.0,2.2500000000000075,0.0224609375,1.0,0.03369140625,False,True,True,2.2500000000000075
qwen3-1.7b-think,cycle_check,degree,295,400,-0.6779661016949157,0.5,-21.750000000000004,5.109797372820077e-20,1.0,3.065878423692046e-19,False,True,True,21.072033898305087
qwen3-1.7b-think,cycle_check,filler,388,400,0.0,1.0,3.0000000000000027,0.00048828125,1.0,0.0009765625,False,True,True,3.0000000000000027
qwen3-1.7b-think,cycle_check,all,373,400,0.0,1.0,-0.7499999999999951,0.7011080384254456,1.0,0.8318119049072266,False,False,False,0.7499999999999951
qwen3-1.7b-think,edge_existence,components,398,400,-0.7537688442211032,0.5078125,-0.7499999999999951,0.548828125,0.5078125,0.65859375,False,False,False,0.0037688442211081252
qwen3-1.7b-think,edge_existence,clustering,398,400,-1.005025125628145,0.2890625,-1.0000000000000009,0.34375,0.43359375,0.515625,False,False,False,0.005025125628144167
qwen3-1.7b-think,edge_existence,rwse,398,400,-1.2562814070351758,0.2265625,-1.2499999999999956,0.266845703125,0.43359375,0.515625,False,False,False,0.006281407035180209
qwen3-1.7b-think,edge_existence,degree,397,400,-2.267002518891681,0.0224609375,-2.500000000000002,0.021270751953125,0.11572265625,0.12762451171875,False,False,False,0.2329974811083213
qwen3-1.7b-think,edge_existence,filler,399,400,-0.7518796992481147,0.5078125,-0.5000000000000004,0.75390625,0.5078125,0.75390625,False,False,False,0.25187969924811426
qwen3-1.7b-think,edge_existence,all,399,400,-2.0050125313283207,0.03857421875,-1.749999999999996,0.09228515625,0.11572265625,0.27685546875,False,False,False,0.2550125313283247
qwen3-1.7b-think,node_degree,components,395,400,-1.0126582278480956,0.6587380770236564,-1.0000000000000009,0.6654658120766186,0.6940040940761317,0.6654658120766186,False,False,False,0.012658227848094672
qwen3-1.7b-think,node_degree,clustering,396,400,1.0101010101010166,0.6940040940761316,1.5000000000000013,0.5257733601756501,0.6940040940761317,0.6309280322107801,False,False,False,0.4898989898989847
qwen3-1.7b-think,node_degree,rwse,394,400,2.5380710659898553,0.28878428041410487,2.500000000000002,0.30816823194368076,0.4331764206211573,0.46225234791552117,False,False,False,0.0380710659898531
qwen3-1.7b-think,node_degree,degree,376,400,11.702127659574469,2.553422007441105e-07,8.750000000000002,0.0002655853429874699,7.660266022323315e-07,0.0007967560289624098,True,True,False,2.952127659574467
qwen3-1.7b-think,node_degree,filler,396,400,-3.535353535353525,0.09795444051950737,-2.9999999999999916,0.1752857944430353,0.19590888103901474,0.3505715888860706,False,False,False,0.5353535353535332
qwen3-1.7b-think,node_degree,all,396,400,11.616161616161612,2.2661405044675457e-07,12.250000000000005,5.602931385052865e-08,7.660266022323315e-07,3.3617588310317187e-07,True,True,False,0.633838383838393
qwen3-1.7b-think,connected_nodes,components,392,400,2.8061224489795977,0.12628947438543037,2.500000000000002,0.18392482137699062,0.25257894877086073,0.33049274126491657,False,False,False,0.3061224489795955
qwen3-1.7b-think,connected_nodes,clustering,394,400,1.5228426395939132,0.5385827752459464,2.0000000000000018,0.40296307504607976,0.6462993302951358,0.4835556900552957,False,False,False,0.4771573604060886
qwen3-1.7b-think,connected_nodes,rwse,393,400,-0.2544529262086592,1.0,0.2500000000000058,1.0,1.0,1.0,False,False,False,0.504452926208665
qwen3-1.7b-think,connected_nodes,degree,390,400,7.435897435897443,0.00020372185740785698,6.25,0.0026263768106840383,0.0012223311444471419,0.007879130432052114,True,True,False,1.1858974358974432
qwen3-1.7b-think,connected_nodes,filler,394,400,2.0304568527918843,0.3222363203575469,2.500000000000002,0.22032849417661104,0.48335448053632035,0.33049274126491657,False,False,False,0.46954314720811796
qwen3-1.7b-think,connected_nodes,all,392,400,6.122448979591832,0.0022325516199429227,6.25,0.0026263768106840383,0.006697654859828768,0.007879130432052114,True,True,False,0.12755102040816801
qwen3-1.7b-think,edge_count,components,27,400,7.4074074074074066,0.5,-0.7500000000000007,0.8198929037490487,1.0,0.8198929037490487,False,False,False,8.157407407407407
qwen3-1.7b-think,edge_count,clustering,23,400,-8.695652173913048,0.625,-1.250000000000001,0.6608836477612148,1.0,0.7930603773134577,False,False,False,7.4456521739130475
qwen3-1.7b-think,edge_count,rwse,25,400,-4.0000000000000036,1.0,-3.25,0.13603239487789212,1.0,0.4080971846336764,False,False,False,0.7500000000000036
qwen3-1.7b-think,edge_count,degree,13,400,-61.53846153846154,0.0078125,-3.25,0.23690187778029265,0.046875,0.47380375556058524,True,False,True,58.28846153846154
qwen3-1.7b-think,edge_count,filler,29,400,3.4482758620689724,1.0,-1.5000000000000013,0.5559977177609708,1.0,0.7930603773134577,False,False,False,4.948275862068973
qwen3-1.7b-think,edge_count,all,24,400,-8.333333333333325,0.6875,4.999999999999999,0.06956519633623019,1.0,0.4080971846336764,False,False,False,13.333333333333325
qwen3-4b-think,node_count,components,400,400,0.0,1.0,0.0,1.0,1.0,1.0,False,False,False,0.0
qwen3-4b-think,node_count,clustering,399,400,0.5012531328320802,0.5,0.2500000000000058,1.0,0.6,1.0,False,False,False,0.2512531328320744
qwen3-4b-think,node_count,rwse,399,400,0.5012531328320802,0.5,0.2500000000000058,1.0,0.6,1.0,False,False,False,0.2512531328320744
qwen3-4b-think,node_count,degree,399,400,0.5012531328320802,0.5,0.2500000000000058,1.0,0.6,1.0,False,False,False,0.2512531328320744
qwen3-4b-think,node_count,filler,400,400,0.5000000000000004,0.5,0.5000000000000004,0.5,0.6,1.0,False,False,False,0.0
qwen3-4b-think,node_count,all,400,400,0.5000000000000004,0.5,0.5000000000000004,0.5,0.6,1.0,False,False,False,0.0
qwen3-4b-think,cycle_check,components,381,400,0.0,1.0,-3.2500000000000084,0.004425048828125,1.0,0.013275146484375,False,True,True,3.2500000000000084
qwen3-4b-think,cycle_check,clustering,394,400,0.0,1.0,0.0,1.0,1.0,1.0,False,False,False,0.0
qwen3-4b-think,cycle_check,rwse,395,400,0.0,1.0,0.24999999999999467,1.0,1.0,1.0,False,False,False,0.24999999999999467
qwen3-4b-think,cycle_check,degree,375,400,-0.8000000000000007,0.25,-5.500000000000005,2.744048833847046e-05,1.0,0.00016464293003082275,False,True,True,4.700000000000005
qwen3-4b-think,cycle_check,filler,396,400,0.0,1.0,0.5000000000000004,0.625,1.0,1.0,False,False,False,0.5000000000000004
qwen3-4b-think,cycle_check,all,392,400,0.0,1.0,-0.5000000000000004,0.7265625,1.0,1.0,False,False,False,0.5000000000000004
qwen3-4b-think,edge_existence,components,396,400,0.0,1.0,-0.5000000000000004,0.625,1.0,0.9375,False,False,False,0.5000000000000004
qwen3-4b-think,edge_existence,clustering,396,400,0.0,1.0,-0.7500000000000062,0.25,1.0,0.5,False,False,False,0.7500000000000062
qwen3-4b-think,edge_existence,rwse,393,400,0.0,1.0,-1.2500000000000067,0.125,1.0,0.5,False,False,False,1.2500000000000067
qwen3-4b-think,edge_existence,degree,398,400,0.0,1.0,0.0,1.0,1.0,1.0,False,False,False,0.0
qwen3-4b-think,edge_existence,filler,399,400,0.0,1.0,0.0,1.0,1.0,1.0,False,False,False,0.0
qwen3-4b-think,edge_existence,all,394,400,0.0,1.0,-1.0000000000000009,0.21875,1.0,0.5,False,False,False,1.0000000000000009
qwen3-4b-think,node_degree,components,380,400,-0.2631578947368429,1.0,0.2500000000000058,1.0,1.0,1.0,False,False,False,0.5131578947368487
qwen3-4b-think,node_degree,clustering,386,400,-0.2590673575129543,1.0,1.750000000000007,0.143463134765625,1.0,0.28692626953125,False,False,False,2.0090673575129614
qwen3-4b-think,node_degree,rwse,381,400,-2.099737532808399,0.0078125,-1.2499999999999956,0.42435622215270996,0.046875,0.6365343332290649,True,False,True,0.8497375328084034
qwen3-4b-think,node_degree,degree,388,400,0.0,1.0,2.500000000000002,0.012939453125,1.0,0.07763671875,False,False,False,2.500000000000002
qwen3-4b-think,node_degree,filler,386,400,0.0,1.0,2.0000000000000018,0.03857421875,1.0,0.11572265625,False,False,False,2.0000000000000018
qwen3-4b-think,node_degree,all,383,400,-0.7832898172323799,0.25,0.5000000000000004,0.8145294189453125,0.75,0.977435302734375,False,False,False,1.2832898172323803
qwen3-4b-think,connected_nodes,components,377,400,0.5305039787798393,0.625,0.5000000000000004,0.8318119049072266,1.0,0.855535551905632,False,False,False,0.030503978779838903
qwen3-4b-think,connected_nodes,clustering,373,400,0.0,1.0,-0.7499999999999951,0.7011080384254456,1.0,0.855535551905632,False,False,False,0.7499999999999951
qwen3-4b-think,connected_nodes,rwse,379,400,0.0,1.0,0.5000000000000004,0.8388197422027588,1.0,0.855535551905632,False,False,False,0.5000000000000004
qwen3-4b-think,connected_nodes,degree,376,400,0.0,1.0,0.5000000000000004,0.855535551905632,1.0,0.855535551905632,False,False,False,0.5000000000000004
qwen3-4b-think,connected_nodes,filler,379,400,0.79155672823219,0.375,1.2500000000000067,0.38331031799316406,1.0,0.855535551905632,False,False,False,0.45844327176781663
qwen3-4b-think,connected_nodes,all,375,400,-0.5333333333333301,0.7265625,-1.2499999999999956,0.44206833839416504,1.0,0.855535551905632,False,False,False,0.7166666666666655
qwen3-4b-think,edge_count,components,60,400,1.6666666666666718,1.0,24.75,4.810039242065314e-18,1.0,2.886023545239188e-17,False,True,True,23.08333333333333
qwen3-4b-think,edge_count,clustering,59,400,1.6949152542372947,1.0,24.75,3.1772595880751415e-17,1.0,9.531778764225424e-17,False,True,True,23.055084745762706
qwen3-4b-think,edge_count,rwse,49,400,0.0,1.0,10.249999999999998,9.182026206268604e-05,1.0,0.00013773039309402906,False,True,True,10.249999999999998
qwen3-4b-think,edge_count,degree,34,400,-23.529411764705888,0.0078125,8.499999999999996,0.005430090453482391,0.0234375,0.00651610854417887,True,True,False,32.029411764705884
qwen3-4b-think,edge_count,filler,50,400,-2.0000000000000018,1.0,12.25,3.6816329252444185e-06,1.0,7.363265850488837e-06,False,True,True,14.250000000000002
qwen3-4b-think,edge_count,all,41,400,-41.463414634146346,1.52587890625e-05,1.7499999999999987,0.5824937911572249,9.1552734375e-05,0.5824937911572249,True,False,True,43.213414634146346
