arm,task,density,n,acc,constant_gold,hit_cap_rate,mean_edges,encoding_chars,gold_magnitude,mean_signed_error,mean_abs_error,rho_n_edges,p_n_edges,rho_target_degree,p_target_degree,rho_pair_common_neighbors,p_pair_common_neighbors
qwen3-1.7b,node_count,0.1,100,0.02,1,0.0,78.64,1957.69,40.0,-0.98,0.98,0.0619304664560171,0.5404673273849221,,,,
qwen3-1.7b,node_count,0.2,100,0.0,1,0.0,155.12,2553.55,40.0,-1.0,1.0,,,,,,
qwen3-1.7b,node_count,0.35,100,0.28,1,0.0,272.98,3438.21,40.0,-0.72,0.72,0.3844226010591178,7.855999835613697e-05,,,,
qwen3-1.7b,node_count,0.5,100,0.96,1,0.0,389.4,4312.33,40.0,-0.04,0.04,0.0981519055787772,0.3312857793712042,,,,
qwen3-1.7b,cycle_check,0.1,100,0.83,1,0.17,78.64,1957.69,,,,0.07478489532286624,0.45961373061804534,,,,
qwen3-1.7b,cycle_check,0.2,100,0.92,1,0.09,155.12,2553.55,,,,-0.06579484249305645,0.5154457287001155,,,,
qwen3-1.7b,cycle_check,0.35,100,0.94,1,0.09,272.98,3438.21,,,,-0.060566625685554376,0.5494386790664043,,,,
qwen3-1.7b,cycle_check,0.5,100,1.0,1,0.01,389.4,4312.33,,,,,,,,,
qwen3-1.7b,edge_existence,0.1,100,0.89,0,0.0,78.64,1957.69,,,,-0.03934860908115191,0.6975057858986723,-0.15800627980673385,0.11639704739010318,-0.5221988943833528,2.5158349547260752e-08
qwen3-1.7b,edge_existence,0.2,100,0.73,0,0.0,155.12,2553.55,,,,-0.013662125369002628,0.8926831382176926,-0.20695458720761994,0.038833249792372466,-0.30373828064081176,0.0021254425548806297
qwen3-1.7b,edge_existence,0.35,100,0.66,0,0.0,272.98,3438.21,,,,0.2520592466797575,0.011409782652737321,0.011054772336799029,0.9130746451346294,-0.19837913634010054,0.047865432898810414
qwen3-1.7b,edge_existence,0.5,100,0.54,0,0.0,389.4,4312.33,,,,0.08691717092411816,0.3898590974170206,-0.07777030050695208,0.4418391730924593,-0.1262485968324854,0.21070537260141065
qwen3-1.7b,edge_existence,0.65,100,0.68,0,0.0,509.71,5212.56,,,,-0.09250795651879992,0.3599743635138703,0.18237696657152963,0.06935445097406445,-0.00373327520656478,0.9705938348351224
qwen3-1.7b,edge_existence,0.75,100,0.77,0,0.0,584.3,5773.75,,,,0.06507757397406189,0.5200448387156211,0.275587597746982,0.005517060390042103,0.020697529788259835,0.8380448476995777
qwen3-1.7b,edge_existence,0.85,100,0.86,0,0.0,662.6,6360.46,,,,-0.06044289212579544,0.5502561618518975,0.09582617065928734,0.3429264850360078,-0.049748438201484314,0.6230485968810392
qwen3-1.7b,node_degree,0.1,100,0.91,0,0.0,78.64,1957.69,3.98,-0.05,0.11,0.1757188812019,0.08033761068947784,-0.13048309158363938,0.19567723140375773,,
qwen3-1.7b,node_degree,0.2,100,0.8,0,0.0,155.12,2553.55,7.82,-0.11,0.27,0.139504884677828,0.16626999229549444,-0.0550228623197293,0.5866320660791178,,
qwen3-1.7b,node_degree,0.35,100,0.41,0,0.0,272.98,3438.21,13.99,-0.32,1.28,-0.2783581846080995,0.005043630410316342,-0.15545194168164211,0.1224963562633339,,
qwen3-1.7b,node_degree,0.5,100,0.3,0,0.0,389.4,4312.33,19.73,0.79,2.11,-0.13423324056611935,0.18302762659692456,-0.1474476706495614,0.14320667113499333,,
qwen3-1.7b,node_degree,0.65,100,0.08,0,0.01,509.71,5212.56,25.54,3.67,4.85,-0.09262714560903604,0.35935308451329134,-0.01220939952353587,0.9040368200713154,,
qwen3-1.7b,node_degree,0.75,100,0.16,0,0.0,584.3,5773.75,29.07,3.58,4.98,0.0042552631573100795,0.9664844894546499,-0.2673523375586997,0.007165667073103996,,
qwen3-1.7b,node_degree,0.85,100,0.05,0,0.0,662.6,6360.46,33.25,3.59,4.13,-0.11849842373985812,0.240303508203312,-0.17344058206890248,0.08440055111527561,,
qwen3-1.7b,connected_nodes,0.1,100,0.92,0,0.0,78.64,1957.69,,,,0.07989755479877851,0.42941398971267764,-0.04717376491361668,0.6411680084089477,,
qwen3-1.7b,connected_nodes,0.2,100,0.91,0,0.0,155.12,2553.55,,,,-0.05631635419811947,0.5778519110460726,0.023804292671635884,0.81414397287531,,
qwen3-1.7b,connected_nodes,0.35,100,0.59,0,0.0,272.98,3438.21,,,,-0.16666255863244442,0.09746194270813685,-0.10044040980800163,0.3200800746137419,,
qwen3-1.7b,connected_nodes,0.5,100,0.48,0,0.0,389.4,4312.33,,,,-0.049596966669076724,0.6241085273367043,-0.1680967760994368,0.09457322508812363,,
qwen3-1.7b,edge_count,0.1,100,0.03,0,0.31,78.64,1957.69,78.64,100.84,143.9,0.036594716642861,0.7177500579295313,,,,
qwen3-1.7b,edge_count,0.2,100,0.02,0,0.09,155.12,2553.55,155.12,53.18,88.44,-0.07550841140503559,0.4552702206829037,,,,
qwen3-1.7b,edge_count,0.35,100,0.0,0,0.5,272.98,3438.21,272.98,261.81,477.37,,,,,,
qwen3-1.7b,edge_count,0.5,100,0.0,0,0.29,389.4,4312.33,389.4,230.9,436.78,,,,,,
qwen3-1.7b-think,node_count,0.1,100,0.99,1,0.02,78.64,1957.69,40.0,-0.37,0.37,0.09933896728508321,0.32544249169659234,,,,
qwen3-1.7b-think,node_count,0.2,100,0.97,1,0.03,155.12,2553.55,40.0,-0.54,0.54,-0.15847896926576835,0.11529456301128395,,,,
qwen3-1.7b-think,node_count,0.35,100,0.84,1,0.17,272.98,3438.21,40.0,83.35,88.17,0.11297779776456471,0.26307129373906846,,,,
qwen3-1.7b-think,node_count,0.5,100,0.89,1,0.09,389.4,4312.33,40.0,-1.61,1.79,0.07420869964320004,0.46308910350689725,,,,
qwen3-1.7b-think,cycle_check,0.1,100,1.0,1,0.01,78.64,1957.69,,,,,,,,,
qwen3-1.7b-think,cycle_check,0.2,100,0.99,1,0.02,155.12,2553.55,,,,0.03483420733281804,0.7307958999116311,,,,
qwen3-1.7b-think,cycle_check,0.35,100,0.97,1,0.05,272.98,3438.21,,,,-0.13409799210503004,0.18347320100102418,,,,
qwen3-1.7b-think,cycle_check,0.5,100,0.98,1,0.04,389.4,4312.33,,,,-0.014852329633966812,0.8833971844256255,,,,
qwen3-1.7b-think,edge_existence,0.1,100,1.0,0,0.01,78.64,1957.69,,,,,,,,,
qwen3-1.7b-think,edge_existence,0.2,100,1.0,0,0.0,155.12,2553.55,,,,,,,,,
qwen3-1.7b-think,edge_existence,0.35,100,0.97,0,0.0,272.98,3438.21,,,,0.04266754294250956,0.6733877453457303,-0.08595532094233527,0.39514624231539963,-0.0636031069149423,0.5295640848879198
qwen3-1.7b-think,edge_existence,0.5,100,1.0,0,0.0,389.4,4312.33,,,,,,,,,
qwen3-1.7b-think,edge_existence,0.65,100,0.99,0,0.0,509.71,5212.56,,,,0.06618737927803586,0.5129376227591355,0.07008450421845283,0.48838086620635807,0.16277391263383087,0.1056442055194531
qwen3-1.7b-think,edge_existence,0.75,100,0.98,0,0.0,584.3,5773.75,,,,0.1361909337927825,0.1766662282636497,0.18561178066988598,0.06447476680606266,0.22273208774167627,0.02592208666238037
qwen3-1.7b-think,edge_existence,0.85,100,1.0,0,0.0,662.6,6360.46,,,,,,,,,
qwen3-1.7b-think,node_degree,0.1,100,0.9,0,0.03,78.64,1957.69,3.98,0.42,0.58,0.10982336051533702,0.27671867201465217,0.008181319749164114,0.9356121867479311,,
qwen3-1.7b-think,node_degree,0.2,100,0.95,0,0.0,155.12,2553.55,7.82,-0.07,0.07,0.021468934619033146,0.8320956505009497,-0.2324255236974272,0.01996539528043777,,
qwen3-1.7b-think,node_degree,0.35,100,0.6,0,0.0,272.98,3438.21,13.99,-0.39,0.67,-0.14149764403254764,0.16024057975142975,-0.03705678118922066,0.7143392428753076,,
qwen3-1.7b-think,node_degree,0.5,100,0.6,0,0.0,389.4,4312.33,19.73,-0.47,0.59,0.009196214576750298,0.9276452630966081,0.05132080614405048,0.6120915815909893,,
qwen3-1.7b-think,node_degree,0.65,100,0.52,0,0.0,509.71,5212.56,25.54,-0.01,0.93,-0.0704178779486581,0.48630957424673515,-0.03210296522062694,0.751186500161015,,
qwen3-1.7b-think,node_degree,0.75,100,0.45,0,0.04,584.3,5773.75,29.07,0.29,1.21,-0.10347904114925084,0.3055831203609972,-0.12444803850983172,0.2173384668777787,,
qwen3-1.7b-think,node_degree,0.85,100,0.42,0,0.01,662.6,6360.46,33.25,0.25,0.91,0.04530270957564084,0.6544698193640509,0.060986481874634235,0.5466691764197698,,
qwen3-1.7b-think,connected_nodes,0.1,100,0.92,0,0.03,78.64,1957.69,,,,0.1629910117895082,0.1051736920737252,0.14152129474085,0.16017001128086908,,
qwen3-1.7b-think,connected_nodes,0.2,100,0.96,0,0.0,155.12,2553.55,,,,-0.05659888763337307,0.5759422223804901,-0.03476415038332785,0.7313166589663612,,
qwen3-1.7b-think,connected_nodes,0.35,100,0.68,0,0.02,272.98,3438.21,,,,-0.09361941728374994,0.3542066013084122,-0.08868677758092924,0.3802431721266097,,
qwen3-1.7b-think,connected_nodes,0.5,100,0.59,0,0.0,389.4,4312.33,,,,-0.014444658928126894,0.8865761134884589,-0.15229160242823975,0.1303795254968175,,
qwen3-1.7b-think,edge_count,0.1,100,0.67,0,0.5,78.64,1957.69,78.64,-7.49,20.41,-0.027289760917503198,0.7875320136088999,,,,
qwen3-1.7b-think,edge_count,0.2,100,0.31,0,0.77,155.12,2553.55,155.12,-57.15,75.59,-0.29039547464235255,0.00338002417835137,,,,
qwen3-1.7b-think,edge_count,0.35,100,0.03,0,1.0,272.98,3438.21,272.98,-195.4,220.66,-0.06603310217293146,0.513922625940514,,,,
qwen3-1.7b-think,edge_count,0.5,100,0.0,0,1.0,389.4,4312.33,389.4,-375.59,375.59,,,,,,
qwen3-4b,node_count,0.1,100,0.92,1,0.0,78.64,1957.69,40.0,-0.08,0.08,0.03259820235790164,0.7474760219693042,,,,
qwen3-4b,node_count,0.2,100,0.69,1,0.0,155.12,2553.55,40.0,-0.31,0.31,0.38144850733666447,9.01592783589439e-05,,,,
qwen3-4b,node_count,0.35,100,1.0,1,0.0,272.98,3438.21,40.0,0.0,0.0,,,,,,
qwen3-4b,node_count,0.5,100,1.0,1,0.0,389.4,4312.33,40.0,0.0,0.0,,,,,,
qwen3-4b,cycle_check,0.1,100,0.99,1,0.0,78.64,1957.69,,,,-0.06971155598953208,0.49070357809405196,,,,
qwen3-4b,cycle_check,0.2,100,1.0,1,0.03,155.12,2553.55,,,,,,,,,
qwen3-4b,cycle_check,0.35,100,1.0,1,0.0,272.98,3438.21,,,,,,,,,
qwen3-4b,cycle_check,0.5,100,1.0,1,0.0,389.4,4312.33,,,,,,,,,
qwen3-4b,edge_existence,0.1,100,0.96,0,0.0,78.64,1957.69,,,,0.023007536423051724,0.8202582658678695,-0.16103618685005577,0.10946981066603344,-0.3228981884926214,0.0010505730512995787
qwen3-4b,edge_existence,0.2,100,0.93,0,0.0,155.12,2553.55,,,,-0.05773271286241223,0.568308180250469,-0.18621344504034598,0.06359869573066577,-0.2624951254144989,0.008330180602902162
qwen3-4b,edge_existence,0.35,100,0.83,0,0.0,272.98,3438.21,,,,-0.013379174846298341,0.8948928946162039,0.1003760771862278,0.3203917072852109,-0.1816913433554859,0.07042612324291936
qwen3-4b,edge_existence,0.5,100,0.9,0,0.0,389.4,4312.33,,,,0.08952654251585551,0.3757306036930466,-0.08671647429602371,0.39095878544234647,-0.010457946220474038,0.9177507087333461
qwen3-4b,edge_existence,0.65,100,0.87,0,0.0,509.71,5212.56,,,,-0.06338448922579432,0.5309828816962097,0.14929346462100615,0.1382108654240552,-0.01035662246030844,0.9185448513549587
qwen3-4b,edge_existence,0.75,100,0.87,0,0.0,584.3,5773.75,,,,-0.04020192493991828,0.6912749291970504,0.10682753868845984,0.29011234037521516,-0.052317606119028554,0.6051891837078245
qwen3-4b,edge_existence,0.85,100,0.96,0,0.0,662.6,6360.46,,,,-0.0849138887928074,0.40091869208548125,-0.08930549126290174,0.3769152775651676,-0.09520848739618604,0.34606083205544713
qwen3-4b,node_degree,0.1,100,1.0,0,0.0,78.64,1957.69,3.98,0.0,0.0,,,,,,
qwen3-4b,node_degree,0.2,100,0.99,0,0.0,155.12,2553.55,7.82,-0.01,0.01,-0.12714485676478587,0.20745792801066174,0.09304454091307447,0.35718262467269707,,
qwen3-4b,node_degree,0.35,100,0.99,0,0.0,272.98,3438.21,13.99,0.04,0.04,0.06444347710390795,0.5241279331400738,-0.06666624192465012,0.509886438744872,,
qwen3-4b,node_degree,0.5,100,0.99,0,0.0,389.4,4312.33,19.73,-0.01,0.01,0.1044900704878216,0.3008562171264416,-0.07370013637621221,0.4661684901513776,,
qwen3-4b,node_degree,0.65,100,0.82,0,0.0,509.71,5212.56,25.54,0.3,0.38,0.07894126035587473,0.4349747477175317,-0.4347123132412411,6.204451263222001e-06,,
qwen3-4b,node_degree,0.75,100,0.5,0,0.0,584.3,5773.75,29.07,1.09,1.21,-0.22568075828862177,0.02396786106807783,-0.5926123241629406,8.289697548321622e-11,,
qwen3-4b,node_degree,0.85,100,0.33,0,0.0,662.6,6360.46,33.25,1.89,2.01,-0.12348765557100636,0.22093628541450247,-0.3554289317805914,0.0002846906205250992,,
qwen3-4b,connected_nodes,0.1,100,0.93,0,0.0,78.64,1957.69,,,,-0.00883517671663055,0.9304786327998605,0.0989437994529176,0.3273803241455943,,
qwen3-4b,connected_nodes,0.2,100,0.88,0,0.0,155.12,2553.55,,,,0.05492863410406999,0.5872740539441414,0.10804302209032472,0.28462727328192694,,
qwen3-4b,connected_nodes,0.35,100,0.84,0,0.0,272.98,3438.21,,,,-0.04443478238438947,0.660677332178849,-0.09856226739975828,0.3292582722289872,,
qwen3-4b,connected_nodes,0.5,100,0.79,0,0.0,389.4,4312.33,,,,-0.12464813829540487,0.21659409907699018,-0.1406006243094453,0.16293420115728283,,
qwen3-4b,edge_count,0.1,100,0.05,0,0.0,78.64,1957.69,78.64,-3.08,8.8,-0.05092083910485688,0.6148707822298776,,,,
qwen3-4b,edge_count,0.2,100,0.02,0,0.0,155.12,2553.55,155.12,-14.08,23.32,-0.11264369570259408,0.2644946985635113,,,,
qwen3-4b,edge_count,0.35,100,0.01,0,0.0,272.98,3438.21,272.98,-17.46,52.24,-0.1706881285454859,0.08952558117282271,,,,
qwen3-4b,edge_count,0.5,100,0.0,0,0.0,389.4,4312.33,389.4,-60.73,72.57,,,,,,
qwen3-4b-think,node_count,0.1,100,0.98,1,0.0,78.64,1957.69,40.0,-0.02,0.02,0.1647350407730055,0.10145308359409051,,,,
qwen3-4b-think,node_count,0.2,100,1.0,1,0.0,155.12,2553.55,40.0,0.0,0.0,,,,,,
qwen3-4b-think,node_count,0.35,100,1.0,1,0.0,272.98,3438.21,40.0,0.0,0.0,,,,,,
qwen3-4b-think,node_count,0.5,100,1.0,1,0.0,389.4,4312.33,40.0,0.0,0.0,,,,,,
qwen3-4b-think,cycle_check,0.1,100,0.98,1,0.02,78.64,1957.69,,,,0.09041848102578497,0.37097350109414884,,,,
qwen3-4b-think,cycle_check,0.2,100,1.0,1,0.0,155.12,2553.55,,,,,,,,,
qwen3-4b-think,cycle_check,0.35,100,0.99,1,0.01,272.98,3438.21,,,,-0.08708577987014587,0.38893666221252143,,,,
qwen3-4b-think,cycle_check,0.5,100,1.0,1,0.0,389.4,4312.33,,,,,,,,,
qwen3-4b-think,edge_existence,0.1,100,1.0,0,0.01,78.64,1957.69,,,,,,,,,
qwen3-4b-think,edge_existence,0.2,100,1.0,0,0.0,155.12,2553.55,,,,,,,,,
qwen3-4b-think,edge_existence,0.35,100,1.0,0,0.0,272.98,3438.21,,,,,,,,,
qwen3-4b-think,edge_existence,0.5,100,1.0,0,0.0,389.4,4312.33,,,,,,,,,
qwen3-4b-think,edge_existence,0.65,100,1.0,0,0.0,509.71,5212.56,,,,,,,,,
qwen3-4b-think,edge_existence,0.75,100,1.0,0,0.0,584.3,5773.75,,,,,,,,,
qwen3-4b-think,edge_existence,0.85,100,0.98,0,0.0,662.6,6360.46,,,,-0.013618766046404435,0.8930217083789804,0.036250478056331574,0.7202947288960431,0.12828228555511081,0.20338833479002824
qwen3-4b-think,node_degree,0.1,100,0.97,0,0.03,78.64,1957.69,3.98,0.42,0.44,-0.0182973583214305,0.8566122722541362,0.0966046306940327,0.33900182961317044,,
qwen3-4b-think,node_degree,0.2,100,0.95,0,0.05,155.12,2553.55,7.82,0.74,0.88,-0.005566020086416002,0.9561696681013467,0.15708759532653702,0.1185630612649322,,
qwen3-4b-think,node_degree,0.35,100,0.97,0,0.03,272.98,3438.21,13.99,-0.16,0.18,-0.03250860414667395,0.7481468970903687,-0.05525699203435838,0.5850383009734086,,
qwen3-4b-think,node_degree,0.5,100,1.0,0,0.0,389.4,4312.33,19.73,0.0,0.0,,,,,,
qwen3-4b-think,node_degree,0.65,100,1.0,0,0.0,509.71,5212.56,25.54,0.0,0.0,,,,,,
qwen3-4b-think,node_degree,0.75,100,0.97,0,0.01,584.3,5773.75,29.07,-0.1,0.1,-0.08433641696012138,0.40414087999611387,0.11143646012186124,0.2696815085591284,,
qwen3-4b-think,node_degree,0.85,100,0.96,0,0.0,662.6,6360.46,33.25,-0.05,0.05,-0.01769039349850154,0.8613205001930981,-0.08930549126290174,0.3769152775651676,,
qwen3-4b-think,connected_nodes,0.1,100,0.97,0,0.03,78.64,1957.69,,,,-0.07928855272619884,0.43295055969224217,0.09146608650817989,0.36543339952443804,,
qwen3-4b-think,connected_nodes,0.2,100,0.95,0,0.05,155.12,2553.55,,,,0.03975728633154287,0.6945191143465878,0.17471987643461767,0.0820994697382517,,
qwen3-4b-think,connected_nodes,0.35,100,0.99,0,0.03,272.98,3438.21,,,,0.07663548628572836,0.44854957158839176,0.03859624532479744,0.703016222664777,,
qwen3-4b-think,connected_nodes,0.5,100,0.97,0,0.02,389.4,4312.33,,,,-0.05383574708310677,0.5947433008492173,0.06652784572409515,0.5107673003091544,,
qwen3-4b-think,edge_count,0.1,100,0.65,0,0.6,78.64,1957.69,78.64,-15.54,21.5,0.016723590073008415,0.8688299613728644,,,,
qwen3-4b-think,edge_count,0.2,100,0.45,0,0.66,155.12,2553.55,155.12,-60.28,75.76,-0.034137523186161686,0.7359800058005564,,,,
qwen3-4b-think,edge_count,0.35,100,0.25,0,0.92,272.98,3438.21,272.98,-159.51,173.65,-0.14888026810259397,0.13931756676646936,,,,
qwen3-4b-think,edge_count,0.5,100,0.04,0,1.0,389.4,4312.33,389.4,-327.81,349.91,0.08665663735783934,0.3912870118599173,,,,
