arm,condition,density,n,acc,discrepancy,share_retrieve,acc_retrieve,share_assert,acc_assert,share_enumerate,acc_enumerate
qwen3-4b,all,0.1,100,0.93,0.01,0.29,0.896551724137931,0.7,0.9428571428571428,0.01,1.0
qwen3-4b,all,0.2,100,0.96,0.0,0.24,0.9583333333333334,0.76,0.9605263157894737,0.0,
qwen3-4b,all,0.35,100,0.92,0.0,0.18,0.7777777777777778,0.79,0.9746835443037974,0.03,0.3333333333333333
qwen3-4b,all,0.5,100,0.84,0.0,0.16,0.875,0.82,0.8292682926829268,0.02,1.0
qwen3-4b,all,0.65,100,0.45,0.0,0.47,0.5957446808510638,0.53,0.32075471698113206,0.0,
qwen3-4b,all,0.75,100,0.31,0.01,0.51,0.49019607843137253,0.49,0.12244897959183673,0.0,
qwen3-4b,all,0.85,100,0.25,0.0,0.34,0.6470588235294118,0.66,0.045454545454545456,0.0,
qwen3-4b,clustering,0.1,100,1.0,0.0,0.01,1.0,0.77,1.0,0.22,1.0
qwen3-4b,clustering,0.2,100,1.0,0.0,0.0,,0.31,1.0,0.69,1.0
qwen3-4b,clustering,0.35,100,0.99,0.0,0.0,,0.17,1.0,0.83,0.9879518072289156
qwen3-4b,clustering,0.5,100,0.96,0.0,0.0,,0.05,1.0,0.95,0.9578947368421052
qwen3-4b,clustering,0.65,100,0.89,0.0,0.0,,0.07,0.7142857142857143,0.93,0.9032258064516129
qwen3-4b,clustering,0.75,100,0.59,0.0,0.0,,0.14,0.6428571428571429,0.86,0.5813953488372093
qwen3-4b,clustering,0.85,100,0.51,0.0,0.0,,0.73,0.6438356164383562,0.27,0.14814814814814814
qwen3-4b,degree,0.1,100,0.94,0.01,0.44,0.8863636363636364,0.54,0.9814814814814815,0.02,1.0
qwen3-4b,degree,0.2,100,0.98,0.02,0.56,0.9821428571428571,0.28,0.9642857142857143,0.16,1.0
qwen3-4b,degree,0.35,100,0.92,0.03,0.74,0.9054054054054054,0.2,1.0,0.06,0.8333333333333334
qwen3-4b,degree,0.5,100,0.87,0.09,0.62,0.9193548387096774,0.3,0.7333333333333333,0.08,1.0
qwen3-4b,degree,0.65,100,0.76,0.18,0.71,0.8873239436619719,0.27,0.4074074074074074,0.02,1.0
qwen3-4b,degree,0.75,100,0.57,0.21,0.64,0.734375,0.35,0.2857142857142857,0.01,0.0
qwen3-4b,degree,0.85,100,0.6,0.16,0.69,0.7971014492753623,0.31,0.16129032258064516,0.0,
qwen3-4b,none,0.1,100,1.0,0.0,0.02,1.0,0.97,1.0,0.01,1.0
qwen3-4b,none,0.2,100,0.99,0.0,0.0,,0.66,0.9848484848484849,0.34,1.0
qwen3-4b,none,0.35,100,0.99,0.0,0.0,,0.05,1.0,0.95,0.9894736842105263
qwen3-4b,none,0.5,100,0.99,0.0,0.0,,0.0,,1.0,0.99
qwen3-4b,none,0.65,100,0.82,0.0,0.0,,0.06,0.6666666666666666,0.94,0.8297872340425532
qwen3-4b,none,0.75,100,0.5,0.0,0.0,,0.15,0.2,0.85,0.5529411764705883
qwen3-4b,none,0.85,100,0.33,0.0,0.0,,0.56,0.4642857142857143,0.44,0.1590909090909091
qwen3-4b,rwse,0.1,100,1.0,0.0,0.01,1.0,0.91,1.0,0.08,1.0
qwen3-4b,rwse,0.2,100,0.97,0.0,0.0,,0.77,0.961038961038961,0.23,1.0
qwen3-4b,rwse,0.35,100,0.96,0.0,0.0,,0.16,0.875,0.84,0.9761904761904762
qwen3-4b,rwse,0.5,100,0.95,0.0,0.0,,0.14,0.9285714285714286,0.86,0.9534883720930233
qwen3-4b,rwse,0.65,100,0.82,0.0,0.0,,0.17,0.5882352941176471,0.83,0.8674698795180723
qwen3-4b,rwse,0.75,100,0.63,0.0,0.0,,0.22,0.5909090909090909,0.78,0.6410256410256411
qwen3-4b,rwse,0.85,100,0.43,0.0,0.0,,0.67,0.5373134328358209,0.33,0.21212121212121213
qwen3-1.7b-think,all,0.1,100,0.98,0.05,0.0,,0.93,0.978494623655914,0.07,1.0
qwen3-1.7b-think,all,0.2,99,0.9696969696969697,0.050505050505050504,0.010101010101010102,0.0,0.7777777777777778,0.987012987012987,0.21212121212121213,0.9523809523809523
qwen3-1.7b-think,all,0.35,100,0.82,0.25,0.06,0.8333333333333334,0.36,0.8333333333333334,0.58,0.8103448275862069
qwen3-1.7b-think,all,0.5,100,0.78,0.3,0.0,,0.15,0.8,0.85,0.7764705882352941
qwen3-1.7b-think,all,0.65,100,0.82,0.31,0.05,1.0,0.14,0.8571428571428571,0.81,0.8024691358024691
qwen3-1.7b-think,all,0.75,96,0.6979166666666666,0.3125,0.0,,0.10416666666666667,0.9,0.8958333333333334,0.6744186046511628
qwen3-1.7b-think,all,0.85,99,0.5858585858585859,0.3434343434343434,0.0,,0.09090909090909091,0.5555555555555556,0.9090909090909091,0.5888888888888889
qwen3-1.7b-think,clustering,0.1,99,0.9494949494949495,0.0,0.010101010101010102,1.0,0.9797979797979798,0.9484536082474226,0.010101010101010102,1.0
qwen3-1.7b-think,clustering,0.2,100,0.97,0.0,0.0,,0.77,0.974025974025974,0.23,0.9565217391304348
qwen3-1.7b-think,clustering,0.35,100,0.61,0.01,0.0,,0.31,0.5483870967741935,0.69,0.6376811594202898
qwen3-1.7b-think,clustering,0.5,100,0.59,0.0,0.0,,0.09,0.4444444444444444,0.91,0.6043956043956044
qwen3-1.7b-think,clustering,0.65,100,0.39,0.02,0.0,,0.1,0.2,0.9,0.4111111111111111
qwen3-1.7b-think,clustering,0.75,99,0.3838383838383838,0.030303030303030304,0.0,,0.0707070707070707,0.14285714285714285,0.9292929292929293,0.40217391304347827
qwen3-1.7b-think,clustering,0.85,100,0.35,0.03,0.0,,0.09,0.3333333333333333,0.91,0.3516483516483517
qwen3-1.7b-think,degree,0.1,100,0.98,0.08,0.01,1.0,0.97,0.979381443298969,0.02,1.0
qwen3-1.7b-think,degree,0.2,98,0.9387755102040817,0.14285714285714285,0.02040816326530612,0.5,0.6122448979591837,0.95,0.3673469387755102,0.9444444444444444
qwen3-1.7b-think,degree,0.35,92,0.8369565217391305,0.43478260869565216,0.0,,0.2391304347826087,0.6818181818181818,0.7608695652173914,0.8857142857142857
qwen3-1.7b-think,degree,0.5,89,0.8202247191011236,0.4044943820224719,0.0,,0.0898876404494382,0.75,0.9101123595505618,0.8271604938271605
qwen3-1.7b-think,degree,0.65,86,0.7790697674418605,0.6046511627906976,0.0,,0.10465116279069768,0.8888888888888888,0.8953488372093024,0.7662337662337663
qwen3-1.7b-think,degree,0.75,88,0.7613636363636364,0.4659090909090909,0.0,,0.022727272727272728,1.0,0.9772727272727273,0.7558139534883721
qwen3-1.7b-think,degree,0.85,94,0.8723404255319149,0.40425531914893614,0.0,,0.0425531914893617,1.0,0.9574468085106383,0.8666666666666667
qwen3-1.7b-think,none,0.1,97,0.9278350515463918,0.010309278350515464,0.0,,0.9587628865979382,0.9354838709677419,0.041237113402061855,0.75
qwen3-1.7b-think,none,0.2,100,0.95,0.01,0.0,,0.68,0.9411764705882353,0.32,0.96875
qwen3-1.7b-think,none,0.35,100,0.6,0.0,0.0,,0.14,0.5714285714285714,0.86,0.6046511627906976
qwen3-1.7b-think,none,0.5,100,0.6,0.01,0.0,,0.06,0.3333333333333333,0.94,0.6170212765957447
qwen3-1.7b-think,none,0.65,100,0.52,0.01,0.0,,0.03,0.6666666666666666,0.97,0.5154639175257731
qwen3-1.7b-think,none,0.75,96,0.46875,0.041666666666666664,0.0,,0.041666666666666664,0.5,0.9583333333333334,0.4673913043478261
qwen3-1.7b-think,none,0.85,99,0.42424242424242425,0.08080808080808081,0.0,,0.050505050505050504,0.4,0.9494949494949495,0.425531914893617
qwen3-1.7b-think,rwse,0.1,100,0.96,0.0,0.0,,0.93,0.967741935483871,0.07,0.8571428571428571
qwen3-1.7b-think,rwse,0.2,98,0.9285714285714286,0.01020408163265306,0.0,,0.5816326530612245,0.9298245614035088,0.41836734693877553,0.926829268292683
qwen3-1.7b-think,rwse,0.35,100,0.65,0.0,0.0,,0.27,0.5555555555555556,0.73,0.684931506849315
qwen3-1.7b-think,rwse,0.5,99,0.6363636363636364,0.0,0.0,,0.1111111111111111,0.2727272727272727,0.8888888888888888,0.6818181818181818
qwen3-1.7b-think,rwse,0.65,100,0.43,0.01,0.0,,0.06,0.3333333333333333,0.94,0.43617021276595747
qwen3-1.7b-think,rwse,0.75,100,0.39,0.02,0.0,,0.08,0.25,0.92,0.40217391304347827
qwen3-1.7b-think,rwse,0.85,99,0.4444444444444444,0.04040404040404041,0.0,,0.0707070707070707,0.42857142857142855,0.9292929292929293,0.44565217391304346
qwen3-1.7b,all,0.1,100,0.97,0.0,0.01,1.0,0.97,0.979381443298969,0.02,0.5
qwen3-1.7b,all,0.2,100,0.9,0.0,0.01,1.0,0.72,0.9305555555555556,0.27,0.8148148148148148
qwen3-1.7b,all,0.35,100,0.58,0.0,0.01,1.0,0.51,0.5294117647058824,0.48,0.625
qwen3-1.7b,all,0.5,100,0.38,0.01,0.05,1.0,0.57,0.38596491228070173,0.38,0.2894736842105263
qwen3-1.7b,all,0.65,100,0.15,0.0,0.08,0.5,0.68,0.16176470588235295,0.24,0.0
qwen3-1.7b,all,0.75,100,0.17,0.01,0.04,0.75,0.5,0.26,0.46,0.021739130434782608
qwen3-1.7b,all,0.85,100,0.05,0.0,0.04,0.75,0.35,0.05714285714285714,0.61,0.0
qwen3-1.7b,clustering,0.1,100,0.93,0.0,0.0,,0.97,0.9381443298969072,0.03,0.6666666666666666
qwen3-1.7b,clustering,0.2,100,0.82,0.0,0.0,,0.92,0.8478260869565217,0.08,0.5
qwen3-1.7b,clustering,0.35,100,0.47,0.0,0.0,,0.49,0.5306122448979592,0.51,0.4117647058823529
qwen3-1.7b,clustering,0.5,100,0.32,0.0,0.0,,0.54,0.3888888888888889,0.46,0.2391304347826087
qwen3-1.7b,clustering,0.65,100,0.07,0.0,0.0,,0.66,0.06060606060606061,0.34,0.08823529411764706
qwen3-1.7b,clustering,0.75,100,0.11,0.0,0.0,,0.79,0.12658227848101267,0.21,0.047619047619047616
qwen3-1.7b,clustering,0.85,100,0.01,0.0,0.0,,0.82,0.012195121951219513,0.18,0.0
qwen3-1.7b,degree,0.1,100,0.94,0.0,0.04,1.0,0.94,0.9468085106382979,0.02,0.5
qwen3-1.7b,degree,0.2,100,0.9,0.0,0.02,1.0,0.87,0.9080459770114943,0.11,0.8181818181818182
qwen3-1.7b,degree,0.35,100,0.59,0.0,0.0,,0.49,0.5510204081632653,0.51,0.6274509803921569
qwen3-1.7b,degree,0.5,100,0.29,0.0,0.0,,0.55,0.3090909090909091,0.45,0.26666666666666666
qwen3-1.7b,degree,0.65,100,0.08,0.0,0.0,,0.45,0.15555555555555556,0.55,0.01818181818181818
qwen3-1.7b,degree,0.75,100,0.15,0.0,0.0,,0.72,0.18055555555555555,0.28,0.07142857142857142
qwen3-1.7b,degree,0.85,100,0.07,0.0,0.04,1.0,0.35,0.02857142857142857,0.61,0.03278688524590164
qwen3-1.7b,none,0.1,100,0.91,0.0,0.01,1.0,0.95,0.9157894736842105,0.04,0.75
qwen3-1.7b,none,0.2,100,0.8,0.0,0.0,,0.95,0.8105263157894737,0.05,0.6
qwen3-1.7b,none,0.35,100,0.41,0.0,0.0,,0.74,0.44594594594594594,0.26,0.3076923076923077
qwen3-1.7b,none,0.5,100,0.3,0.0,0.0,,0.51,0.4117647058823529,0.49,0.1836734693877551
qwen3-1.7b,none,0.65,99,0.08080808080808081,0.0,0.0,,0.35353535353535354,0.05714285714285714,0.6464646464646465,0.09375
qwen3-1.7b,none,0.75,100,0.16,0.0,0.0,,0.53,0.16981132075471697,0.47,0.14893617021276595
qwen3-1.7b,none,0.85,100,0.05,0.0,0.0,,0.61,0.08196721311475409,0.39,0.0
qwen3-1.7b,rwse,0.1,100,0.94,0.0,0.0,,0.98,0.9489795918367347,0.02,0.5
qwen3-1.7b,rwse,0.2,100,0.84,0.0,0.0,,0.9,0.8444444444444444,0.1,0.8
qwen3-1.7b,rwse,0.35,99,0.47474747474747475,0.0,0.0,,0.6363636363636364,0.47619047619047616,0.36363636363636365,0.4722222222222222
qwen3-1.7b,rwse,0.5,100,0.33,0.0,0.0,,0.49,0.32653061224489793,0.51,0.3333333333333333
qwen3-1.7b,rwse,0.65,100,0.07,0.0,0.0,,0.48,0.14583333333333334,0.52,0.0
qwen3-1.7b,rwse,0.75,100,0.05,0.0,0.0,,0.45,0.08888888888888889,0.55,0.01818181818181818
qwen3-1.7b,rwse,0.85,100,0.01,0.0,0.0,,0.5,0.02,0.5,0.0
