rung,n,mean_degree,tokens,model,accuracy,n_rows,dropped,band,readable,valid
n40k8,40,8,1691,qwen3-0.6b,0.74,50,0,informative,True,True
n40k8,40,8,1691,qwen3-0.6b-think,0.94,50,0,ceiling,True,False
n40k8,40,8,1691,qwen3-1.7b,0.84,50,0,informative,True,True
n40k8,40,8,1691,qwen3-1.7b-think,0.92,50,0,ceiling,True,False
n40k8,40,8,1691,qwen35-2b,1.0,50,0,ceiling,True,False
n40k8,40,8,1691,qwen35-2b-think,1.0,40,10,ceiling,True,False
n80k4,80,4,2197,qwen3-0.6b,0.88,50,0,informative,True,True
n80k4,80,4,2197,qwen3-0.6b-think,0.96,50,0,ceiling,True,False
n80k4,80,4,2197,qwen3-1.7b,0.88,50,0,informative,True,True
n80k4,80,4,2197,qwen3-1.7b-think,0.94,50,0,ceiling,True,False
n80k4,80,4,2197,qwen35-2b,1.0,50,0,ceiling,True,False
n80k4,80,4,2197,qwen35-2b-think,1.0,38,12,ceiling,True,False
n40k12,40,12,2290,qwen3-0.6b,0.5,50,0,informative,True,True
n40k12,40,12,2290,qwen3-0.6b-think,0.8,50,0,informative,True,True
n40k12,40,12,2290,qwen3-1.7b,0.48,50,0,informative,True,True
n40k12,40,12,2290,qwen3-1.7b-think,0.82,50,0,informative,True,True
n40k12,40,12,2290,qwen35-2b,0.86,50,0,informative,True,True
n40k12,40,12,2290,qwen35-2b-think,1.0,43,7,ceiling,True,False
n60k8,60,8,2569,qwen3-0.6b,0.76,50,0,informative,True,True
n60k8,60,8,2569,qwen3-0.6b-think,0.94,50,0,ceiling,True,False
n60k8,60,8,2569,qwen3-1.7b,0.72,50,0,informative,True,True
n60k8,60,8,2569,qwen3-1.7b-think,0.88,50,0,informative,True,True
n60k8,60,8,2569,qwen35-2b,0.98,50,0,ceiling,True,False
n60k8,60,8,2569,qwen35-2b-think,1.0,40,10,ceiling,True,False
n40k16,40,16,2893,qwen3-0.6b,0.3,50,0,informative,True,True
n40k16,40,16,2893,qwen3-0.6b-think,0.7,50,0,informative,True,True
n40k16,40,16,2893,qwen3-1.7b,0.4,50,0,informative,True,True
n40k16,40,16,2893,qwen3-1.7b-think,0.58,50,0,informative,True,True
n40k16,40,16,2893,qwen35-2b,0.84,50,0,informative,True,True
n40k16,40,16,2893,qwen35-2b-think,1.0,42,8,ceiling,True,False
n120k4,120,4,3430,qwen3-0.6b,0.66,50,0,informative,True,True
n120k4,120,4,3430,qwen3-0.6b-think,0.86,50,0,informative,True,True
n120k4,120,4,3430,qwen3-1.7b,0.76,50,0,informative,True,True
n120k4,120,4,3430,qwen3-1.7b-think,0.8542,48,2,informative,True,True
n120k4,120,4,3430,qwen35-2b,0.98,50,0,ceiling,True,False
n120k4,120,4,3430,qwen35-2b-think,1.0,2,2,ceiling,True,False
n80k8,80,8,3448,qwen3-0.6b,0.5,50,0,informative,True,True
n80k8,80,8,3448,qwen3-0.6b-think,0.84,50,0,informative,True,True
n80k8,80,8,3448,qwen3-1.7b,0.64,50,0,informative,True,True
n80k8,80,8,3448,qwen3-1.7b-think,0.7347,49,1,informative,True,True
n80k8,80,8,3448,qwen35-2b,0.98,50,0,ceiling,True,False
n60k12,60,12,3489,qwen3-0.6b,0.56,50,0,informative,True,True
n60k12,60,12,3489,qwen3-0.6b-think,0.74,50,0,informative,True,True
n60k12,60,12,3489,qwen3-1.7b,0.44,50,0,informative,True,True
n60k12,60,12,3489,qwen3-1.7b-think,0.74,50,0,informative,True,True
n60k12,60,12,3489,qwen35-2b,0.8,50,0,informative,True,True
n60k16,60,16,4407,qwen3-0.6b,0.16,50,0,floor,True,False
n60k16,60,16,4407,qwen3-0.6b-think,0.6383,47,3,informative,True,True
n60k16,60,16,4407,qwen3-1.7b,0.28,50,0,informative,True,True
n60k16,60,16,4407,qwen3-1.7b-think,0.32,50,0,informative,True,True
n60k16,60,16,4407,qwen35-2b,0.8163,49,1,informative,True,True
n80k12,80,12,4688,qwen3-0.6b,0.2,50,0,floor,True,False
n80k12,80,12,4688,qwen3-0.6b-think,0.6327,49,1,informative,True,True
n80k12,80,12,4688,qwen3-1.7b,0.4,50,0,informative,True,True
n80k12,80,12,4688,qwen3-1.7b-think,0.56,50,0,informative,True,True
n80k12,80,12,4688,qwen35-2b,0.82,50,0,informative,True,True
n120k8,120,8,5409,qwen3-0.6b,0.38,50,0,informative,True,True
n120k8,120,8,5409,qwen3-0.6b-think,0.64,50,0,informative,True,True
n120k8,120,8,5409,qwen3-1.7b,0.6735,49,1,informative,True,True
n120k8,120,8,5409,qwen3-1.7b-think,0.75,48,2,informative,True,True
n120k8,120,8,5409,qwen35-2b,0.96,50,0,ceiling,True,False
n80k16,80,16,5931,qwen3-0.6b,0.1,50,0,floor,True,False
n80k16,80,16,5931,qwen3-0.6b-think,0.3958,48,2,informative,True,True
n80k16,80,16,5931,qwen3-1.7b,0.24,50,0,informative,True,True
n80k16,80,16,5931,qwen3-1.7b-think,0.44,50,0,informative,True,True
n80k16,80,16,5931,qwen35-2b,0.898,49,1,informative,True,True
n120k12,120,12,7373,qwen3-0.6b,0.2,50,0,floor,True,False
n120k12,120,12,7373,qwen3-0.6b-think,0.4694,49,1,informative,True,True
n120k12,120,12,7373,qwen3-1.7b,0.36,50,0,informative,True,True
n120k12,120,12,7373,qwen3-1.7b-think,0.62,50,0,informative,True,True
n120k12,120,12,7373,qwen35-2b,0.92,50,0,ceiling,True,False
n160k8,160,8,7576,qwen3-0.6b,0.4,50,0,informative,True,True
n160k8,160,8,7576,qwen3-0.6b-think,0.6,50,0,informative,True,True
n160k8,160,8,7576,qwen3-1.7b,0.58,50,0,informative,True,True
n160k8,160,8,7576,qwen3-1.7b-think,0.78,50,0,informative,True,True
n160k8,160,8,7576,qwen35-2b,0.96,50,0,ceiling,True,False
n120k16,120,16,9344,qwen3-0.6b,0.08,50,0,floor,True,False
n120k16,120,16,9344,qwen3-0.6b-think,0.3958,48,2,informative,True,True
n120k16,120,16,9344,qwen3-1.7b,0.22,50,0,informative,True,True
n120k16,120,16,9344,qwen3-1.7b-think,0.3889,36,0,informative,True,True
n120k16,120,16,9344,qwen35-2b,0.9,50,0,ceiling,True,False
n160k12,160,12,10330,qwen3-0.6b,0.14,50,0,floor,True,False
n160k12,160,12,10330,qwen3-0.6b-think,0.3617,47,3,informative,True,True
n160k12,160,12,10330,qwen3-1.7b,0.3,50,0,informative,True,True
n160k12,160,12,10330,qwen35-2b,0.96,50,0,ceiling,True,False
n200k12,200,12,13277,qwen3-0.6b,0.06,50,0,floor,True,False
n200k12,200,12,13277,qwen3-0.6b-think,0.4348,23,2,informative,True,True
n200k12,200,12,13277,qwen3-1.7b,0.4,50,0,informative,True,True
n200k12,200,12,13277,qwen35-2b,0.98,50,0,ceiling,True,False
n300k8,300,8,15136,qwen3-0.6b,0.18,50,0,floor,True,False
n300k8,300,8,15136,qwen3-1.7b,0.4082,49,1,informative,True,True
n300k8,300,8,15136,qwen35-2b,0.94,50,0,ceiling,True,False
