instance_id,task,condition,style,gold,model,model_family,is_think,node_naming,predicted,predicted_first,looped_on_correct_answer,parsed,exact,primary,absolute_error,non_terminating,non_terminating_source,n_new_tokens,wording,has_marker,shortcut_score,response_len_chars,failure_type,length_outlier,response_full,response_preview,response_tail_preview
edge_count/19,edge_count,filler,zero_cot, 34.,gemma4-e4b,gemma4-e4b,False,integer,2,19,False,True,0.0,0.0,32.0,True,retokenized,1024,original,False,0.018,2898,non_terminating,False,"The problem asks for the total number of edges in the given graph. The graph has 19 nodes, labeled from 0 to 18.

We are given the connections (edges) for each node. Since the graph is undirected (if Node A is connected to Node B, then Node B is connected to Node A), we can count the degree of each node and use the Handshaking Lemma: $\sum \text{degree}(v) = 2 \times |E|$.

The problem statement initially provides a piece of information: ""Node $i$ has 18 other nodes in this graph"" for $i=0$ to $18$. This implies that every node has a degree of 18. If this were true, the graph would be a 18-regular graph on 19 vertices.

Let's verify the degrees based on the explicit connections provided:

1. **Node 0:** Connected to {13}. Degree = 1.
   * *Contradiction:* The initial statement says Node 0 has 18 other nodes.

2. **Node 1:** Connected to {4, 7, 11, 18}. Degree = 4.
   * *Contradiction:* The initial statement says Node 1 has 18 other nodes.

3. **Node 2:** Connected to {5, 10, 11, 12, 17, 18}. Degree = 6.
   * *Contradiction:* The initial statement says Node 2 has 18 other nodes.

4. **Node 3:** Connected to {6, 11, 12, 17}. Degree = 4.
   * *Contradiction:* The initial statement says Node 3 has 18 other nodes.

5. **Node 4:** Connected to {1, 5, 9, 10, 11}. Degree = 5.
   * *Contradiction:* The initial statement says Node 4 has 18 other nodes.

6. **Node 5:** Connected to {2, 4, 8, 9, 17}. Degree = 5.
   * *Contradiction:* The initial statement says Node 5 has 18 other nodes.

7. **Node 6:** Connected to {3, 7, 11, 14}. Degree = 4.
   * *Contradiction:* The initial statement says Node 6 has 18 other nodes.

8. **Node 7:** Connected to {1, 6, 16, 18}. Degree = 4.
   * *Contradiction:* The initial statement says Node 7 has 18 other nodes.

9. **Node 8:** Connected to {5, 15, 18}. Degree = 3.
   * *Contradiction:* The initial statement says Node 8 has 18 other nodes.

10. **Node 9:** Connected to {4, 5, 14}. Degree = 3.
    * *Contradiction:* The initial statement says Node 9 has 18 other nodes.

11. **Node 10:** Connected to {2, 4}. Degree = 2.
    * *Contradiction:* The initial statement says Node 10 has 18 other nodes.

12. **Node 11:** Connected to {1, 2, 3, 4, 6, 15}. Degree = 6.
    * *Contradiction:* The initial statement says Node 11 has 18 other nodes.

13. **Node 12:** Connected to {2, 3, 13}. Degree = 3.
    * *Contradiction:* The initial statement says Node 12 has 18 other nodes.

14. **Node 13:** Connected to {0, 12}. Degree = 2.
    * *Contradiction:* The initial statement says Node 13 has 18 other nodes.

15. **Node 14:** Connected to {6, 9}. Degree = 2.
    * *Contradiction:* The initial statement says Node 14 has 18 other nodes.

16. **Node 15:** Connected to {8, 11}. Degree = 2.
    * *Contradiction:* The initial statement says Node 15 has 18 other nodes.

17. **Node 16:** Connected to {7, 18}. Degree = 2.
    * *Contradiction:* The","The problem asks for the total number of edges in the given graph. The graph has 19 nodes, labeled from 0 to 18.

We are given the connections (edges) for each node. Since the graph is undirected (if Node A is connected to Node B, then Node B is connected to Node A), we can count the degree of each node and use the Handshaking Lemma: $\sum \text{degree}(v) = 2 \times |E|$.

The problem statement i","ction:* The initial statement says Node 13 has 18 other nodes.

15. **Node 14:** Connected to {6, 9}. Degree = 2.
    * *Contradiction:* The initial statement says Node 14 has 18 other nodes.

16. **Node 15:** Connected to {8, 11}. Degree = 2.
    * *Contradiction:* The initial statement says Node 15 has 18 other nodes.

17. **Node 16:** Connected to {7, 18}. Degree = 2.
    * *Contradiction:* The"
edge_count/15,edge_count,components,zero_shot, 29.,gemma4-e4b,gemma4-e4b,False,integer,28,13,False,True,0.0,0.0,1.0,True,retokenized,2048,unaffected,False,0.018,3976,non_terminating,False,"The problem asks for the total number of edges in the given graph. The graph has 13 nodes (0 through 12). The connections are given as adjacency lists for each node.

To find the total number of edges, we can sum the degrees of all nodes and then divide by 2 (since each edge contributes to the degree of two nodes).

The degree of a node is the number of nodes it is connected to.

1. **Node 0:** Connected to {1, 6, 7, 8, 9}. Degree = 5.
2. **Node 1:** Connected to {0, 4, 5, 9, 10, 11, 12}. Degree = 7.
3. **Node 2:** Connected to {3, 7, 12}. Degree = 3.
4. **Node 3:** Connected to {2, 6, 8, 9, 12}. Degree = 5.
5. **Node 4:** Connected to {1, 5}. Degree = 2.
6. **Node 5:** Connected to {1, 4, 7, 11, 12}. Degree = 5.
7. **Node 6:** Connected to {0, 3, 8, 9}. Degree = 4.
8. **Node 7:** Connected to {0, 2, 5, 8, 9, 11}. Degree = 6.
9. **Node 8:** Connected to {0, 3, 6, 7, 12}. Degree = 5.
10. **Node 9:** Connected to {0, 1, 3, 6, 7, 12}. Degree = 6.
11. **Node 10:** Connected to {1}. Degree = 1.
12. **Node 11:** Connected to {1, 5, 7}. Degree = 3.
13. **Node 12:** Connected to {1, 2, 3, 5, 8, 9}. Degree = 6.

**Sum of Degrees ($\sum \text{deg}(v)$):**
$$5 + 7 + 3 + 5 + 2 + 5 + 4 + 6 + 5 + 6 + 1 + 3 + 6$$

Let's sum them up:
$5 + 7 = 12$
$12 + 3 = 15$
$15 + 5 = 20$
$20 + 2 = 22$
$22 + 5 = 27$
$27 + 4 = 31$
$31 + 6 = 37$
$37 + 5 = 42$
$42 + 6 = 48$
$48 + 1 = 49$
$49 + 3 = 52$
$52 + 6 = 58$

The sum of the degrees is 58.

**Number of Edges (E):**
$$E = \frac{\sum \text{deg}(v)}{2} = \frac{58}{2} = 29$$

---
**Verification by listing unique edges (optional but good for checking):**

Edges involving 0: (0,1), (0,6), (0,7), (0,8), (0,9) - 5
Edges involving 1 (new): (1,4), (1,5), (1,10), (1,11), (1,12) - 5 (0,1), (1,9) already counted
Edges involving 2 (new): (2,3), (2,7), (2,12) - 3
Edges involving 3 (new): (3,6), (3,8), (3,9), (3,12) - 4 (2,3) already counted
Edges involving 4 (new): (4,5) - 1 (1,4) already counted
Edges involving 5 (new): (5,7), (5,11), (5,12) - 3 (1,5), (4,5) already counted
Edges involving 6 (new): (6,8), (6,9) - 2 (0,6), (3,6) already counted
Edges involving 7 (new): (7,8), (7,9), (7,11) - 3 (0,7), (2,7), (5,7) already counted
Edges involving 8 (new): (8,12) - 1 (0,8), (3,8), (6,8), (7,8) already counted
Edges involving 9 (new): (9,12) - 1 (0,9), (1,9), (3,9), (6,9), (7,9) already counted
Edges involving 10 (new): None - (1,10) already counted
Edges involving 11 (new): None - (1,11), (5,11), (7,11) already counted
Edges involving 12 (new): None - (1,12), (2,12), (3,12), (5,12), (8,12), (9,12) already counted

Total edges: $5 + 5 + 3 + 4 + 1 + 3 + 2 + 3 + 1 + 1 = 28$.

Wait, there is a discrepancy between the two methods (29 vs 28). Let's re-check the degrees carefully.

Node 0: {1, 6, 7, 8, 9} -> 5 (Correct)
Node 1: {0, 4, 5, 9, 10, 11, 12} -> 7 (Correct)
Node 2: {3, 7, 12} -> 3 (Correct)
Node 3: {2, 6, 8, 9, 12} -> 5 (Correct)
Node 4: {1, 5} -> 2 (Correct)
Node 5: {1, 4, 7, 11, 12} -> 5 (Correct)
Node 6: {0, 3, 8, 9} -> 4 (Correct)
Node 7: {0, 2, 5, 8, 9, 11} -> 6 (Correct)
Node 8: {0, 3, 6, 7, 12} -> 5 (Correct)
Node 9: {0, 1, 3, 6, 7, 12} -> 6 (Correct)
Node 10: {1} -> 1 (Correct)
Node 11: {1, 5, 7} -> 3 (Correct)
Node 12: {1, 2, 3, 5, 8, 9} -> 6 (Correct)

Sum: $5+7+3+5+2+5+4+6+5+6+1+3+6 = 58$.
Number of edges = $58 / 2 = 29$.

Let's re-check the manual edge counting, as the degree sum method is robust if the degrees are correct.

Edges:
(0,1), (0,6), (0,7), (0,8), (0,9) [5]
(1,4), (1,5), (1,10), (1,11), (1,12) [5] (0,1), (1,9) already counted
(2,3), (2,7), (2,12) [3]
(3,6), (3,8), (3,9), (3,12) [4] (2,3) already counted
(4,5) [1] (1,4) already counted
(5,7), (5,11), (5,12) [3] (1,5), (4,5) already counted
(6,8), (6,9) [2] (0,6), (3,6) already counted
(7,8), (7,9), (7,11) [3] (0,7), (2,7), (5,7) already counted
(8,12) [1] (0,8), (3,8), (6,8), (7,8) already counted
(9,12) [1] (0,9), (1,9), (3,9), (6,9), (7,9) already counted

Total: $5 + 5 + 3 + 4 + 1 + 3 + 2 + 3 + 1 + 1 = 28$.

Let's check","The problem asks for the total number of edges in the given graph. The graph has 13 nodes (0 through 12). The connections are given as adjacency lists for each node.

To find the total number of edges, we can sum the degrees of all nodes and then divide by 2 (since each edge contributes to the degree of two nodes).

The degree of a node is the number of nodes it is connected to.

1. **Node 0:** Co","4] (2,3) already counted
(4,5) [1] (1,4) already counted
(5,7), (5,11), (5,12) [3] (1,5), (4,5) already counted
(6,8), (6,9) [2] (0,6), (3,6) already counted
(7,8), (7,9), (7,11) [3] (0,7), (2,7), (5,7) already counted
(8,12) [1] (0,8), (3,8), (6,8), (7,8) already counted
(9,12) [1] (0,9), (1,9), (3,9), (6,9), (7,9) already counted

Total: $5 + 5 + 3 + 4 + 1 + 3 + 2 + 3 + 1 + 1 = 28$.

Let's check"
node_degree/2,node_degree,rwse,zero_cot,0.,gemma4-e4b,gemma4-e4b,False,integer,1,1,False,True,0.0,0.0,1.0,True,retokenized,1024,unaffected,True,0.616,3359,non_terminating,True,"Here's a thinking process to arrive at the answer:

1.  **Analyze the Request:** The goal is to find the degree of Node 0 in a graph $G$, given specific return probabilities for all nodes after 2 and 3 steps.

2.  **Understand Return Probability and Graph Structure:**
    *   The return probability $P(\text{return to } i \text{ in } k \text{ steps})$ is related to the powers of the adjacency matrix ($A^k$).
    *   If $P_{ii}(k) = 0$, it means there is no path of length $k$ from node $i$ back to itself.
    *   If $P_{ii}(k) > 0$, it means there is at least one path of length $k$ from node $i$ back to itself.

3.  **Analyze the Given Information for Node 0:**
    *   Node 0 has return probability $0.00$ after 2 steps. ($P_{00}(2) = 0$)
    *   Node 0 has return probability $0.00$ after 3 steps. ($P_{00}(3) = 0$)

4.  **Relate $P_{ii}(2)$ to the Degree:**
    *   The probability of returning to node $i$ in exactly 2 steps is related to the number of paths of length 2 starting and ending at $i$.
    *   A path of length 2 from $i$ to $i$ must look like $i \to j \to i$, where $j$ is a neighbor of $i$.
    *   The number of such paths is equal to the degree of node $i$, $\text{deg}(i)$.
    *   If the graph is unweighted (which is standard unless specified otherwise), the probability of taking any specific edge is $1/\text{deg}(i)$ (if we assume a random walk where the next step is chosen uniformly from neighbors).
    *   The probability of $i \to j \to i$ is $\frac{1}{\text{deg}(i)} \times \frac{1}{\text{deg}(j)}$.
    *   *Self-Correction/Refinement:* In the context of simple return probability given only the adjacency structure, $P_{ii}(2) = \sum_{j \in N(i)} P(i \to j) P(j \to i)$. If we assume a standard random walk where $P(i \to j) = 1/\text{deg}(i)$ if $(i, j)$ is an edge, then $P_{ii}(2) = \sum_{j \in N(i)} \frac{1}{\text{deg}(i)} \frac{1}{\text{deg}(j)}$.

5.  **Re-evaluating the Context (The Crucial Step):**
    *   The problem provides *specific* connections later: ""Node 4 is connected to node 8. Node 5 is connected to node 8. Node 8 is connected to nodes 4, 5.""
    *   This implies the graph $G$ is *not* necessarily a standard random walk where all nodes have the same transition probabilities, or perhaps the return probability given is simply related to the *existence* of paths, not the probability of a specific random walk.
    *   However, the question asks for the *degree* of Node 0. The degree is a structural property (number of neighbors).

6.  **Using the Provided Structural Clues (The Key Insight):**
    *   The problem *gives* specific connections for nodes 4, 5, and 8.
    *   It gives *no* information about the neighbors of nodes 0, 1, 2, 3, 6, or 7.
    *   The return probabilities for nodes 0, 1, 2, 3, 6, and 7 are all zero for $k=2$ and $k=3$. This means they have no 2-cycles or 3-cycles involving themselves.

7.  **Conclusion based on Insufficient Information:**
    *   The return probability information ($P_{00}(2)=0, P_{00}(3)=0$) only tells us that Node 0 is not part of any 2-cycle or 3-cycle.
    *   This information *does not* uniquely determine the number of neighbors (the degree). Node 0 could have degree 0 (isolated), degree 1 (connected to a node that doesn't connect back), or any higher degree, as long as none of its neighbors connect back to it in 2 or 3 steps.

8","Here's a thinking process to arrive at the answer:

1.  **Analyze the Request:** The goal is to find the degree of Node 0 in a graph $G$, given specific return probabilities for all nodes after 2 and 3 steps.

2.  **Understand Return Probability and Graph Structure:**
    *   The return probability $P(\text{return to } i \text{ in } k \text{ steps})$ is related to the powers of the adjacency matri","robability information ($P_{00}(2)=0, P_{00}(3)=0$) only tells us that Node 0 is not part of any 2-cycle or 3-cycle.
    *   This information *does not* uniquely determine the number of neighbors (the degree). Node 0 could have degree 0 (isolated), degree 1 (connected to a node that doesn't connect back), or any higher degree, as long as none of its neighbors connect back to it in 2 or 3 steps.

8"
node_degree/26,node_degree,degree,zero_cot,10.,gemma4-e4b,gemma4-e4b,False,integer,10,1,False,True,1.0,1.0,0.0,True,retokenized,1024,unaffected,False,1.0,1873,non_terminating,False,"The problem provides two sets of information about the graph $G$:
1. The degree of each node:
   - $\text{deg}(0) = 11$
   - $\text{deg}(1) = 12$
   - $\text{deg}(2) = 12$
   - $\text{deg}(3) = 12$
   - $\text{deg}(4) = 12$
   - $\text{deg}(5) = 11$
   - $\text{deg}(6) = 12$
   - $\text{deg}(7) = 12$
   - $\text{deg}(8) = 12$
   - $\text{deg}(9) = 12$
   - $\text{deg}(10) = 10$
   - $\text{deg}(11) = 12$
   - $\text{deg}(12) = 12$

2. The adjacency list (connections) for each node:
   - Node 0 is connected to nodes 1, 2, 3, 4, 5, 6, 7, 8, 9, 11, 12.
   - Node 1 is connected to nodes 0, 2, 3, 4, 5, 6, 7, 8, 9, 10, 11, 12.
   - Node 2 is connected to nodes 0, 1, 3, 4, 5, 6, 7, 8, 9, 10, 11, 12.
   - Node 3 is connected to nodes 0, 1, 2, 4, 5, 6, 7, 8, 9, 10, 11, 12.
   - Node 4 is connected to nodes 0, 1, 2, 3, 5, 6, 7, 8, 9, 10, 11, 12.
   - Node 5 is connected to nodes 0, 1, 2, 3, 4, 6, 7, 8, 9, 11, 12.
   - Node 6 is connected to nodes 0, 1, 2, 3, 4, 5, 7, 8, 9, 10, 11, 12.
   - Node 7 is connected to nodes 0, 1, 2, 3, 4, 5, 6, 8, 9, 10, 11, 12.
   - Node 8 is connected to nodes 0, 1, 2, 3, 4, 5, 6, 7, 9, 10, 11, 12.
   - Node 9 is connected to nodes 0, 1, 2, 3, 4, 5, 6, 7, 8, 10, 11, 12.
   - Node 10 is connected to nodes 1, 2, 3, 4, 6, 7, 8, 9, 11, 12.
   - Node 11 is connected to nodes 0, 1, 2, 3, 4, 5, 6, 7, 8, 9, 10, 12.
   - Node 12 is connected to nodes 0, 1, 2, 3, 4, 5, 6, 7, 8, 9, 10, 11.

The question asks for the degree of node 10.

We can find this in two ways:

**Method 1: Using the provided degree list**
The first piece of information explicitly states:
Node 10 has degree 10.

**Method 2: Counting the neighbors from the adjacency list**
The adjacency list for Node 10 is:
Node 10 is connected to nodes 1, 2, 3, 4, 6, 7, 8, 9, 11, 12.
Counting these neighbors: 1, 2, 3, 4, 6, 7, 8, 9, 11, 12. There are 10 neighbors.
Therefore, the","The problem provides two sets of information about the graph $G$:
1. The degree of each node:
   - $\text{deg}(0) = 11$
   - $\text{deg}(1) = 12$
   - $\text{deg}(2) = 12$
   - $\text{deg}(3) = 12$
   - $\text{deg}(4) = 12$
   - $\text{deg}(5) = 11$
   - $\text{deg}(6) = 12$
   - $\text{deg}(7) = 12$
   - $\text{deg}(8) = 12$
   - $\text{deg}(9) = 12$
   - $\text{deg}(10) = 10$
   - $\text{deg}(11","an find this in two ways:

**Method 1: Using the provided degree list**
The first piece of information explicitly states:
Node 10 has degree 10.

**Method 2: Counting the neighbors from the adjacency list**
The adjacency list for Node 10 is:
Node 10 is connected to nodes 1, 2, 3, 4, 6, 7, 8, 9, 11, 12.
Counting these neighbors: 1, 2, 3, 4, 6, 7, 8, 9, 11, 12. There are 10 neighbors.
Therefore, the"
connected_nodes/2,connected_nodes,rwse,zero_cot, No nodes.,gemma4-e4b,gemma4-e4b,False,integer,0,0,False,True,0.0,0.0,,True,retokenized,1024,unaffected,True,0.082,2744,non_terminating,True,"This is a problem that requires analyzing the provided return probabilities to deduce the structure of the graph $G$, and then answering a specific question about the connections of Node 0.

**1. Understanding Return Probability**

The return probability of a node $i$ after $k$ steps, denoted $P(\text{return to } i \text{ in } k \text{ steps})$, is the probability that a random walk starting at node $i$ returns to node $i$ exactly after $k$ steps.

If a node $i$ has a return probability of 0.00 after $k$ steps, it means there is no path of length $k$ from $i$ back to $i$.

**2. Analyzing the Given Information**

We are given the return probabilities for $k=2$ and $k=3$ for all nodes:

*   **Nodes 0, 1, 2, 3, 6, 7:** $P(\text{return in 2 steps}) = 0.00$ and $P(\text{return in 3 steps}) = 0.00$.
*   **Nodes 4, 5:** $P(\text{return in 2 steps}) = 0.50$ and $P(\text{return in 3 steps}) = 0.00$.
*   **Node 8:** $P(\text{return in 2 steps}) = 1.00$ and $P(\text{return in 3 steps}) = 0.00$.

We are also given some specific connections:
*   Node 4 is connected to node 8.
*   Node 5 is connected to node 8.
*   Node 8 is connected to nodes 4, 5.

**3. Deductions from Return Probabilities (Focusing on $k=2$)**

The probability of returning to node $i$ in exactly 2 steps is related to the neighbors of $i$. If $N(i)$ is the set of neighbors of $i$, the return probability $P(i \to i \text{ in 2 steps})$ is:
$$P(i \to i \text{ in 2 steps}) = \sum_{j \in N(i)} P(i \to j) P(j \to i)$$
Assuming a simple, undirected graph where the transition probability $P(i \to j) = 1/\text{degree}(i)$ if $(i, j)$ is an edge, and 0 otherwise:
$$P(i \to i \text{ in 2 steps}) = \sum_{j \in N(i)} \left(\frac{1}{\text{deg}(i)}\right) \left(\frac{1}{\text{deg}(j)}\right) \cdot \mathbb{I}((j, i) \text{ is an edge})$$
If the graph is undirected, $\mathbb{I}((j, i) \text{ is an edge}) = 1$ if $j \in N(i)$.
$$P(i \to i \text{ in 2 steps}) = \sum_{j \in N(i)} \frac{1}{\text{deg}(i) \cdot \text{deg}(j)}$$

*   **Node 8:** $P(\text{return in 2 steps}) = 1.00$. This means that for every neighbor $j$ of 8, the term $\frac{1}{\text{deg}(8) \cdot \text{deg}(j)}$ must sum up to 1.
    We know $N(8) = \{4, 5\}$.
    $$1.00 = \frac{1}{\text{deg}(8) \cdot \text{deg}(4)} + \frac{1}{\text{deg}(8) \cdot \text{deg}(5)}$$
    We know 4 and 5 are connected to 8. Let's look at their degrees based on the given connections:
    *   $\text{deg}(4) \ge 1$ (connected to 8)
    *   $\text{deg}(5) \ge 1$ (connected to 8)
    *   $\text{deg}(8) \ge 2$ (connected to 4 and 5)

    If we assume the graph is minimal based on the provided facts, $\text{deg}(4)=1, \text{deg}(5)=1, \text{deg}(8)=2$.
    Check: $\frac{1}{2 \cdot 1} + \frac{1}{2 \cdot 1} = 0.5 + 0.5 = 1.0","This is a problem that requires analyzing the provided return probabilities to deduce the structure of the graph $G$, and then answering a specific question about the connections of Node 0.

**1. Understanding Return Probability**

The return probability of a node $i$ after $k$ steps, denoted $P(\text{return to } i \text{ in } k \text{ steps})$, is the probability that a random walk starting at no"," Let's look at their degrees based on the given connections:
    *   $\text{deg}(4) \ge 1$ (connected to 8)
    *   $\text{deg}(5) \ge 1$ (connected to 8)
    *   $\text{deg}(8) \ge 2$ (connected to 4 and 5)

    If we assume the graph is minimal based on the provided facts, $\text{deg}(4)=1, \text{deg}(5)=1, \text{deg}(8)=2$.
    Check: $\frac{1}{2 \cdot 1} + \frac{1}{2 \cdot 1} = 0.5 + 0.5 = 1.0"
edge_existence/28,edge_existence,filler,zero_cot,No.,gemma4-e4b,gemma4-e4b,False,integer,No,Yes,False,True,1.0,1.0,,True,retokenized,1024,original,True,0.498,2853,non_terminating,False,"The question asks whether node 2 is connected to node 17 in the given graph $G$.

We are provided with the adjacency list for the graph $G$:
* Node 0 is connected to nodes 1, 3, 5, 6, 11, 12.
* Node 1 is connected to nodes 0, 9, 10.
* **Node 2 is connected to nodes 13, 18.**
* Node 3 is connected to nodes 0, 15, 17.
* Node 4 is connected to nodes 7, 9, 13, 15, 18.
* Node 5 is connected to nodes 0, 8, 11, 16.
* Node 6 is connected to nodes 0, 15.
* Node 7 is connected to nodes 4, 13.
* Node 8 is connected to nodes 5, 11, 13, 15, 18.
* Node 9 is connected to nodes 1, 4, 13, 14, 16.
* Node 10 is connected to nodes 1, 17.
* Node 11 is connected to nodes 0, 5, 8, 12, 14.
* Node 12 is connected to nodes 0, 11, 18.
* Node 13 is connected to nodes 2, 4, 7, 8, 9, 15.
* Node 14 is connected to nodes 9, 11, 15.
* Node 15 is connected to nodes 3, 4, 6, 8, 13, 14.
* Node 16 is connected to nodes 5, 9.
* **Node 17 is connected to nodes 3, 10.**
* Node 18 is connected to nodes 2, 4, 8, 12.

To determine if node 2 is connected to node 17, we check the adjacency lists for both nodes:
1. Neighbors of Node 2: {13, 18}
2. Neighbors of Node 17: {3, 10}

Since 17 is not in the list of neighbors of 2, and 2 is not in the list of neighbors of 17, there is no direct edge between Node 2 and Node 17.

We also check for a path between them (i.e., if they are in the same connected component).
Neighbors of 2: {13, 18}
Neighbors of 13: {2, 4, 7, 8, 9, 15}
Neighbors of 18: {2, 4, 8, 12}

Path from 2 to 17:
Start at 2 $\rightarrow$ 13 $\rightarrow$ 4 $\rightarrow$ 9 $\rightarrow$ 1 $\rightarrow$ 10 $\rightarrow$ 17.
Yes, there is a path: $2 - 13 - 4 - 9 - 1 - 10 - 17$.

However, the question ""Is node 2 connected to node 17?"" usually implies a direct connection unless specified otherwise (like ""Is there a path between...""). Given the context of listing direct connections, we first check for a direct edge.

**Direct Connection Check:**
Is 17 in the neighbors of 2? No.
Is 2 in the neighbors of 17? No.
Therefore, Node 2 is **not directly connected** to Node 17.

If the question implies connectivity in general (path existence), the answer is Yes. If it implies a direct edge, the answer is No. Based on the structure of the provided data (listing direct connections), we assume the question asks for a direct connection.

Let's re-read the initial information provided: ""Node 0 has 18 other nodes in this graph."" This implies the graph is $K_{19}$ (a complete graph) if the degree of every node is 18, as there are 19 nodes (0 to 18). However, the subsequent adjacency list clearly shows that the graph is *not* complete (e.g., Node 0 is not connected to Node 2). We must rely solely on the provided adjacency list.

Since the adjacency list shows no direct connection between 2 and 17, the answer based on direct connection is No.

If the intent was to","The question asks whether node 2 is connected to node 17 in the given graph $G$.

We are provided with the adjacency list for the graph $G$:
* Node 0 is connected to nodes 1, 3, 5, 6, 11, 12.
* Node 1 is connected to nodes 0, 9, 10.
* **Node 2 is connected to nodes 13, 18.**
* Node 3 is connected to nodes 0, 15, 17.
* Node 4 is connected to nodes 7, 9, 13, 15, 18.
* Node 5 is connected to nodes 0,","mplete graph) if the degree of every node is 18, as there are 19 nodes (0 to 18). However, the subsequent adjacency list clearly shows that the graph is *not* complete (e.g., Node 0 is not connected to Node 2). We must rely solely on the provided adjacency list.

Since the adjacency list shows no direct connection between 2 and 17, the answer based on direct connection is No.

If the intent was to"
edge_existence/2,edge_existence,rwse,zero_cot,No.,gemma4-e4b,gemma4-e4b,False,integer,,,False,False,0.0,0.0,,True,retokenized,1024,original,False,0.642,2309,non_terminating,True,"This is a problem that requires inferring the structure of a graph based on the return probabilities of its nodes.

Let $P_{i, t}$ be the probability that a random walk starting at node $i$ returns to node $i$ after exactly $t$ steps.

We are given the following information:
* $P_{0, 2} = 0.00$, $P_{0, 3} = 0.00$
* $P_{1, 2} = 0.00$, $P_{1, 3} = 0.00$
* $P_{2, 2} = 0.00$, $P_{2, 3} = 0.00$
* $P_{3, 2} = 0.00$, $P_{3, 3} = 0.00$
* $P_{4, 2} = 0.50$, $P_{4, 3} = 0.00$
* $P_{5, 2} = 0.50$, $P_{5, 3} = 0.00$
* $P_{6, 2} = 0.00$, $P_{6, 3} = 0.00$
* $P_{7, 2} = 0.00$, $P_{7, 3} = 0.00$
* $P_{8, 2} = 1.00$, $P_{8, 3} = 0.00$

We are also given some specific connections:
1. Node 4 is connected to node 8. (Edge (4, 8) exists)
2. Node 5 is connected to node 8. (Edge (5, 8) exists)
3. Node 8 is connected to nodes 4, 5. (Edges (8, 4) and (8, 5) exist)

Since the problem describes a graph structure and return probabilities, we assume the graph is **undirected** (or at least that the transition probabilities are symmetric, which is typical for simple random walks on undirected graphs).

### Analysis of Node 8 ($P_{8, 2} = 1.00$)

For a random walk on an undirected graph, the probability of returning to the starting node $i$ in 2 steps, $P_{i, 2}$, is related to the neighbors of $i$.
If $d_i$ is the degree of node $i$, and $N(i)$ is the set of neighbors of $i$:
$$P_{i, 2} = \sum_{j \in N(i)} P(i \to j) P(j \to i)$$
If the walk is simple (each neighbor is chosen with probability $1/d_i$):
$$P_{i, 2} = \sum_{j \in N(i)} \left(\frac{1}{d_i}\right) \left(\frac{1}{d_j}\right) \cdot (\text{if } j \text{ is connected to } i)$$
For an undirected graph, $P_{i, 2} = \frac{1}{d_i} \sum_{j \in N(i)} \frac{1}{d_j}$.

However, the simplest case where $P_{i, 2} = 1.00$ is when the node $i$ has exactly one neighbor, $j$, and $j$ is connected back to $i$.
If $d_8 = 1$, and its only neighbor is $j$, then $P_{8, 2} = P(8 \to j) P(j \to 8) = (1/1) \cdot (1/1) = 1.00$.

We know Node 8 is connected to Node 4 and Node 5. This means $d_8 \ge 2$.
If $d_8 = 2$, and its neighbors are $\{4, 5\}$, then:
$$P_{8, 2} = \frac{1}{2} \left( \frac{1}{d_4} + \frac{1}{d_5} \right)$$
We are given $P_{8, 2} = 1.00$.
$$1.00 = \frac{1}{2} \left( \frac{1}{d_4} + \frac{1}{d_5} \right) \implies 2 = \frac{1}{d_4} + \frac{1}{d_5","This is a problem that requires inferring the structure of a graph based on the return probabilities of its nodes.

Let $P_{i, t}$ be the probability that a random walk starting at node $i$ returns to node $i$ after exactly $t$ steps.

We are given the following information:
* $P_{0, 2} = 0.00$, $P_{0, 3} = 0.00$
* $P_{1, 2} = 0.00$, $P_{1, 3} = 0.00$
* $P_{2, 2} = 0.00$, $P_{2, 3} = 0.00$
* $P_{3","{8, 2} = P(8 \to j) P(j \to 8) = (1/1) \cdot (1/1) = 1.00$.

We know Node 8 is connected to Node 4 and Node 5. This means $d_8 \ge 2$.
If $d_8 = 2$, and its neighbors are $\{4, 5\}$, then:
$$P_{8, 2} = \frac{1}{2} \left( \frac{1}{d_4} + \frac{1}{d_5} \right)$$
We are given $P_{8, 2} = 1.00$.
$$1.00 = \frac{1}{2} \left( \frac{1}{d_4} + \frac{1}{d_5} \right) \implies 2 = \frac{1}{d_4} + \frac{1}{d_5"
cycle_check/8,cycle_check,rwse,zero_cot,"Yes, there is a cycle.",gemma4-e4b,gemma4-e4b,False,integer,Yes,No,False,True,1.0,1.0,,True,retokenized,1024,unaffected,False,0.832,2299,non_terminating,False,"To determine if there is a cycle in the graph $G$, we need to check if there is a path that starts and ends at the same node without repeating edges (or nodes, for a simple cycle).

We can use graph traversal algorithms like Breadth-First Search (BFS) or Depth-First Search (DFS) to detect cycles. During DFS, a cycle is detected if we encounter a *visited* node that is currently in the recursion stack (i.e., it is an ancestor of the current node in the DFS tree).

Let's list the connections (adjacency list):
N(0) = {1, 4, 8, 11, 14}
N(1) = {0, 2, 4, 5, 8, 11, 17}
N(2) = {1, 7, 8}
N(3) = {4, 7, 11, 12, 15}
N(4) = {0, 1, 3, 10, 14}
N(5) = {1, 11, 15}
N(6) = {11, 12}
N(7) = {2, 3}
N(8) = {0, 1, 2, 13, 14, 16}
N(9) = {} (Isolated node, no connections listed)
N(10) = {4, 11, 15}
N(11) = {0, 1, 3, 5, 6, 10}
N(12) = {3, 6, 16}
N(13) = {8}
N(14) = {0, 4, 8, 16, 17}
N(15) = {3, 5, 10}
N(16) = {8, 12, 14}
N(17) = {1, 14}

Let's perform a DFS starting from Node 0. We will keep track of visited nodes and nodes currently in the recursion stack (recursion stack set).

1. **Start DFS(0)**. Visited = {0}, Stack = {0}
   - Neighbors of 0: {1, 4, 8, 11, 14}
   - Visit 1: **DFS(1)**. Visited = {0, 1}, Stack = {0, 1}
     - Neighbors of 1: {0, 2, 4, 5, 8, 11, 17}
     - Neighbor 0: Visited, but it's the parent (or already processed ancestor in this path, but we check for back edges). Since 0 is in the stack, this is a potential cycle, but in an undirected graph, the edge back to the immediate parent is ignored. Let's assume we track the parent. Parent(1) = 0.
     - Visit 2: **DFS(2)**. Parent(2) = 1. Visited = {0, 1, 2}, Stack = {0, 1, 2}
       - Neighbors of 2: {1, 7, 8}
       - Neighbor 1: Parent. Skip.
       - Visit 7: **DFS(7)**. Parent(7) = 2. Visited = {0, 1, 2, 7}, Stack = {0, 1, 2, 7}
         - Neighbors of 7: {2, 3}
         - Neighbor 2: Parent. Skip.
         - Visit 3: **DFS(3)**. Parent(3) = 7. Visited = {0, 1, 2, 7, 3}, Stack = {0, 1, 2, 7, 3}
           - Neighbors of 3: {4, 7, 11, 12, 15}
           - Neighbor 7: Parent. Skip.
           - Visit 4: **DFS(4)**. Parent(4) = 3. Visited = {..., 4}, Stack = {..., 4}
             - Neighbors of 4: {0, 1, 3, 10, 14}
             - Neighbor 0: Visited. Is 0 in the current stack {0, 1, 2, 7, 3, 4}? Yes. **CYCLE DETECT","To determine if there is a cycle in the graph $G$, we need to check if there is a path that starts and ends at the same node without repeating edges (or nodes, for a simple cycle).

We can use graph traversal algorithms like Breadth-First Search (BFS) or Depth-First Search (DFS) to detect cycles. During DFS, a cycle is detected if we encounter a *visited* node that is currently in the recursion st","*DFS(3)**. Parent(3) = 7. Visited = {0, 1, 2, 7, 3}, Stack = {0, 1, 2, 7, 3}
           - Neighbors of 3: {4, 7, 11, 12, 15}
           - Neighbor 7: Parent. Skip.
           - Visit 4: **DFS(4)**. Parent(4) = 3. Visited = {..., 4}, Stack = {..., 4}
             - Neighbors of 4: {0, 1, 3, 10, 14}
             - Neighbor 0: Visited. Is 0 in the current stack {0, 1, 2, 7, 3, 4}? Yes. **CYCLE DETECT"
cycle_check/17,cycle_check,clustering,zero_cot,"Yes, there is a cycle.",gemma4-e4b,gemma4-e4b,False,integer,,,False,False,0.0,0.0,,True,retokenized,1024,unaffected,False,0.832,1787,non_terminating,False,"To determine if there is a cycle in the graph $G$, we need to check if there is a path that starts and ends at the same node without repeating any edges (or nodes, except the start/end node).

A graph is acyclic if and only if it is a forest (a collection of trees). If the graph is connected and acyclic, it is a tree.

We can use graph traversal algorithms like Breadth-First Search (BFS) or Depth-First Search (DFS) to detect cycles. During DFS, a cycle is detected if we encounter a visited node that is not the immediate parent of the current node in the DFS tree.

Let's start a DFS from Node 0. We will keep track of visited nodes and the parent of each node in the traversal.

**Graph Representation (Adjacency List):**
$N = \{0, 1, \dots, 16\}$
$Adj[0] = \{1, 2, 3, 4, 5, 7, 8, 9, 10, 12, 13, 14, 15, 16\}$
$Adj[1] = \{0, 2, 3, 6, 7, 8, 9, 14, 16\}$
$Adj[2] = \{0, 1, 3, 4, 6, 7, 8, 9, 10, 11, 12, 14, 15, 16\}$
$Adj[3] = \{0, 1, 2, 4, 5, 6, 7, 8, 9, 11, 12, 15, 16\}$
$Adj[4] = \{0, 2, 3, 5, 6, 7, 8, 10, 11, 12, 15, 16\}$
$Adj[5] = \{0, 3, 4, 6, 8, 9, 10, 11, 12, 16\}$
$Adj[6] = \{1, 2, 3, 4, 5, 8, 9, 10, 11, 12, 15\}$
$Adj[7] = \{0, 1, 2, 3, 4, 8, 9, 11, 12, 13, 14, 15\}$
$Adj[8] = \{0, 1, 2, 3, 4, 5, 6, 7, 11, 15, 16\}$
$Adj[9] = \{0, 1, 2, 3, 5, 6, 7, 10, 11, 12, 13, 15, 16\}$
$Adj[10] = \{0, 2, 4, 5, 6, 9, 11, 12, 13, 14, 15, 16\}$
$Adj[11] = \{2, 3, 4, 5, 6, 7, 8, 9, 10, 13, 14, 16\}$
$Adj[12] = \{0, 2, 3, 4, 5, 6, 7, 9, 10, 14, 15, 16\}$
$Adj[13] = \{0, 7, 9, 10, 11, 15\}$
$Adj[14] = \{0, 1, 2, 7, 10, 11, 12\}$
$Adj[15] = \{0, 2, 3, 4, 6, 7, 8, 9, 10, 12, 13\}$
$Adj[16] = \{0, 1, 2, 3, 4, 5, 8, 9, 10, 11, 12\}$

**Cycle Detection using DFS:**

Start DFS at Node 0.
Stack: [(0, -1)] (Node, Parent)
Visited: {0}

1. **Visit 0**. Neighbors: {1, 2, 3, 4, 5, 7, 8","To determine if there is a cycle in the graph $G$, we need to check if there is a path that starts and ends at the same node without repeating any edges (or nodes, except the start/end node).

A graph is acyclic if and only if it is a forest (a collection of trees). If the graph is connected and acyclic, it is a tree.

We can use graph traversal algorithms like Breadth-First Search (BFS) or Depth-","9, 10, 13, 14, 16\}$
$Adj[12] = \{0, 2, 3, 4, 5, 6, 7, 9, 10, 14, 15, 16\}$
$Adj[13] = \{0, 7, 9, 10, 11, 15\}$
$Adj[14] = \{0, 1, 2, 7, 10, 11, 12\}$
$Adj[15] = \{0, 2, 3, 4, 6, 7, 8, 9, 10, 12, 13\}$
$Adj[16] = \{0, 1, 2, 3, 4, 5, 8, 9, 10, 11, 12\}$

**Cycle Detection using DFS:**

Start DFS at Node 0.
Stack: [(0, -1)] (Node, Parent)
Visited: {0}

1. **Visit 0**. Neighbors: {1, 2, 3, 4, 5, 7, 8"
