arm,group,metric,condition,hypothesis_type,is_derived_condition,bound,bh_family,n_pairs,n_clusters,n_instances_missing,n_excluded_non_terminating,n_looped_on_correct_answer,low_power,near_ceiling,headroom,task_delta_min,task_delta_max,delta,ci_low,ci_high,p_value,bh_significant,mde_delta,mde_realized_diff,mde_delta_negative,mde_realized_diff_negative,mde_power_target,bh_significant_global,task,mae_delta
main_sweep,gemma4-12b,exact,clustering,,False,excluded,main_sweep/gemma4-12b/excluded,179,179,1.0,1,0.0,False,True,0.022346368715083775,0.0,0.06896551724137931,0.0111731843575419,0.0,0.027932960893854747,0.5087491250874913,False,,0.02446927374301676,-0.046875,-0.046480446927374304,0.8,False,,
main_sweep,gemma4-12b,exact,components,,False,excluded,main_sweep/gemma4-12b/excluded,179,179,1.0,1,0.0,False,True,0.022346368715083775,-0.034482758620689655,0.0,-0.00558659217877095,-0.01675977653631285,0.0,1.0,False,,0.02201117318435754,-0.045312500000000006,-0.04748603351955307,0.8,False,,
main_sweep,gemma4-12b,exact,degree,,False,excluded,main_sweep/gemma4-12b/excluded,178,178,2.0,2,1.0,False,True,0.022346368715083775,0.0,0.13793103448275862,0.02247191011235955,0.0056179775280898875,0.0449438202247191,0.12138786121387861,False,,0.02292134831460674,-0.046875,-0.04842696629213483,0.8,False,,
main_sweep,gemma4-12b,exact,filler,,False,excluded,main_sweep/gemma4-12b/excluded,179,179,1.0,1,0.0,False,True,0.022346368715083775,0.0,0.034482758620689655,0.00558659217877095,0.0,0.01675977653631285,1.0,False,,0.02111731843575419,-0.045312500000000006,-0.04625698324022346,0.8,False,,
main_sweep,gemma4-12b,exact,rwse,,False,excluded,main_sweep/gemma4-12b/excluded,177,177,3.0,3,0.0,False,True,0.022346368715083775,0.0,0.0,0.0,0.0,0.0,1.0,False,,0.017853107344632767,-0.0484375,-0.0488135593220339,0.8,False,,
main_sweep,gemma4-12b,exact,all,,True,excluded,main_sweep/gemma4-12b/excluded/derived,179,179,1.0,1,0.0,False,True,0.022346368715083775,0.0,0.06896551724137931,0.0111731843575419,-0.0111731843575419,0.0335195530726257,0.6307369263073692,False,,0.020446927374301677,-0.046875,-0.0446927374301676,0.8,,,
main_sweep,gemma4-12b,exact,clustering,,False,best_case,main_sweep/gemma4-12b/best_case,180,180,0.0,0,,,,,0.0,0.06666666666666667,0.011111111111111112,0.0,0.027777777777777776,0.5030496950304969,False,,,,,,,,
main_sweep,gemma4-12b,exact,components,,False,best_case,main_sweep/gemma4-12b/best_case,180,180,0.0,0,,,,,-0.06666666666666667,0.0,-0.011111111111111112,-0.027777777777777776,0.0,0.5058494150584941,False,,,,,,,,
main_sweep,gemma4-12b,exact,degree,,False,best_case,main_sweep/gemma4-12b/best_case,180,180,0.0,0,,,,,0.0,0.13333333333333333,0.022222222222222223,0.005555555555555556,0.044444444444444446,0.1254874512548745,False,,,,,,,,
main_sweep,gemma4-12b,exact,filler,,False,best_case,main_sweep/gemma4-12b/best_case,180,180,0.0,0,,,,,0.0,0.03333333333333333,0.005555555555555556,0.0,0.016666666666666666,1.0,False,,,,,,,,
main_sweep,gemma4-12b,exact,rwse,,False,best_case,main_sweep/gemma4-12b/best_case,180,180,0.0,0,,,,,0.0,0.03333333333333333,0.005555555555555556,0.0,0.016666666666666666,1.0,False,,,,,,,,
main_sweep,gemma4-12b,exact,all,,True,best_case,main_sweep/gemma4-12b/best_case/derived,180,180,0.0,0,,,,,0.0,0.06666666666666667,0.011111111111111112,-0.011111111111111112,0.03333333333333333,0.6282371762823717,False,,,,,,,,
main_sweep,gemma4-12b,exact,clustering,,False,worst_case,main_sweep/gemma4-12b/worst_case,180,180,0.0,0,,,,,0.0,0.1,0.016666666666666666,0.0,0.03888888888888889,0.25547445255474455,False,,,,,,,,
main_sweep,gemma4-12b,exact,components,,False,worst_case,main_sweep/gemma4-12b/worst_case,180,180,0.0,0,,,,,-0.03333333333333333,0.0,-0.005555555555555556,-0.016666666666666666,0.0,1.0,False,,,,,,,,
main_sweep,gemma4-12b,exact,degree,,False,worst_case,main_sweep/gemma4-12b/worst_case,180,180,0.0,0,,,,,-0.03333333333333333,0.16666666666666666,0.022222222222222223,-0.005555555555555556,0.05,0.21647835216478353,False,,,,,,,,
main_sweep,gemma4-12b,exact,filler,,False,worst_case,main_sweep/gemma4-12b/worst_case,180,180,0.0,0,,,,,0.0,0.06666666666666667,0.011111111111111112,0.0,0.027777777777777776,0.49905009499050096,False,,,,,,,,
main_sweep,gemma4-12b,exact,rwse,,False,worst_case,main_sweep/gemma4-12b/worst_case,180,180,0.0,0,,,,,0.0,0.0,0.0,-0.016666666666666666,0.016666666666666666,1.0,False,,,,,,,,
main_sweep,gemma4-12b,exact,all,,True,worst_case,main_sweep/gemma4-12b/worst_case/derived,180,180,0.0,0,,,,,0.0,0.1,0.016666666666666666,-0.005555555555555556,0.044444444444444446,0.36966303369663034,False,,,,,,,,
main_sweep,gemma4-e4b,exact,clustering,,False,excluded,main_sweep/gemma4-e4b/excluded,168,168,12.0,17,0.0,False,True,0.029069767441860517,-0.03333333333333333,0.1111111111111111,0.011904761904761904,-0.017857142857142856,0.047619047619047616,0.7336266373362663,False,,0.029166666666666667,-0.0470610119047619,-0.04738095238095238,0.8,False,,
main_sweep,gemma4-e4b,exact,components,,False,excluded,main_sweep/gemma4-e4b/excluded,169,169,11.0,17,0.0,False,True,0.029069767441860517,-0.13333333333333333,0.06666666666666667,-0.005917159763313609,-0.047337278106508875,0.029585798816568046,1.0,False,,0.02650887573964497,-0.04567307692307693,-0.044497041420118344,0.8,False,,
main_sweep,gemma4-e4b,exact,degree,,False,excluded,main_sweep/gemma4-e4b/excluded,166,166,14.0,16,0.0,False,True,0.029069767441860517,-0.03333333333333333,0.06896551724137931,0.006024096385542169,-0.024096385542168676,0.03614457831325301,1.0,False,,0.025783132530120483,-0.047063253012048195,-0.046987951807228916,0.8,False,,
main_sweep,gemma4-e4b,exact,filler,,False,excluded,main_sweep/gemma4-e4b/excluded,169,169,11.0,17,0.0,False,True,0.029069767441860517,-0.03333333333333333,0.06896551724137931,0.0,-0.03550295857988166,0.03550295857988166,1.0,False,,0.030650887573964496,-0.04659763313609468,-0.04591715976331361,0.8,False,,
main_sweep,gemma4-e4b,exact,rwse,,False,excluded,main_sweep/gemma4-e4b/excluded,165,165,15.0,19,0.0,False,True,0.029069767441860517,0.0,0.058823529411764705,0.012121212121212121,-0.012121212121212121,0.03636363636363636,0.6379362063793621,False,,0.029818181818181817,-0.046875,-0.043515151515151514,0.8,False,,
main_sweep,gemma4-e4b,exact,all,,True,excluded,main_sweep/gemma4-e4b/excluded/derived,171,171,9.0,11,0.0,False,True,0.029069767441860517,0.0,0.09523809523809523,0.029239766081871343,0.005847953216374269,0.05847953216374269,0.061693830616938304,False,,0.028421052631578948,-0.04769736842105263,-0.04678362573099415,0.8,,,
main_sweep,gemma4-e4b,exact,clustering,,False,best_case,main_sweep/gemma4-e4b/best_case,180,180,0.0,0,,,,,-0.03333333333333333,0.06666666666666667,0.005555555555555556,-0.027777777777777776,0.03888888888888889,1.0,False,,,,,,,,
main_sweep,gemma4-e4b,exact,components,,False,best_case,main_sweep/gemma4-e4b/best_case,180,180,0.0,0,,,,,-0.13333333333333333,0.06666666666666667,-0.011111111111111112,-0.05,0.027777777777777776,0.7763223677632237,False,,,,,,,,
main_sweep,gemma4-e4b,exact,degree,,False,best_case,main_sweep/gemma4-e4b/best_case,180,180,0.0,0,,,,,-0.03333333333333333,0.06666666666666667,0.011111111111111112,-0.016666666666666666,0.03888888888888889,0.7307269273072693,False,,,,,,,,
main_sweep,gemma4-e4b,exact,filler,,False,best_case,main_sweep/gemma4-e4b/best_case,180,180,0.0,0,,,,,-0.03333333333333333,0.06666666666666667,-0.005555555555555556,-0.044444444444444446,0.03333333333333333,1.0,False,,,,,,,,
main_sweep,gemma4-e4b,exact,rwse,,False,best_case,main_sweep/gemma4-e4b/best_case,180,180,0.0,0,,,,,0.0,0.03333333333333333,0.005555555555555556,-0.016666666666666666,0.03333333333333333,1.0,False,,,,,,,,
main_sweep,gemma4-e4b,exact,all,,True,best_case,main_sweep/gemma4-e4b/best_case/derived,180,180,0.0,0,,,,,0.0,0.06666666666666667,0.016666666666666666,-0.011111111111111112,0.044444444444444446,0.45615438456154384,False,,,,,,,,
main_sweep,gemma4-e4b,exact,clustering,,False,worst_case,main_sweep/gemma4-e4b/worst_case,180,180,0.0,0,,,,,-0.03333333333333333,0.06666666666666667,0.0,-0.03888888888888889,0.03888888888888889,1.0,False,,,,,,,,
main_sweep,gemma4-e4b,exact,components,,False,worst_case,main_sweep/gemma4-e4b/worst_case,180,180,0.0,0,,,,,-0.13333333333333333,0.06666666666666667,-0.016666666666666666,-0.06111111111111111,0.022222222222222223,0.6005399460053995,False,,,,,,,,
main_sweep,gemma4-e4b,exact,degree,,False,worst_case,main_sweep/gemma4-e4b/worst_case,180,180,0.0,0,,,,,-0.03333333333333333,0.06666666666666667,0.011111111111111112,-0.03333333333333333,0.05555555555555555,0.815918408159184,False,,,,,,,,
main_sweep,gemma4-e4b,exact,filler,,False,worst_case,main_sweep/gemma4-e4b/worst_case,180,180,0.0,0,,,,,-0.03333333333333333,0.03333333333333333,-0.011111111111111112,-0.05,0.027777777777777776,0.7865213478652134,False,,,,,,,,
main_sweep,gemma4-e4b,exact,rwse,,False,worst_case,main_sweep/gemma4-e4b/worst_case,180,180,0.0,0,,,,,-0.03333333333333333,0.0,-0.011111111111111112,-0.05,0.027777777777777776,0.7938206179382061,False,,,,,,,,
main_sweep,gemma4-e4b,exact,all,,True,worst_case,main_sweep/gemma4-e4b/worst_case/derived,180,180,0.0,0,,,,,0.0,0.16666666666666666,0.044444444444444446,0.011111111111111112,0.07777777777777778,0.021497850214978503,True,,,,,,,,
main_sweep,qwen3-14b,exact,clustering,,False,excluded,main_sweep/qwen3-14b/excluded,180,180,0.0,0,0.0,False,False,0.09999999999999998,-0.03333333333333333,0.03333333333333333,0.005555555555555556,-0.027777777777777776,0.03888888888888889,1.0,False,0.4166666666666667,0.04111111111111111,-0.052083333333333336,-0.04655555555555556,0.8,False,,
main_sweep,qwen3-14b,exact,components,,False,excluded,main_sweep/qwen3-14b/excluded,180,180,0.0,0,0.0,False,False,0.09999999999999998,-0.06666666666666667,0.03333333333333333,-0.005555555555555556,-0.03333333333333333,0.016666666666666666,1.0,False,0.4,0.042888888888888886,-0.045312500000000006,-0.043222222222222224,0.8,False,,
main_sweep,qwen3-14b,exact,degree,,False,excluded,main_sweep/qwen3-14b/excluded,180,180,0.0,0,0.0,False,False,0.09999999999999998,0.0,0.3,0.05555555555555555,0.016666666666666666,0.09444444444444444,0.015298470152984701,False,0.44722222222222224,0.04766666666666667,-0.04861111111111111,-0.044444444444444446,0.8,False,,
main_sweep,qwen3-14b,exact,filler,,False,excluded,main_sweep/qwen3-14b/excluded,179,179,1.0,1,0.0,False,False,0.09999999999999998,-0.034482758620689655,0.03333333333333333,-0.0111731843575419,-0.03910614525139665,0.01675977653631285,0.6712328767123288,False,0.44692737430167595,0.04949720670391061,-0.04888268156424581,-0.043687150837988825,0.8,False,,
main_sweep,qwen3-14b,exact,rwse,,False,excluded,main_sweep/qwen3-14b/excluded,180,180,0.0,0,0.0,False,False,0.09999999999999998,-0.06666666666666667,0.03333333333333333,0.0,-0.027777777777777776,0.027777777777777776,1.0,False,0.4305555555555555,0.04566666666666667,-0.048611111111111105,-0.043333333333333335,0.8,False,,
main_sweep,qwen3-14b,exact,all,,True,excluded,main_sweep/qwen3-14b/excluded/derived,180,180,0.0,0,0.0,False,False,0.09999999999999998,-0.03333333333333333,0.06666666666666667,0.011111111111111112,-0.016666666666666666,0.03888888888888889,0.6984301569843016,False,0.4444444444444444,0.042444444444444444,-0.048611111111111105,-0.04544444444444445,0.8,,,
main_sweep,qwen3-14b,exact,clustering,,False,best_case,main_sweep/qwen3-14b/best_case,180,180,0.0,0,,,,,-0.03333333333333333,0.03333333333333333,0.005555555555555556,-0.027777777777777776,0.03888888888888889,1.0,False,,,,,,,,
main_sweep,qwen3-14b,exact,components,,False,best_case,main_sweep/qwen3-14b/best_case,180,180,0.0,0,,,,,-0.06666666666666667,0.03333333333333333,-0.005555555555555556,-0.027777777777777776,0.016666666666666666,1.0,False,,,,,,,,
main_sweep,qwen3-14b,exact,degree,,False,best_case,main_sweep/qwen3-14b/best_case,180,180,0.0,0,,,,,0.0,0.3,0.05555555555555555,0.016666666666666666,0.09444444444444444,0.011198880111988802,False,,,,,,,,
main_sweep,qwen3-14b,exact,filler,,False,best_case,main_sweep/qwen3-14b/best_case,180,180,0.0,0,,,,,-0.03333333333333333,0.03333333333333333,-0.011111111111111112,-0.03888888888888889,0.016666666666666666,0.6958304169583042,False,,,,,,,,
main_sweep,qwen3-14b,exact,rwse,,False,best_case,main_sweep/qwen3-14b/best_case,180,180,0.0,0,,,,,-0.06666666666666667,0.03333333333333333,0.0,-0.03333333333333333,0.027777777777777776,1.0,False,,,,,,,,
main_sweep,qwen3-14b,exact,all,,True,best_case,main_sweep/qwen3-14b/best_case/derived,180,180,0.0,0,,,,,-0.03333333333333333,0.06666666666666667,0.011111111111111112,-0.016666666666666666,0.03888888888888889,0.6865313468653135,False,,,,,,,,
main_sweep,qwen3-14b,exact,clustering,,False,worst_case,main_sweep/qwen3-14b/worst_case,180,180,0.0,0,,,,,-0.03333333333333333,0.03333333333333333,0.005555555555555556,-0.027777777777777776,0.03888888888888889,1.0,False,,,,,,,,
main_sweep,qwen3-14b,exact,components,,False,worst_case,main_sweep/qwen3-14b/worst_case,180,180,0.0,0,,,,,-0.06666666666666667,0.03333333333333333,-0.005555555555555556,-0.027777777777777776,0.016666666666666666,1.0,False,,,,,,,,
main_sweep,qwen3-14b,exact,degree,,False,worst_case,main_sweep/qwen3-14b/worst_case,180,180,0.0,0,,,,,0.0,0.3,0.05555555555555555,0.016666666666666666,0.09444444444444444,0.013598640135986401,False,,,,,,,,
main_sweep,qwen3-14b,exact,filler,,False,worst_case,main_sweep/qwen3-14b/worst_case,180,180,0.0,0,,,,,-0.06666666666666667,0.03333333333333333,-0.016666666666666666,-0.044444444444444446,0.011111111111111112,0.45895410458954106,False,,,,,,,,
main_sweep,qwen3-14b,exact,rwse,,False,worst_case,main_sweep/qwen3-14b/worst_case,180,180,0.0,0,,,,,-0.06666666666666667,0.03333333333333333,0.0,-0.03333333333333333,0.03333333333333333,1.0,False,,,,,,,,
main_sweep,qwen3-14b,exact,all,,True,worst_case,main_sweep/qwen3-14b/worst_case/derived,180,180,0.0,0,,,,,-0.03333333333333333,0.06666666666666667,0.011111111111111112,-0.016666666666666666,0.03888888888888889,0.6872312768723128,False,,,,,,,,
main_sweep,qwen3-8b,exact,clustering,,False,excluded,main_sweep/qwen3-8b/excluded,178,178,2.0,2,0.0,False,False,0.1235955056179775,-0.03333333333333333,0.07142857142857142,0.02247191011235955,-0.011235955056179775,0.056179775280898875,0.3414658534146585,False,0.33707865168539325,0.042471910112359554,-0.04845505617977528,-0.04292134831460674,0.8,False,,
main_sweep,qwen3-8b,exact,components,,False,excluded,main_sweep/qwen3-8b/excluded,177,177,3.0,4,0.0,False,False,0.1235955056179775,0.0,0.10714285714285714,0.01694915254237288,-0.01694915254237288,0.05649717514124294,0.5511448855114488,False,0.3305084745762712,0.04361581920903955,-0.05049435028248588,-0.0464406779661017,0.8,False,,
main_sweep,qwen3-8b,exact,degree,,False,excluded,main_sweep/qwen3-8b/excluded,177,177,3.0,3,0.0,False,False,0.1235955056179775,0.0,0.35714285714285715,0.07909604519774012,0.03954802259887006,0.12429378531073447,0.0004999500049995,True,,,,,,True,,
main_sweep,qwen3-8b,exact,filler,,False,excluded,main_sweep/qwen3-8b/excluded,178,178,2.0,2,0.0,False,False,0.1235955056179775,-0.06666666666666667,0.03333333333333333,-0.011235955056179775,-0.05056179775280899,0.028089887640449437,0.7776222377762224,False,0.3146067415730337,0.04202247191011236,-0.05161516853932584,-0.04808988764044944,0.8,False,,
main_sweep,qwen3-8b,exact,rwse,,False,excluded,main_sweep/qwen3-8b/excluded,178,178,2.0,2,0.0,False,False,0.1235955056179775,-0.03333333333333333,0.07142857142857142,0.011235955056179775,-0.02247191011235955,0.05056179775280899,0.7746225377462254,False,0.3834269662921348,0.04449438202247191,-0.04792837078651685,-0.041235955056179774,0.8,False,,
main_sweep,qwen3-8b,exact,all,,True,excluded,main_sweep/qwen3-8b/excluded/derived,178,178,2.0,2,0.0,False,False,0.1235955056179775,-0.03333333333333333,0.07142857142857142,0.016853932584269662,-0.02247191011235955,0.056179775280898875,0.5829417058294171,False,0.3735955056179775,0.04460674157303371,-0.04669943820224719,-0.04269662921348315,0.8,,,
main_sweep,qwen3-8b,exact,clustering,,False,best_case,main_sweep/qwen3-8b/best_case,180,180,0.0,0,,,,,-0.03333333333333333,0.06666666666666667,0.016666666666666666,-0.016666666666666666,0.05555555555555555,0.5465453454654534,False,,,,,,,,
main_sweep,qwen3-8b,exact,components,,False,best_case,main_sweep/qwen3-8b/best_case,180,180,0.0,0,,,,,0.0,0.06666666666666667,0.011111111111111112,-0.027777777777777776,0.05,0.7769223077692231,False,,,,,,,,
main_sweep,qwen3-8b,exact,degree,,False,best_case,main_sweep/qwen3-8b/best_case,180,180,0.0,0,,,,,0.0,0.3,0.07222222222222222,0.03333333333333333,0.11666666666666667,0.0027997200279972004,True,,,,,,,,
main_sweep,qwen3-8b,exact,filler,,False,best_case,main_sweep/qwen3-8b/best_case,180,180,0.0,0,,,,,-0.06666666666666667,0.03333333333333333,-0.016666666666666666,-0.05555555555555555,0.022222222222222223,0.5875412458754125,False,,,,,,,,
main_sweep,qwen3-8b,exact,rwse,,False,best_case,main_sweep/qwen3-8b/best_case,180,180,0.0,0,,,,,-0.03333333333333333,0.03333333333333333,0.0,-0.03888888888888889,0.03888888888888889,1.0,False,,,,,,,,
main_sweep,qwen3-8b,exact,all,,True,best_case,main_sweep/qwen3-8b/best_case/derived,180,180,0.0,0,,,,,-0.03333333333333333,0.06666666666666667,0.016666666666666666,-0.022222222222222223,0.05555555555555555,0.5793420657934206,False,,,,,,,,
main_sweep,qwen3-8b,exact,clustering,,False,worst_case,main_sweep/qwen3-8b/worst_case,180,180,0.0,0,,,,,-0.03333333333333333,0.1,0.027777777777777776,-0.005555555555555556,0.06666666666666667,0.22367763223677634,False,,,,,,,,
main_sweep,qwen3-8b,exact,components,,False,worst_case,main_sweep/qwen3-8b/worst_case,180,180,0.0,0,,,,,-0.03333333333333333,0.1,0.011111111111111112,-0.022222222222222223,0.05,0.7718228177182281,False,,,,,,,,
main_sweep,qwen3-8b,exact,degree,,False,worst_case,main_sweep/qwen3-8b/worst_case,180,180,0.0,0,,,,,0.0,0.36666666666666664,0.07777777777777778,0.03333333333333333,0.12222222222222222,0.0007999200079992001,True,,,,,,,,
main_sweep,qwen3-8b,exact,filler,,False,worst_case,main_sweep/qwen3-8b/worst_case,180,180,0.0,0,,,,,-0.06666666666666667,0.03333333333333333,-0.005555555555555556,-0.044444444444444446,0.03333333333333333,1.0,False,,,,,,,,
main_sweep,qwen3-8b,exact,rwse,,False,worst_case,main_sweep/qwen3-8b/worst_case,180,180,0.0,0,,,,,-0.03333333333333333,0.06666666666666667,0.011111111111111112,-0.027777777777777776,0.05,0.7655234476552345,False,,,,,,,,
main_sweep,qwen3-8b,exact,all,,True,worst_case,main_sweep/qwen3-8b/worst_case/derived,180,180,0.0,0,,,,,-0.03333333333333333,0.13333333333333333,0.027777777777777776,-0.011111111111111112,0.07222222222222222,0.30086991300869914,False,,,,,,,,
main_sweep,pooled across all models,exact,clustering,,False,excluded,main_sweep/pooled across all models/excluded,705,705,15.0,20,0.0,False,False,0.0691114245416079,-0.008333333333333333,0.06666666666666667,0.01276595744680851,-0.0014184397163120568,0.028368794326241134,0.1384861513848615,False,0.16250000000000003,0.011829787234042554,-0.0125,-0.01075177304964539,0.8,,,
main_sweep,pooled across all models,exact,components,,False,excluded,main_sweep/pooled across all models/excluded,705,705,15.0,22,0.0,False,False,0.0691114245416079,-0.03333333333333333,0.018867924528301886,0.0,-0.014184397163120567,0.014184397163120567,1.0,False,0.15000000000000002,0.010921985815602837,-0.0125,-0.01126241134751773,0.8,,,
main_sweep,pooled across all models,exact,degree,,False,excluded,main_sweep/pooled across all models/excluded,701,701,19.0,21,1.0,False,False,0.0691114245416079,-0.008403361344537815,0.22115384615384615,0.04136947218259629,0.024251069900142655,0.05991440798858773,9.999000099990002e-05,True,,,,,,,,
main_sweep,pooled across all models,exact,filler,,False,excluded,main_sweep/pooled across all models/excluded,705,705,15.0,21,0.0,False,False,0.0691114245416079,-0.03333333333333333,0.016666666666666666,-0.00425531914893617,-0.018439716312056736,0.009929078014184398,0.7176282371762823,False,0.16250000000000003,0.011404255319148937,-0.0125,-0.010865248226950355,0.8,,,
main_sweep,pooled across all models,exact,rwse,,False,excluded,main_sweep/pooled across all models/excluded,700,700,20.0,24,0.0,False,False,0.0691114245416079,-0.01694915254237288,0.0392156862745098,0.005714285714285714,-0.008571428571428572,0.02,0.5356464353564644,False,0.16250000000000003,0.011771428571428572,-0.0125,-0.012714285714285714,0.8,,,
main_sweep,pooled across all models,exact,all,,True,excluded,main_sweep/pooled across all models/excluded/derived,708,708,12.0,14,0.0,False,False,0.0691114245416079,0.0,0.07407407407407407,0.01694915254237288,0.002824858757062147,0.031073446327683617,0.033096690330966905,True,,,,,,,,
main_sweep,pooled across all models,exact,clustering,,False,best_case,main_sweep/pooled across all models/best_case,720,720,0.0,0,,,,,-0.008333333333333333,0.041666666666666664,0.009722222222222222,-0.005555555555555556,0.025,0.2823717628237176,False,,,,,,,,
main_sweep,pooled across all models,exact,components,,False,best_case,main_sweep/pooled across all models/best_case,720,720,0.0,0,,,,,-0.03333333333333333,0.016666666666666666,-0.004166666666666667,-0.019444444444444445,0.011111111111111112,0.7193280671932807,False,,,,,,,,
main_sweep,pooled across all models,exact,degree,,False,best_case,main_sweep/pooled across all models/best_case,720,720,0.0,0,,,,,-0.008333333333333333,0.19166666666666668,0.04027777777777778,0.02361111111111111,0.058333333333333334,9.999000099990002e-05,True,,,,,,,,
main_sweep,pooled across all models,exact,filler,,False,best_case,main_sweep/pooled across all models/best_case,720,720,0.0,0,,,,,-0.03333333333333333,0.016666666666666666,-0.006944444444444444,-0.022222222222222223,0.008333333333333333,0.47505249475052497,False,,,,,,,,
main_sweep,pooled across all models,exact,rwse,,False,best_case,main_sweep/pooled across all models/best_case,720,720,0.0,0,,,,,-0.016666666666666666,0.016666666666666666,0.002777777777777778,-0.011111111111111112,0.016666666666666666,0.8517148285171483,False,,,,,,,,
main_sweep,pooled across all models,exact,all,,True,best_case,main_sweep/pooled across all models/best_case/derived,720,720,0.0,0,,,,,0.0,0.05,0.013888888888888888,-0.001388888888888889,0.029166666666666667,0.0993900609939006,False,,,,,,,,
main_sweep,pooled across all models,exact,clustering,,False,worst_case,main_sweep/pooled across all models/worst_case,720,720,0.0,0,,,,,-0.008333333333333333,0.058333333333333334,0.0125,-0.004166666666666667,0.029166666666666667,0.19068093190680932,False,,,,,,,,
main_sweep,pooled across all models,exact,components,,False,worst_case,main_sweep/pooled across all models/worst_case,720,720,0.0,0,,,,,-0.03333333333333333,0.008333333333333333,-0.004166666666666667,-0.019444444444444445,0.011111111111111112,0.736026397360264,False,,,,,,,,
main_sweep,pooled across all models,exact,degree,,False,worst_case,main_sweep/pooled across all models/worst_case,720,720,0.0,0,,,,,-0.016666666666666666,0.225,0.041666666666666664,0.022222222222222223,0.06111111111111111,9.999000099990002e-05,True,,,,,,,,
main_sweep,pooled across all models,exact,filler,,False,worst_case,main_sweep/pooled across all models/worst_case,720,720,0.0,0,,,,,-0.03333333333333333,0.016666666666666666,-0.005555555555555556,-0.022222222222222223,0.011111111111111112,0.6235376462353764,False,,,,,,,,
main_sweep,pooled across all models,exact,rwse,,False,worst_case,main_sweep/pooled across all models/worst_case,720,720,0.0,0,,,,,-0.03333333333333333,0.016666666666666666,0.0,-0.016666666666666666,0.016666666666666666,1.0,False,,,,,,,,
main_sweep,pooled across all models,exact,all,,True,worst_case,main_sweep/pooled across all models/worst_case/derived,720,720,0.0,0,,,,,0.0,0.11666666666666667,0.025,0.009722222222222222,0.041666666666666664,0.004199580041995801,True,,,,,,,,
thinking_arm,gemma4-12b,non_terminating,clustering,,False,not_applicable,thinking_arm/gemma4-12b/not_applicable,180,180,0.0,94,,,False,0.25,-0.06666666666666667,0.2,0.022222222222222223,-0.03888888888888889,0.08333333333333333,0.5974402559744025,False,0.05347222222222222,0.042888888888888886,-0.18333333333333332,-0.04777777777777778,0.8,False,,
thinking_arm,gemma4-12b,non_terminating,components,,False,not_applicable,thinking_arm/gemma4-12b/not_applicable,180,180,0.0,90,,,False,0.25,-0.06666666666666667,0.1,0.0,-0.05555555555555555,0.05555555555555555,1.0,False,0.05555555555555555,0.041666666666666664,-0.1527777777777778,-0.039,0.8,False,,
thinking_arm,gemma4-12b,non_terminating,degree,,False,not_applicable,thinking_arm/gemma4-12b/not_applicable,180,180,0.0,86,,,False,0.25,-0.13333333333333333,0.03333333333333333,-0.022222222222222223,-0.07777777777777778,0.03333333333333333,0.539046095390461,False,0.05555555555555555,0.042222222222222223,-0.1527777777777778,-0.04011111111111111,0.8,False,,
thinking_arm,gemma4-12b,non_terminating,filler,,False,not_applicable,thinking_arm/gemma4-12b/not_applicable,180,180,0.0,83,,,False,0.25,-0.1,0.0,-0.03888888888888889,-0.09444444444444444,0.016666666666666666,0.22697730226977303,False,0.0625,0.044444444444444446,-0.1736111111111111,-0.04677777777777778,0.8,False,,
thinking_arm,gemma4-12b,non_terminating,rwse,,False,not_applicable,thinking_arm/gemma4-12b/not_applicable,180,180,0.0,97,,,False,0.25,-0.03333333333333333,0.13333333333333333,0.03888888888888889,-0.022222222222222223,0.09444444444444444,0.27007299270072993,False,0.0546875,0.04588888888888889,-0.175,-0.043333333333333335,0.8,False,,
thinking_arm,gemma4-12b,non_terminating,all,,True,not_applicable,thinking_arm/gemma4-12b/not_applicable/derived,180,180,0.0,77,,,False,0.25,-0.23333333333333334,0.06666666666666667,-0.07222222222222222,-0.12777777777777777,-0.016666666666666666,0.0211978802119788,True,,,,,,,,
thinking_arm,gemma4-e4b,non_terminating,clustering,,False,not_applicable,thinking_arm/gemma4-e4b/not_applicable,180,180,0.0,1,,,True,0.0,0.0,0.03333333333333333,0.005555555555555556,0.0,0.016666666666666666,1.0,False,0.045312500000000006,0.04544444444444445,,0.0,0.8,False,,
thinking_arm,gemma4-e4b,non_terminating,components,,False,not_applicable,thinking_arm/gemma4-e4b/not_applicable,180,180,0.0,0,,,True,0.0,0.0,0.0,0.0,0.0,0.0,1.0,False,0.045312500000000006,0.04666666666666667,,0.0,0.8,False,,
thinking_arm,gemma4-e4b,non_terminating,degree,,False,not_applicable,thinking_arm/gemma4-e4b/not_applicable,180,180,0.0,0,,,True,0.0,0.0,0.0,0.0,0.0,0.0,1.0,False,0.043750000000000004,0.04822222222222222,,0.0,0.8,False,,
thinking_arm,gemma4-e4b,non_terminating,filler,,False,not_applicable,thinking_arm/gemma4-e4b/not_applicable,180,180,0.0,1,,,True,0.0,0.0,0.03333333333333333,0.005555555555555556,0.0,0.016666666666666666,1.0,False,0.045312500000000006,0.04833333333333333,,0.0,0.8,False,,
thinking_arm,gemma4-e4b,non_terminating,rwse,,False,not_applicable,thinking_arm/gemma4-e4b/not_applicable,180,180,0.0,0,,,True,0.0,0.0,0.0,0.0,0.0,0.0,1.0,False,0.037500000000000006,0.041777777777777775,,0.0,0.8,False,,
thinking_arm,gemma4-e4b,non_terminating,all,,True,not_applicable,thinking_arm/gemma4-e4b/not_applicable/derived,180,180,0.0,0,,,True,0.0,0.0,0.0,0.0,0.0,0.0,1.0,False,0.0421875,0.041777777777777775,,0.0,0.8,,,
thinking_arm,qwen3-14b,non_terminating,clustering,,False,not_applicable,thinking_arm/qwen3-14b/not_applicable,180,180,0.0,3,,,True,0.0,0.0,0.1,0.016666666666666666,0.0,0.03888888888888889,0.2518748125187481,False,0.045312500000000006,0.043222222222222224,,0.0,0.8,False,,
thinking_arm,qwen3-14b,non_terminating,components,,False,not_applicable,thinking_arm/qwen3-14b/not_applicable,180,180,0.0,0,,,True,0.0,0.0,0.0,0.0,0.0,0.0,1.0,False,0.043750000000000004,0.044333333333333336,,0.0,0.8,False,,
thinking_arm,qwen3-14b,non_terminating,degree,,False,not_applicable,thinking_arm/qwen3-14b/not_applicable,180,180,0.0,0,,,True,0.0,0.0,0.0,0.0,0.0,0.0,1.0,False,0.0421875,0.043444444444444445,,0.0,0.8,False,,
thinking_arm,qwen3-14b,non_terminating,filler,,False,not_applicable,thinking_arm/qwen3-14b/not_applicable,180,180,0.0,1,,,True,0.0,0.0,0.03333333333333333,0.005555555555555556,0.0,0.016666666666666666,1.0,False,0.03906250000000001,0.041444444444444443,,0.0,0.8,False,,
thinking_arm,qwen3-14b,non_terminating,rwse,,False,not_applicable,thinking_arm/qwen3-14b/not_applicable,180,180,0.0,2,,,True,0.0,0.0,0.06666666666666667,0.011111111111111112,0.0,0.027777777777777776,0.5003499650034996,False,0.043750000000000004,0.043222222222222224,,0.0,0.8,False,,
thinking_arm,qwen3-14b,non_terminating,all,,True,not_applicable,thinking_arm/qwen3-14b/not_applicable/derived,180,180,0.0,2,,,True,0.0,0.0,0.06666666666666667,0.011111111111111112,0.0,0.027777777777777776,0.49765023497650235,False,0.037500000000000006,0.04122222222222222,,0.0,0.8,,,
thinking_arm,qwen3-8b,non_terminating,clustering,,False,not_applicable,thinking_arm/qwen3-8b/not_applicable,180,180,0.0,6,,,True,0.0,0.0,0.2,0.03333333333333333,0.011111111111111112,0.06111111111111111,0.0352964703529647,False,0.0484375,0.04877777777777778,,0.0,0.8,False,,
thinking_arm,qwen3-8b,non_terminating,components,,False,not_applicable,thinking_arm/qwen3-8b/not_applicable,180,180,0.0,2,,,True,0.0,0.0,0.03333333333333333,0.011111111111111112,0.0,0.027777777777777776,0.5033496650334967,False,0.045312500000000006,0.04633333333333333,,0.0,0.8,False,,
thinking_arm,qwen3-8b,non_terminating,degree,,False,not_applicable,thinking_arm/qwen3-8b/not_applicable,180,180,0.0,7,,,True,0.0,0.0,0.13333333333333333,0.03888888888888889,0.011111111111111112,0.06666666666666667,0.013998600139986002,True,,,,,,False,,
thinking_arm,qwen3-8b,non_terminating,filler,,False,not_applicable,thinking_arm/qwen3-8b/not_applicable,180,180,0.0,3,,,True,0.0,0.0,0.06666666666666667,0.016666666666666666,0.0,0.03888888888888889,0.2506749325067493,False,0.04062500000000001,0.041444444444444443,,0.0,0.8,False,,
thinking_arm,qwen3-8b,non_terminating,rwse,,False,not_applicable,thinking_arm/qwen3-8b/not_applicable,180,180,0.0,7,,,True,0.0,0.0,0.1,0.03888888888888889,0.011111111111111112,0.06666666666666667,0.0150984901509849,True,,,,,,False,,
thinking_arm,qwen3-8b,non_terminating,all,,True,not_applicable,thinking_arm/qwen3-8b/not_applicable/derived,180,180,0.0,4,,,True,0.0,0.0,0.13333333333333333,0.022222222222222223,0.005555555555555556,0.044444444444444446,0.12958704129587043,False,0.046875,0.050666666666666665,,0.0,0.8,,,
thinking_arm,pooled across all models,non_terminating,clustering,,False,not_applicable,thinking_arm/pooled across all models/not_applicable,720,720,0.0,104,,,False,0.0625,-0.016666666666666666,0.075,0.019444444444444445,0.001388888888888889,0.03611111111111111,0.044795520447955206,False,0.0125,0.0115,-0.17500000000000002,-0.011277777777777777,0.8,,,
thinking_arm,pooled across all models,non_terminating,components,,False,not_applicable,thinking_arm/pooled across all models/not_applicable,720,720,0.0,92,,,False,0.0625,-0.008333333333333333,0.025,0.002777777777777778,-0.011111111111111112,0.016666666666666666,0.8512148785121488,False,0.0125,0.012555555555555556,-0.1875,-0.011972222222222223,0.8,,,
thinking_arm,pooled across all models,non_terminating,degree,,False,not_applicable,thinking_arm/pooled across all models/not_applicable,720,720,0.0,93,,,False,0.0625,-0.016666666666666666,0.041666666666666664,0.004166666666666667,-0.011111111111111112,0.019444444444444445,0.7228277172282772,False,0.0125,0.010944444444444444,-0.17500000000000002,-0.011027777777777777,0.8,,,
thinking_arm,pooled across all models,non_terminating,filler,,False,not_applicable,thinking_arm/pooled across all models/not_applicable,720,720,0.0,88,,,False,0.0625,-0.016666666666666666,0.03333333333333333,-0.002777777777777778,-0.018055555555555554,0.0125,0.8541145885411459,False,0.0125,0.011527777777777777,-0.16875,-0.011222222222222222,0.8,,,
thinking_arm,pooled across all models,non_terminating,rwse,,False,not_applicable,thinking_arm/pooled across all models/not_applicable,720,720,0.0,106,,,False,0.0625,-0.008333333333333333,0.058333333333333334,0.022222222222222223,0.005555555555555556,0.03888888888888889,0.014098590140985901,False,0.0140625,0.014055555555555556,-0.1875,-0.012944444444444444,0.8,,,
thinking_arm,pooled across all models,non_terminating,all,,True,not_applicable,thinking_arm/pooled across all models/not_applicable/derived,720,720,0.0,83,,,False,0.0625,-0.058333333333333334,0.025,-0.009722222222222222,-0.025,0.005555555555555556,0.28857114288571145,False,0.0125,0.011666666666666667,-0.17500000000000002,-0.010861111111111111,0.8,,,
main_sweep,gemma4-12b,mae,clustering,,False,excluded,mae/gemma4-12b/node_count,30,30,,0,,,,,,,,-0.0,-0.0,1.0,False,,,,,,False,node_count,-0.0
main_sweep,gemma4-12b,mae,components,,False,excluded,mae/gemma4-12b/node_count,30,30,,0,,,,,,,,-0.0,-0.0,1.0,False,,,,,,False,node_count,-0.0
main_sweep,gemma4-12b,mae,degree,,False,excluded,mae/gemma4-12b/node_count,30,30,,0,,,,,,,,-0.0,-0.0,1.0,False,,,,,,False,node_count,-0.0
main_sweep,gemma4-12b,mae,filler,,False,excluded,mae/gemma4-12b/node_count,30,30,,0,,,,,,,,-0.0,-0.0,1.0,False,,,,,,False,node_count,-0.0
main_sweep,gemma4-12b,mae,rwse,,False,excluded,mae/gemma4-12b/node_count,30,30,,0,,,,,,,,-0.0,-0.0,1.0,False,,,,,,False,node_count,-0.0
main_sweep,gemma4-12b,mae,all,,True,excluded,mae/gemma4-12b/node_count/derived,30,30,,0,,,,,,,,-0.0,-0.0,1.0,False,,,,,,,node_count,-0.0
main_sweep,gemma4-12b,mae,clustering,,False,excluded,mae/gemma4-12b/edge_count,29,29,,1,,,,,,,,-0.2413793103448276,0.5517241379310345,0.7609239076092391,False,,,,,,False,edge_count,0.10344827586206896
main_sweep,gemma4-12b,mae,components,,False,excluded,mae/gemma4-12b/edge_count,29,29,,1,,,,,,,,-0.4482758620689655,-0.0,0.49965003499650035,False,,,,,,False,edge_count,-0.1724137931034483
main_sweep,gemma4-12b,mae,degree,,False,excluded,mae/gemma4-12b/edge_count,29,29,,1,,,,,,,,0.034482758620689655,0.7586206896551724,0.1287871212878712,False,,,,,,False,edge_count,0.3448275862068966
main_sweep,gemma4-12b,mae,filler,,False,excluded,mae/gemma4-12b/edge_count,29,29,,1,,,,,,,,-0.3103448275862069,0.10344827586206896,1.0,False,,,,,,False,edge_count,-0.06896551724137931
main_sweep,gemma4-12b,mae,rwse,,False,excluded,mae/gemma4-12b/edge_count,27,27,,3,,,,,,,,-0.3333333333333333,-0.0,1.0,False,,,,,,False,edge_count,-0.1111111111111111
main_sweep,gemma4-12b,mae,all,,True,excluded,mae/gemma4-12b/edge_count/derived,29,29,,1,,,,,,,,-0.20689655172413793,0.6551724137931034,0.49405059494050596,False,,,,,,,edge_count,0.20689655172413793
main_sweep,gemma4-12b,mae,clustering,,False,excluded,mae/gemma4-12b/node_degree,30,30,,0,,,,,,,,-0.0,-0.0,1.0,False,,,,,,False,node_degree,-0.0
main_sweep,gemma4-12b,mae,components,,False,excluded,mae/gemma4-12b/node_degree,30,30,,0,,,,,,,,-0.0,-0.0,1.0,False,,,,,,False,node_degree,-0.0
main_sweep,gemma4-12b,mae,degree,,False,excluded,mae/gemma4-12b/node_degree,29,29,,1,,,,,,,,-0.0,-0.0,1.0,False,,,,,,False,node_degree,-0.0
main_sweep,gemma4-12b,mae,filler,,False,excluded,mae/gemma4-12b/node_degree,30,30,,0,,,,,,,,-0.0,-0.0,1.0,False,,,,,,False,node_degree,-0.0
main_sweep,gemma4-12b,mae,rwse,,False,excluded,mae/gemma4-12b/node_degree,30,30,,0,,,,,,,,-0.0,-0.0,1.0,False,,,,,,False,node_degree,-0.0
main_sweep,gemma4-12b,mae,all,,True,excluded,mae/gemma4-12b/node_degree/derived,30,30,,0,,,,,,,,-0.0,-0.0,1.0,False,,,,,,,node_degree,-0.0
main_sweep,gemma4-e4b,mae,clustering,,False,excluded,mae/gemma4-e4b/node_count,30,30,,0,,,,,,,,-0.1,-0.0,1.0,False,,,,,,False,node_count,-0.03333333333333333
main_sweep,gemma4-e4b,mae,components,,False,excluded,mae/gemma4-e4b/node_count,30,30,,0,,,,,,,,-0.0,-0.0,1.0,False,,,,,,False,node_count,-0.0
main_sweep,gemma4-e4b,mae,degree,,False,excluded,mae/gemma4-e4b/node_count,30,30,,0,,,,,,,,-0.6,-0.0,1.0,False,,,,,,False,node_count,-0.2
main_sweep,gemma4-e4b,mae,filler,,False,excluded,mae/gemma4-e4b/node_count,30,30,,0,,,,,,,,-0.0,-0.0,1.0,False,,,,,,False,node_count,-0.0
main_sweep,gemma4-e4b,mae,rwse,,False,excluded,mae/gemma4-e4b/node_count,30,30,,0,,,,,,,,-0.0,-0.0,1.0,False,,,,,,False,node_count,-0.0
main_sweep,gemma4-e4b,mae,all,,True,excluded,mae/gemma4-e4b/node_count/derived,30,30,,0,,,,,,,,-0.0,-0.0,1.0,False,,,,,,,node_count,-0.0
main_sweep,gemma4-e4b,mae,clustering,,False,excluded,mae/gemma4-e4b/edge_count,18,18,,17,,,,,,,,-0.0,1.1111111111111112,0.5,False,,,,,,False,edge_count,0.3888888888888889
main_sweep,gemma4-e4b,mae,components,,False,excluded,mae/gemma4-e4b/edge_count,19,19,,17,,,,,,,,-0.21052631578947367,1.0,0.875,False,,,,,,False,edge_count,0.2631578947368421
main_sweep,gemma4-e4b,mae,degree,,False,excluded,mae/gemma4-e4b/edge_count,17,17,,15,,,,,,,,-4.9411764705882355,1.0588235294117647,1.0,False,,,,,,False,edge_count,-1.2941176470588236
main_sweep,gemma4-e4b,mae,filler,,False,excluded,mae/gemma4-e4b/edge_count,20,20,,16,,,,,,,,-0.2,0.95,0.875,False,,,,,,False,edge_count,0.25
main_sweep,gemma4-e4b,mae,rwse,,False,excluded,mae/gemma4-e4b/edge_count,17,17,,17,,,,,,,,-5.823529411764706,1.0588235294117647,1.0,False,,,,,,False,edge_count,-1.5294117647058822
main_sweep,gemma4-e4b,mae,all,,True,excluded,mae/gemma4-e4b/edge_count/derived,21,21,,11,,,,,,,,-0.0,0.9523809523809523,0.5092490750924907,False,,,,,,,edge_count,0.3333333333333333
main_sweep,gemma4-e4b,mae,clustering,,False,excluded,mae/gemma4-e4b/node_degree,30,30,,0,,,,,,,,-0.3,-0.0,1.0,False,,,,,,False,node_degree,-0.1
main_sweep,gemma4-e4b,mae,components,,False,excluded,mae/gemma4-e4b/node_degree,30,30,,0,,,,,,,,-1.9,-0.03333333333333333,0.12108789121087891,False,,,,,,False,node_degree,-0.8
main_sweep,gemma4-e4b,mae,degree,,False,excluded,mae/gemma4-e4b/node_degree,30,30,,0,,,,,,,,-0.1,-0.0,1.0,False,,,,,,False,node_degree,-0.03333333333333333
main_sweep,gemma4-e4b,mae,filler,,False,excluded,mae/gemma4-e4b/node_degree,30,30,,0,,,,,,,,-0.0,-0.0,1.0,False,,,,,,False,node_degree,-0.0
main_sweep,gemma4-e4b,mae,rwse,,False,excluded,mae/gemma4-e4b/node_degree,30,30,,0,,,,,,,,-0.0,-0.0,1.0,False,,,,,,False,node_degree,-0.0
main_sweep,gemma4-e4b,mae,all,,True,excluded,mae/gemma4-e4b/node_degree/derived,30,30,,0,,,,,,,,-0.0,-0.0,1.0,False,,,,,,,node_degree,-0.0
main_sweep,qwen3-14b,mae,clustering,,False,excluded,mae/qwen3-14b/node_count,30,30,,0,,,,,,,,-0.0,0.2,1.0,False,,,,,,False,node_count,0.06666666666666667
main_sweep,qwen3-14b,mae,components,,False,excluded,mae/qwen3-14b/node_count,30,30,,0,,,,,,,,-0.0,0.2,1.0,False,,,,,,False,node_count,0.06666666666666667
main_sweep,qwen3-14b,mae,degree,,False,excluded,mae/qwen3-14b/node_count,30,30,,0,,,,,,,,-0.0,0.2,1.0,False,,,,,,False,node_count,0.06666666666666667
main_sweep,qwen3-14b,mae,filler,,False,excluded,mae/qwen3-14b/node_count,30,30,,0,,,,,,,,-0.0,0.2,1.0,False,,,,,,False,node_count,0.06666666666666667
main_sweep,qwen3-14b,mae,rwse,,False,excluded,mae/qwen3-14b/node_count,30,30,,0,,,,,,,,-0.0,0.2,1.0,False,,,,,,False,node_count,0.06666666666666667
main_sweep,qwen3-14b,mae,all,,True,excluded,mae/qwen3-14b/node_count/derived,30,30,,0,,,,,,,,-0.0,0.2,1.0,False,,,,,,,node_count,0.06666666666666667
main_sweep,qwen3-14b,mae,clustering,,False,excluded,mae/qwen3-14b/edge_count,30,30,,0,,,,,,,,-0.9,1.6,0.5981401859814018,False,,,,,,False,edge_count,0.4
main_sweep,qwen3-14b,mae,components,,False,excluded,mae/qwen3-14b/edge_count,30,30,,0,,,,,,,,-0.13333333333333333,0.4,0.6611338866113389,False,,,,,,False,edge_count,0.1
main_sweep,qwen3-14b,mae,degree,,False,excluded,mae/qwen3-14b/edge_count,30,30,,0,,,,,,,,-0.4666666666666667,4.233333333333333,0.1161883811618838,False,,,,,,False,edge_count,1.9666666666666666
main_sweep,qwen3-14b,mae,filler,,False,excluded,mae/qwen3-14b/edge_count,29,29,,1,,,,,,,,-1.2758620689655173,-0.0,0.10568943105689431,False,,,,,,False,edge_count,-0.5862068965517241
main_sweep,qwen3-14b,mae,rwse,,False,excluded,mae/qwen3-14b/edge_count,30,30,,0,,,,,,,,-2.3666666666666667,0.7,0.9366063393660634,False,,,,,,False,edge_count,-0.4666666666666667
main_sweep,qwen3-14b,mae,all,,True,excluded,mae/qwen3-14b/edge_count/derived,30,30,,0,,,,,,,,-1.1666666666666667,1.0666666666666667,0.9166083391660834,False,,,,,,,edge_count,-0.1
main_sweep,qwen3-14b,mae,clustering,,False,excluded,mae/qwen3-14b/node_degree,30,30,,0,,,,,,,,-0.0,-0.0,1.0,False,,,,,,False,node_degree,-0.0
main_sweep,qwen3-14b,mae,components,,False,excluded,mae/qwen3-14b/node_degree,30,30,,0,,,,,,,,-0.0,-0.0,1.0,False,,,,,,False,node_degree,-0.0
main_sweep,qwen3-14b,mae,degree,,False,excluded,mae/qwen3-14b/node_degree,30,30,,0,,,,,,,,-0.0,-0.0,1.0,False,,,,,,False,node_degree,-0.0
main_sweep,qwen3-14b,mae,filler,,False,excluded,mae/qwen3-14b/node_degree,30,30,,0,,,,,,,,-0.0,-0.0,1.0,False,,,,,,False,node_degree,-0.0
main_sweep,qwen3-14b,mae,rwse,,False,excluded,mae/qwen3-14b/node_degree,30,30,,0,,,,,,,,-0.0,-0.0,1.0,False,,,,,,False,node_degree,-0.0
main_sweep,qwen3-14b,mae,all,,True,excluded,mae/qwen3-14b/node_degree/derived,30,30,,0,,,,,,,,-0.0,-0.0,1.0,False,,,,,,,node_degree,-0.0
main_sweep,qwen3-8b,mae,clustering,,False,excluded,mae/qwen3-8b/node_count,30,30,,0,,,,,,,,-0.0,0.1,1.0,False,,,,,,False,node_count,0.03333333333333333
main_sweep,qwen3-8b,mae,components,,False,excluded,mae/qwen3-8b/node_count,30,30,,0,,,,,,,,-0.1,0.1,1.0,False,,,,,,False,node_count,-0.0
main_sweep,qwen3-8b,mae,degree,,False,excluded,mae/qwen3-8b/node_count,30,30,,0,,,,,,,,-0.0,0.1,1.0,False,,,,,,False,node_count,0.03333333333333333
main_sweep,qwen3-8b,mae,filler,,False,excluded,mae/qwen3-8b/node_count,30,30,,0,,,,,,,,-0.0,0.1,1.0,False,,,,,,False,node_count,0.03333333333333333
main_sweep,qwen3-8b,mae,rwse,,False,excluded,mae/qwen3-8b/node_count,30,30,,0,,,,,,,,-0.0,0.1,1.0,False,,,,,,False,node_count,0.03333333333333333
main_sweep,qwen3-8b,mae,all,,True,excluded,mae/qwen3-8b/node_count/derived,30,30,,0,,,,,,,,-0.0,0.1,1.0,False,,,,,,,node_count,0.03333333333333333
main_sweep,qwen3-8b,mae,clustering,,False,excluded,mae/qwen3-8b/edge_count,28,28,,2,,,,,,,,-0.07142857142857142,1.7857142857142858,0.15108489151084892,False,,,,,,False,edge_count,0.7857142857142857
main_sweep,qwen3-8b,mae,components,,False,excluded,mae/qwen3-8b/edge_count,28,28,,3,,,,,,,,-0.17857142857142858,1.3214285714285714,0.26997300269973,False,,,,,,False,edge_count,0.5
main_sweep,qwen3-8b,mae,degree,,False,excluded,mae/qwen3-8b/edge_count,28,28,,2,,,,,,,,-4.678571428571429,2.1785714285714284,0.9977002299770023,False,,,,,,False,edge_count,-0.42857142857142855
main_sweep,qwen3-8b,mae,filler,,False,excluded,mae/qwen3-8b/edge_count,28,28,,2,,,,,,,,-0.8928571428571429,0.4642857142857143,0.807019298070193,False,,,,,,False,edge_count,-0.14285714285714285
main_sweep,qwen3-8b,mae,rwse,,False,excluded,mae/qwen3-8b/edge_count,28,28,,2,,,,,,,,-3.892857142857143,0.14285714285714285,0.24777522247775222,False,,,,,,False,edge_count,-1.3928571428571428
main_sweep,qwen3-8b,mae,all,,True,excluded,mae/qwen3-8b/edge_count/derived,28,28,,2,,,,,,,,-3.107142857142857,0.8928571428571429,0.9284071592840716,False,,,,,,,edge_count,-0.6428571428571429
main_sweep,qwen3-8b,mae,clustering,,False,excluded,mae/qwen3-8b/node_degree,30,30,,0,,,,,,,,-0.0,-0.0,1.0,False,,,,,,False,node_degree,-0.0
main_sweep,qwen3-8b,mae,components,,False,excluded,mae/qwen3-8b/node_degree,30,30,,0,,,,,,,,-0.0,-0.0,1.0,False,,,,,,False,node_degree,-0.0
main_sweep,qwen3-8b,mae,degree,,False,excluded,mae/qwen3-8b/node_degree,30,30,,0,,,,,,,,-0.0,-0.0,1.0,False,,,,,,False,node_degree,-0.0
main_sweep,qwen3-8b,mae,filler,,False,excluded,mae/qwen3-8b/node_degree,30,30,,0,,,,,,,,-0.0,-0.0,1.0,False,,,,,,False,node_degree,-0.0
main_sweep,qwen3-8b,mae,rwse,,False,excluded,mae/qwen3-8b/node_degree,30,30,,0,,,,,,,,-0.0,-0.0,1.0,False,,,,,,False,node_degree,-0.0
main_sweep,qwen3-8b,mae,all,,True,excluded,mae/qwen3-8b/node_degree/derived,30,30,,0,,,,,,,,-0.0,-0.0,1.0,False,,,,,,,node_degree,-0.0
