index,num_nodes,num_edges,density,degree_mean,degree_std,degree_min,degree_max,component_count,circuit_rank,is_tree,is_forest,is_bipartite,has_isolated_node,triangle_count,is_triangle_free,clustering_mean,size_bucket
0,18,115,0.7516339869281046,12.777777777777779,1.227262335243029,11,15,1,98,False,False,False,False,335,False,0.7360676360676361,large
1,10,14,0.3111111111111111,2.8,1.469693845669907,0,5,2,6,False,False,False,True,4,False,0.24666666666666665,medium
2,9,2,0.05555555555555555,0.4444444444444444,0.6849348892187752,0,2,7,0,False,True,True,True,0,True,0.0,small
3,11,32,0.5818181818181818,5.818181818181818,1.3360853142453697,4,8,1,22,False,False,False,False,29,False,0.48896103896103893,medium
4,8,11,0.39285714285714285,2.75,1.7853571071357126,0,5,2,5,False,False,False,True,7,False,0.4791666666666667,small
5,17,91,0.6691176470588235,10.705882352941176,1.871291025951396,7,14,1,75,False,False,False,False,203,False,0.6612237435766847,large
6,19,37,0.21637426900584794,3.8947368421052633,2.023408714393798,0,7,2,20,False,False,False,True,9,False,0.19473684210526318,large
7,8,25,0.8928571428571429,6.25,0.6614378277661477,5,7,1,18,False,False,False,False,39,False,0.8839285714285714,small
8,18,32,0.20915032679738563,3.5555555555555554,1.8324913891634047,0,7,2,16,False,False,False,True,8,False,0.14656084656084656,large
9,5,7,0.7,2.8,0.7483314773547882,2,4,1,3,False,False,False,False,3,False,0.7666666666666666,small
10,9,36,1.0,8.0,0.0,8,8,1,28,False,False,False,False,84,False,1.0,small
11,6,8,0.5333333333333333,2.6666666666666665,0.4714045207910317,2,3,1,3,False,False,False,False,2,False,0.3333333333333333,small
12,12,51,0.7727272727272727,8.5,0.9574271077563381,7,10,1,40,False,False,False,False,97,False,0.7561507936507937,medium
13,17,10,0.07352941176470588,1.1764705882352942,1.1496953109230625,0,4,8,1,False,False,False,True,1,False,0.08823529411764706,large
14,9,3,0.08333333333333333,0.6666666666666666,0.6666666666666666,0,2,6,0,False,True,True,True,0,True,0.0,small
15,13,29,0.3717948717948718,4.461538461538462,1.692307692307692,1,7,1,17,False,False,False,False,15,False,0.4336996336996337,medium
16,18,45,0.29411764705882354,5.0,1.6666666666666667,3,10,1,28,False,False,False,False,20,False,0.2908289241622575,large
17,17,95,0.6985294117647058,11.176470588235293,2.120912514978817,6,14,1,79,False,False,False,False,239,False,0.7218474336121394,large
18,14,65,0.7142857142857143,9.285714285714286,1.5319721849662296,6,11,1,52,False,False,False,False,132,False,0.7222119150690579,medium
19,19,34,0.19883040935672514,3.5789473684210527,1.497920996921864,1,6,1,16,False,False,False,False,7,False,0.18596491228070178,large
20,14,37,0.4065934065934066,5.285714285714286,2.4032291201801033,1,9,1,24,False,False,False,False,37,False,0.5167800453514738,medium
21,16,80,0.6666666666666666,10.0,1.224744871391589,8,12,1,65,False,False,False,False,155,False,0.6337256493506493,large
22,14,5,0.054945054945054944,0.7142857142857143,0.8806305718527109,0,2,10,1,False,False,False,True,1,False,0.21428571428571427,medium
23,16,54,0.45,6.75,1.713913650100261,3,10,1,39,False,False,False,False,48,False,0.4612103174603175,large
24,10,32,0.7111111111111111,6.4,1.624807680927192,2,8,1,23,False,False,False,False,48,False,0.799047619047619,medium
25,7,6,0.2857142857142857,1.7142857142857142,0.880630571852711,0,3,2,1,False,False,True,True,0,True,0.0,small
26,13,76,0.9743589743589743,11.692307692307692,0.605692913385524,10,12,1,64,False,False,False,False,265,False,0.9766899766899766,medium
27,7,20,0.9523809523809523,5.714285714285714,0.4517539514526256,5,6,1,14,False,False,False,False,30,False,0.9523809523809524,small
28,19,35,0.2046783625730994,3.6842105263157894,1.4886458551295738,2,6,1,17,False,False,False,False,7,False,0.1631578947368421,large
29,12,24,0.36363636363636365,4.0,1.224744871391589,3,6,1,13,False,False,False,False,8,False,0.33055555555555555,medium
30,10,38,0.8444444444444444,7.6,1.2,6,9,1,29,False,False,False,False,73,False,0.8626190476190475,medium
31,16,74,0.6166666666666667,9.25,1.1989578808281798,7,12,1,59,False,False,False,False,120,False,0.5863906926406925,large
32,14,62,0.6813186813186813,8.857142857142858,1.1248582677159729,7,11,1,49,False,False,False,False,109,False,0.6475417439703154,medium
33,13,20,0.2564102564102564,3.076923076923077,1.6853001769389726,1,7,1,8,False,False,False,False,5,False,0.30952380952380953,medium
34,7,5,0.23809523809523808,1.4285714285714286,1.049781318335648,0,3,2,0,False,True,True,True,0,True,0.0,small
35,13,76,0.9743589743589743,11.692307692307692,0.46153846153846156,11,12,1,64,False,False,False,False,264,False,0.9734265734265736,medium
36,11,20,0.36363636363636365,3.6363636363636362,1.1499191491521379,2,5,1,10,False,False,False,False,8,False,0.4848484848484848,medium
37,18,85,0.5555555555555556,9.444444444444445,1.4614384931073228,6,12,1,68,False,False,False,False,130,False,0.5288319704986372,large
38,15,94,0.8952380952380953,12.533333333333333,1.1469767022723503,11,14,1,80,False,False,False,False,327,False,0.8985969585969585,large
39,7,0,0.0,0.0,0.0,0,0,7,0,False,True,True,True,0,True,0.0,small
40,8,20,0.7142857142857143,5.0,1.118033988749895,3,6,1,13,False,False,False,False,20,False,0.7541666666666667,small
41,9,6,0.16666666666666666,1.3333333333333333,0.6666666666666666,0,2,3,0,False,True,True,True,0,True,0.0,small
42,16,70,0.5833333333333334,8.75,2.358495283014151,5,12,1,55,False,False,False,False,121,False,0.6532287157287158,large
43,12,7,0.10606060606060606,1.1666666666666667,0.9860132971832695,0,3,6,1,False,False,False,True,1,False,0.13888888888888887,medium
44,17,52,0.38235294117647056,6.117647058823529,1.0782531046954917,4,8,1,36,False,False,False,False,31,False,0.3264705882352941,large
45,9,6,0.16666666666666666,1.3333333333333333,1.1547005383792515,0,3,4,1,False,False,True,True,0,True,0.0,small
46,10,45,1.0,9.0,0.0,9,9,1,36,False,False,False,False,120,False,1.0,medium
47,8,18,0.6428571428571429,4.5,1.0,3,6,1,11,False,False,False,False,13,False,0.5625,small
48,11,3,0.05454545454545454,0.5454545454545454,0.49792959773196915,0,1,8,0,False,True,True,True,0,True,0.0,medium
49,18,90,0.5882352941176471,10.0,1.9720265943665387,6,13,1,73,False,False,False,False,169,False,0.6165149665149665,large
50,5,9,0.9,3.6,0.4898979485566356,3,4,1,5,False,False,False,False,7,False,0.9,small
51,16,88,0.7333333333333333,11.0,1.541103500742244,7,14,1,73,False,False,False,False,217,False,0.7332899739149739,large
52,10,45,1.0,9.0,0.0,9,9,1,36,False,False,False,False,120,False,1.0,medium
53,16,22,0.18333333333333332,2.75,1.299038105676658,0,5,2,8,False,False,False,True,3,False,0.09166666666666667,large
54,15,105,1.0,14.0,0.0,14,14,1,91,False,False,False,False,455,False,1.0,large
55,10,26,0.5777777777777777,5.2,1.2489995996796797,4,7,1,17,False,False,False,False,21,False,0.5557142857142857,medium
56,15,98,0.9333333333333333,13.066666666666666,0.7717224601860151,12,14,1,84,False,False,False,False,367,False,0.9281274281274282,large
57,7,12,0.5714285714285714,3.4285714285714284,0.9035079029052513,2,5,1,6,False,False,False,False,4,False,0.34285714285714286,small
58,11,5,0.09090909090909091,0.9090909090909091,0.7925270806437587,0,2,6,0,False,True,True,True,0,True,0.0,medium
59,18,16,0.10457516339869281,1.7777777777777777,1.0304020550550783,0,4,4,2,False,False,False,True,1,False,0.046296296296296294,large
60,18,40,0.26143790849673204,4.444444444444445,1.6740576859243737,2,8,1,23,False,False,False,False,14,False,0.2482804232804233,large
61,17,90,0.6617647058823529,10.588235294117647,2.0017293561380654,6,13,1,74,False,False,False,False,197,False,0.6609759521524227,large
62,8,21,0.75,5.25,1.3919410907075054,3,7,1,14,False,False,False,False,25,False,0.8458333333333333,small
63,7,6,0.2857142857142857,1.7142857142857142,1.1605769149479943,0,3,3,2,False,False,False,True,1,False,0.23809523809523808,small
64,12,4,0.06060606060606061,0.6666666666666666,0.6236095644623236,0,2,8,0,False,True,True,True,0,True,0.0,medium
65,18,99,0.6470588235294118,11.0,1.9148542155126762,8,15,1,82,False,False,False,False,227,False,0.669330977664311,large
66,9,18,0.5,4.0,1.632993161855452,1,6,1,10,False,False,False,False,12,False,0.5629629629629629,small
67,7,8,0.38095238095238093,2.2857142857142856,0.880630571852711,1,4,1,2,False,False,False,False,1,False,0.21428571428571427,small
68,6,14,0.9333333333333333,4.666666666666667,0.4714045207910317,4,5,1,9,False,False,False,False,16,False,0.9333333333333335,small
69,11,13,0.23636363636363636,2.3636363636363638,1.2984415324623362,1,5,1,3,False,False,False,False,1,False,0.1303030303030303,medium
70,9,12,0.3333333333333333,2.6666666666666665,1.4142135623730951,0,4,2,5,False,False,False,True,3,False,0.18518518518518517,small
71,17,2,0.014705882352941176,0.23529411764705882,0.5455069703232767,0,2,15,0,False,True,True,True,0,True,0.0,large
72,12,50,0.7575757575757576,8.333333333333334,1.4907119849998596,6,11,1,39,False,False,False,False,99,False,0.7969215969215968,medium
73,8,20,0.7142857142857143,5.0,1.0,3,6,1,13,False,False,False,False,20,False,0.6708333333333334,small
74,18,114,0.7450980392156863,12.666666666666666,1.8257418583505536,8,16,1,97,False,False,False,False,339,False,0.7510125676792343,large
75,12,7,0.10606060606060606,1.1666666666666667,1.2133516482134197,0,4,5,0,False,True,True,True,0,True,0.0,medium
76,19,111,0.6491228070175439,11.68421052631579,2.3181805837416043,8,17,1,93,False,False,False,False,269,False,0.666445860640907,large
77,7,19,0.9047619047619048,5.428571428571429,0.7284313590846836,4,6,1,13,False,False,False,False,26,False,0.9238095238095239,small
78,8,4,0.14285714285714285,1.0,0.8660254037844386,0,2,4,0,False,True,True,True,0,True,0.0,small
79,8,26,0.9285714285714286,6.5,0.7071067811865476,5,7,1,19,False,False,False,False,45,False,0.9404761904761905,small
80,5,4,0.4,1.6,0.4898979485566356,1,2,1,0,True,True,True,False,0,True,0.0,small
81,13,28,0.358974358974359,4.3076923076923075,1.7269187938956652,2,8,1,16,False,False,False,False,10,False,0.2912087912087912,medium
82,11,49,0.8909090909090909,8.909090909090908,0.899954085146515,7,10,1,39,False,False,False,False,116,False,0.8914862914862914,medium
83,19,117,0.6842105263157895,12.31578947368421,1.3397812696166165,10,15,1,99,False,False,False,False,300,False,0.673352962826647,large
84,10,21,0.4666666666666667,4.2,1.3266499161421599,2,6,1,12,False,False,False,False,11,False,0.5033333333333333,medium
85,14,61,0.6703296703296703,8.714285714285714,1.9059520091609046,4,12,1,48,False,False,False,False,113,False,0.7030509173366317,medium
86,13,29,0.3717948717948718,4.461538461538462,1.447299055555906,2,6,1,17,False,False,False,False,15,False,0.36666666666666664,medium
87,5,1,0.1,0.4,0.48989794855663565,0,1,4,0,False,True,True,True,0,True,0.0,small
88,10,0,0.0,0.0,0.0,0,0,10,0,False,True,True,True,0,True,0.0,medium
89,11,31,0.5636363636363636,5.636363636363637,1.3666633071248098,3,8,1,21,False,False,False,False,28,False,0.567099567099567,medium
90,7,12,0.5714285714285714,3.4285714285714284,0.9035079029052513,2,5,1,6,False,False,False,False,4,False,0.34285714285714286,small
91,5,9,0.9,3.6,0.4898979485566356,3,4,1,5,False,False,False,False,7,False,0.9,small
92,14,29,0.31868131868131866,4.142857142857143,1.1866605518454392,2,7,1,16,False,False,False,False,8,False,0.20374149659863947,medium
93,16,68,0.5666666666666667,8.5,2.03100960115899,5,13,1,53,False,False,False,False,103,False,0.5843677156177156,large
94,12,22,0.3333333333333333,3.6666666666666665,1.7950549357115013,0,7,2,12,False,False,False,True,11,False,0.396031746031746,medium
95,15,62,0.5904761904761905,8.266666666666667,1.569146972791976,5,11,1,48,False,False,False,False,90,False,0.5827176527176526,large
96,14,10,0.10989010989010989,1.4285714285714286,1.1157499537009508,0,3,5,1,False,False,True,True,0,True,0.0,medium
97,17,40,0.29411764705882354,4.705882352941177,1.9930675701291078,0,8,2,25,False,False,False,True,21,False,0.323109243697479,large
98,15,51,0.4857142857142857,6.8,2.1969676071045443,4,11,1,37,False,False,False,False,61,False,0.5625637325637326,large
99,14,40,0.43956043956043955,5.714285714285714,1.3324827218698307,4,8,1,27,False,False,False,False,24,False,0.37534013605442185,medium
100,6,12,0.8,4.0,0.816496580927726,3,5,1,7,False,False,False,False,10,False,0.8444444444444446,small
101,13,24,0.3076923076923077,3.6923076923076925,1.2639751327042295,1,6,1,12,False,False,False,False,5,False,0.20256410256410257,medium
102,11,10,0.18181818181818182,1.8181818181818181,1.33608531424537,0,5,3,2,False,False,True,True,0,True,0.0,medium
103,15,78,0.7428571428571429,10.4,1.083205120618128,9,12,1,64,False,False,False,False,176,False,0.7152861952861952,large
104,8,22,0.7857142857142857,5.5,0.8660254037844386,4,7,1,15,False,False,False,False,26,False,0.7642857142857142,small
105,5,5,0.5,2.0,1.0954451150103321,1,4,1,1,False,False,False,False,1,False,0.4333333333333333,small
106,17,60,0.4411764705882353,7.0588235294117645,1.6616996343324157,4,9,1,44,False,False,False,False,61,False,0.4593837535014006,large
107,10,17,0.37777777777777777,3.4,1.7435595774162693,1,6,1,8,False,False,False,False,11,False,0.48999999999999994,medium
108,19,171,1.0,18.0,0.0,18,18,1,153,False,False,False,False,969,False,1.0,large
109,19,154,0.9005847953216374,16.210526315789473,1.280581585325941,13,18,1,136,False,False,False,False,708,False,0.9021630244540462,large
110,18,89,0.5816993464052288,9.88888888888889,2.23330569358242,6,15,1,72,False,False,False,False,169,False,0.6092401425734759,large
111,5,3,0.3,1.2,0.7483314773547883,0,2,2,0,False,True,True,True,0,True,0.0,small
112,5,1,0.1,0.4,0.48989794855663565,0,1,4,0,False,True,True,True,0,True,0.0,small
113,16,28,0.23333333333333334,3.5,1.8027756377319946,0,7,2,14,False,False,False,True,9,False,0.2125,large
114,16,54,0.45,6.75,1.5206906325745548,3,9,1,39,False,False,False,False,47,False,0.4470734126984127,large
115,5,7,0.7,2.8,0.7483314773547882,2,4,1,3,False,False,False,False,3,False,0.7666666666666666,small
116,15,29,0.2761904761904762,3.8666666666666667,1.54344492037203,1,7,1,15,False,False,False,False,8,False,0.24952380952380954,large
117,6,2,0.13333333333333333,0.6666666666666666,0.7453559924999299,0,2,4,0,False,True,True,True,0,True,0.0,small
118,8,16,0.5714285714285714,4.0,1.118033988749895,2,6,1,9,False,False,False,False,10,False,0.6458333333333333,small
119,19,152,0.8888888888888888,16.0,1.6543403837370223,11,18,1,134,False,False,False,False,688,False,0.8970155145851739,large
120,6,0,0.0,0.0,0.0,0,0,6,0,False,True,True,True,0,True,0.0,small
121,12,47,0.7121212121212122,7.833333333333333,1.3437096247164249,5,10,1,36,False,False,False,False,80,False,0.7366402116402117,medium
122,14,3,0.03296703296703297,0.42857142857142855,0.6226998490772391,0,2,11,0,False,True,True,True,0,True,0.0,medium
123,10,44,0.9777777777777777,8.8,0.4,8,9,1,35,False,False,False,False,112,False,0.9777777777777776,medium
124,7,9,0.42857142857142855,2.5714285714285716,1.2936264483053452,1,4,1,3,False,False,False,False,3,False,0.45238095238095244,small
125,13,10,0.1282051282051282,1.5384615384615385,0.8426500884694863,0,3,3,0,False,True,True,True,0,True,0.0,medium
126,6,12,0.8,4.0,0.5773502691896257,3,5,1,7,False,False,False,False,9,False,0.7277777777777777,small
127,8,13,0.4642857142857143,3.25,1.3919410907075054,1,6,1,6,False,False,False,False,4,False,0.31666666666666665,small
128,16,89,0.7416666666666667,11.125,1.4523687548277813,9,14,1,74,False,False,False,False,222,False,0.7290369352869353,large
129,14,70,0.7692307692307693,10.0,1.647508942095828,7,13,1,57,False,False,False,False,167,False,0.7825266003837434,medium
130,12,54,0.8181818181818182,9.0,1.0801234497346435,7,11,1,43,False,False,False,False,117,False,0.7995430495430496,medium
131,18,7,0.0457516339869281,0.7777777777777778,0.8534606386520677,0,2,11,0,False,True,True,True,0,True,0.0,large
132,8,15,0.5357142857142857,3.75,1.1989578808281798,2,6,1,8,False,False,False,False,9,False,0.5708333333333333,small
133,8,16,0.5714285714285714,4.0,1.0,2,5,1,9,False,False,False,False,9,False,0.4666666666666666,small
134,8,15,0.5357142857142857,3.75,0.82915619758885,3,5,1,8,False,False,False,False,6,False,0.3833333333333333,small
135,10,25,0.5555555555555556,5.0,1.6733200530681511,3,8,1,16,False,False,False,False,19,False,0.5857142857142856,medium
136,7,8,0.38095238095238093,2.2857142857142856,0.880630571852711,1,4,1,2,False,False,False,False,1,False,0.3095238095238096,small
137,19,145,0.847953216374269,15.263157894736842,1.5842017835044642,12,18,1,127,False,False,False,False,591,False,0.8494198440018874,large
138,19,112,0.6549707602339181,11.789473684210526,1.6084954515722238,8,15,1,94,False,False,False,False,267,False,0.6515998621261779,large
139,10,13,0.28888888888888886,2.6,1.3564659966250536,0,5,2,5,False,False,False,True,3,False,0.31,medium
140,17,118,0.8676470588235294,13.882352941176471,1.3669352986614411,12,16,1,102,False,False,False,False,445,False,0.8725627313862608,large
141,13,42,0.5384615384615384,6.461538461538462,1.692307692307692,3,11,1,30,False,False,False,False,46,False,0.5866799866799867,medium
142,10,11,0.24444444444444444,2.2,1.16619037896906,1,4,1,2,False,False,False,False,1,False,0.06666666666666667,medium
143,10,6,0.13333333333333333,1.2,0.8717797887081347,0,3,4,0,False,True,True,True,0,True,0.0,medium
144,7,4,0.19047619047619047,1.1428571428571428,0.8329931278350429,0,2,3,0,False,True,True,True,0,True,0.0,small
145,18,141,0.9215686274509803,15.666666666666666,1.2018504251546631,14,17,1,124,False,False,False,False,639,False,0.9226588498647321,large
146,12,60,0.9090909090909091,10.0,0.7071067811865476,9,11,1,49,False,False,False,False,162,False,0.8963383838383838,medium
147,9,17,0.4722222222222222,3.7777777777777777,1.3966450099973928,1,6,1,9,False,False,False,False,9,False,0.4555555555555555,small
148,15,28,0.26666666666666666,3.7333333333333334,1.9821424996424675,0,7,3,16,False,False,False,True,13,False,0.29523809523809524,large
149,19,96,0.5614035087719298,10.105263157894736,1.4830529266953023,6,12,1,78,False,False,False,False,156,False,0.5217437533227006,large
150,8,22,0.7857142857142857,5.5,1.0,4,7,1,15,False,False,False,False,26,False,0.7767857142857143,small
151,13,63,0.8076923076923077,9.692307692307692,1.2015768732164085,7,12,1,51,False,False,False,False,149,False,0.8055500055500057,medium
152,10,19,0.4222222222222222,3.8,1.5362291495737217,1,7,1,10,False,False,False,False,9,False,0.44523809523809516,medium
153,15,99,0.9428571428571428,13.2,0.6531972647421809,12,14,1,85,False,False,False,False,379,False,0.9391719391719392,large
154,16,25,0.20833333333333334,3.125,1.6153559979150107,1,6,1,10,False,False,False,False,5,False,0.1958333333333333,large
155,8,5,0.17857142857142858,1.25,0.82915619758885,0,3,3,0,False,True,True,True,0,True,0.0,small
156,12,54,0.8181818181818182,9.0,1.4719601443879744,6,11,1,43,False,False,False,False,124,False,0.854515392015392,medium
157,14,90,0.989010989010989,12.857142857142858,0.34992710611188255,12,13,1,77,False,False,False,False,352,False,0.989010989010989,medium
158,5,7,0.7,2.8,0.7483314773547882,2,4,1,3,False,False,False,False,3,False,0.7666666666666666,small
159,11,46,0.8363636363636363,8.363636363636363,0.8813963377120598,7,10,1,36,False,False,False,False,94,False,0.8252525252525252,medium
160,19,105,0.6140350877192983,11.052631578947368,1.538067283810785,9,14,1,87,False,False,False,False,216,False,0.5964900596479543,large
161,17,127,0.9338235294117647,14.941176470588236,1.2588785034725116,12,16,1,111,False,False,False,False,559,False,0.9426989676989675,large
162,9,15,0.4166666666666667,3.3333333333333335,1.247219128924647,1,5,1,7,False,False,False,False,4,False,0.2222222222222222,small
163,13,75,0.9615384615384616,11.538461538461538,0.49851851526214314,11,12,1,63,False,False,False,False,253,False,0.9587412587412587,medium
164,13,5,0.0641025641025641,0.7692307692307693,0.7994080650317895,0,2,8,0,False,True,True,True,0,True,0.0,medium
165,8,28,1.0,7.0,0.0,7,7,1,21,False,False,False,False,56,False,1.0,small
166,15,2,0.01904761904761905,0.26666666666666666,0.44221663871405337,0,1,13,0,False,True,True,True,0,True,0.0,large
167,7,13,0.6190476190476191,3.7142857142857144,1.0301575072754257,2,5,1,7,False,False,False,False,7,False,0.5238095238095237,small
168,6,6,0.4,2.0,1.0,1,4,1,1,False,False,False,False,1,False,0.36111111111111116,small
169,9,6,0.16666666666666666,1.3333333333333333,0.816496580927726,0,3,3,0,False,True,True,True,0,True,0.0,small
170,14,59,0.6483516483516484,8.428571428571429,1.498298354528788,5,10,1,46,False,False,False,False,95,False,0.6265306122448979,medium
171,11,54,0.9818181818181818,9.818181818181818,0.385694607919935,9,10,1,44,False,False,False,False,156,False,0.9818181818181819,medium
172,15,39,0.37142857142857144,5.2,2.039607805437114,2,9,1,25,False,False,False,False,25,False,0.4262962962962963,large
173,15,55,0.5238095238095238,7.333333333333333,1.6599866130651644,5,11,1,41,False,False,False,False,62,False,0.5156998556998557,large
174,7,15,0.7142857142857143,4.285714285714286,0.880630571852711,3,6,1,9,False,False,False,False,12,False,0.7095238095238096,small
175,18,60,0.39215686274509803,6.666666666666667,1.9436506316151,4,10,1,43,False,False,False,False,47,False,0.3851851851851852,large
176,13,37,0.47435897435897434,5.6923076923076925,2.2999871365732387,2,11,1,25,False,False,False,False,37,False,0.6394272394272392,medium
177,13,51,0.6538461538461539,7.846153846153846,1.5112986695683461,6,11,1,39,False,False,False,False,79,False,0.6612887112887113,medium
178,12,48,0.7272727272727273,8.0,1.1547005383792515,6,10,1,37,False,False,False,False,80,False,0.7069444444444445,medium
179,12,52,0.7878787878787878,8.666666666666666,1.178511301977579,7,11,1,41,False,False,False,False,103,False,0.7621212121212122,medium
180,13,20,0.2564102564102564,3.076923076923077,1.268647884805434,2,6,1,8,False,False,False,False,3,False,0.21025641025641023,medium
181,10,44,0.9777777777777777,8.8,0.4,8,9,1,35,False,False,False,False,112,False,0.9777777777777776,medium
182,19,89,0.52046783625731,9.368421052631579,2.5794843694405993,5,16,1,71,False,False,False,False,147,False,0.5733967786599364,large
183,16,35,0.2916666666666667,4.375,1.3169567191065923,3,7,1,20,False,False,False,False,8,False,0.18571428571428572,large
184,18,82,0.5359477124183006,9.11111111111111,1.852592444503674,6,13,1,65,False,False,False,False,125,False,0.5452149702149701,large
185,19,114,0.6666666666666666,12.0,1.8353258709644942,9,15,1,96,False,False,False,False,289,False,0.6718424850003797,large
186,11,47,0.8545454545454545,8.545454545454545,0.7820295697311479,7,10,1,37,False,False,False,False,100,False,0.8388167388167389,medium
187,9,8,0.2222222222222222,1.7777777777777777,1.0304020550550783,0,4,2,1,False,False,False,True,0,True,0.0,small
188,5,10,1.0,4.0,0.0,4,4,1,6,False,False,False,False,10,False,1.0,small
189,15,38,0.3619047619047619,5.066666666666666,1.6110727964792764,3,8,1,24,False,False,False,False,19,False,0.3334920634920635,large
190,9,18,0.5,4.0,1.0540925533894598,2,5,1,10,False,False,False,False,6,False,0.3814814814814815,small
191,11,5,0.09090909090909091,0.9090909090909091,0.51425947722658,0,2,6,0,False,True,True,True,0,True,0.0,medium
192,19,11,0.06432748538011696,1.1578947368421053,0.8119604537127112,0,2,8,0,False,True,True,True,0,True,0.0,large
193,17,93,0.6838235294117647,10.941176470588236,1.7647058823529411,7,14,1,77,False,False,False,False,219,False,0.7006973418738124,large
194,11,13,0.23636363636363636,2.3636363636363638,1.3666633071248098,1,6,1,3,False,False,False,False,2,False,0.19393939393939394,medium
195,11,50,0.9090909090909091,9.090909090909092,0.668042657122685,8,10,1,40,False,False,False,False,122,False,0.9011544011544012,medium
196,6,3,0.2,1.0,0.816496580927726,0,2,3,0,False,True,True,True,0,True,0.0,small
197,10,42,0.9333333333333333,8.4,0.4898979485566356,8,9,1,33,False,False,False,False,96,False,0.9238095238095239,medium
198,7,14,0.6666666666666666,4.0,0.7559289460184544,3,5,1,8,False,False,False,False,9,False,0.6571428571428571,small
199,6,9,0.6,3.0,0.816496580927726,2,4,1,4,False,False,False,False,3,False,0.4444444444444444,small
200,19,17,0.09941520467836257,1.7894736842105263,1.1506953215302866,0,4,5,3,False,False,False,True,3,False,0.2807017543859649,large
201,10,22,0.4888888888888889,4.4,1.6852299546352716,2,7,1,13,False,False,False,False,15,False,0.6576190476190475,medium
202,7,8,0.38095238095238093,2.2857142857142856,1.0301575072754257,1,4,1,2,False,False,True,False,0,True,0.0,small
203,16,85,0.7083333333333334,10.625,1.8328597873268975,8,14,1,70,False,False,False,False,197,False,0.7037740037740038,large
204,11,9,0.16363636363636364,1.6363636363636365,1.1499191491521379,0,4,3,1,False,False,False,True,1,False,0.13636363636363635,medium
205,18,84,0.5490196078431373,9.333333333333334,2.260776661041756,5,14,1,67,False,False,False,False,138,False,0.5605320605320605,large
206,17,66,0.4852941176470588,7.764705882352941,2.9411764705882355,2,12,1,50,False,False,False,False,99,False,0.5766997708174179,large
207,18,27,0.17647058823529413,3.0,1.3333333333333333,1,5,2,11,False,False,False,False,1,False,0.027777777777777776,large
208,12,58,0.8787878787878788,9.666666666666666,1.1055415967851332,8,11,1,47,False,False,False,False,149,False,0.8808802308802309,medium
209,11,21,0.38181818181818183,3.8181818181818183,1.4024771473219555,2,6,1,11,False,False,False,False,9,False,0.5515151515151515,medium
210,7,4,0.19047619047619047,1.1428571428571428,0.6388765649999398,0,2,3,0,False,True,True,True,0,True,0.0,small
211,13,37,0.47435897435897434,5.6923076923076925,1.3803352649943352,3,8,1,25,False,False,False,False,25,False,0.3681318681318681,medium
212,13,32,0.41025641025641024,4.923076923076923,2.2000537917038603,0,8,2,21,False,False,False,True,26,False,0.44377289377289386,medium
213,7,10,0.47619047619047616,2.857142857142857,1.124858267715973,1,5,1,4,False,False,False,False,3,False,0.32857142857142857,small
214,9,12,0.3333333333333333,2.6666666666666665,1.4142135623730951,1,6,1,4,False,False,False,False,4,False,0.39999999999999997,small
215,15,52,0.49523809523809526,6.933333333333334,1.730767331432956,4,10,1,38,False,False,False,False,54,False,0.502010582010582,large
216,13,26,0.3333333333333333,4.0,1.5689290811054724,1,6,1,14,False,False,False,False,8,False,0.1717948717948718,medium
217,16,51,0.425,6.375,1.79843682124227,3,9,1,36,False,False,False,False,41,False,0.3869543650793651,large
218,12,50,0.7575757575757576,8.333333333333334,1.5986105077709065,6,11,1,39,False,False,False,False,96,False,0.7773448773448773,medium
219,6,12,0.8,4.0,1.0,3,5,1,7,False,False,False,False,10,False,0.8500000000000001,small
220,16,18,0.15,2.25,1.6770509831248424,1,7,2,4,False,False,False,False,2,False,0.15803571428571428,large
221,12,25,0.3787878787878788,4.166666666666667,1.4624940645653537,1,6,1,14,False,False,False,False,10,False,0.26388888888888884,medium
222,8,21,0.75,5.25,0.9682458365518543,4,7,1,14,False,False,False,False,23,False,0.7625,small
223,16,116,0.9666666666666667,14.5,0.6123724356957945,13,15,1,101,False,False,False,False,505,False,0.9659798534798535,large
224,14,52,0.5714285714285714,7.428571428571429,1.9166296949998196,5,10,1,39,False,False,False,False,70,False,0.6129251700680272,medium
225,16,36,0.3,4.5,1.5811388300841898,2,7,1,21,False,False,False,False,11,False,0.31607142857142856,large
226,13,26,0.3333333333333333,4.0,1.8397324220155997,1,8,1,14,False,False,False,False,11,False,0.34212454212454213,medium
227,12,8,0.12121212121212122,1.3333333333333333,0.8498365855987975,0,3,4,0,False,True,True,True,0,True,0.0,medium
228,14,16,0.17582417582417584,2.2857142857142856,1.3324827218698305,0,5,2,4,False,False,False,True,4,False,0.3904761904761904,medium
229,10,33,0.7333333333333333,6.6,1.3564659966250536,4,9,1,24,False,False,False,False,49,False,0.7804761904761904,medium
230,15,5,0.047619047619047616,0.6666666666666666,0.6992058987801011,0,2,10,0,False,True,True,True,0,True,0.0,large
231,7,4,0.19047619047619047,1.1428571428571428,0.8329931278350429,0,3,3,0,False,True,True,True,0,True,0.0,small
232,6,6,0.4,2.0,1.1547005383792515,1,4,1,1,False,False,False,False,1,False,0.25,small
233,9,5,0.1388888888888889,1.1111111111111112,0.8748897637790901,0,3,4,0,False,True,True,True,0,True,0.0,small
234,17,8,0.058823529411764705,0.9411764705882353,0.9982683969692436,0,3,10,1,False,False,True,True,0,True,0.0,large
235,10,12,0.26666666666666666,2.4,1.1135528725660044,1,4,1,3,False,False,False,False,2,False,0.2166666666666667,medium
236,7,12,0.5714285714285714,3.4285714285714284,1.3997084244475304,1,5,1,6,False,False,False,False,8,False,0.6571428571428571,small
237,13,25,0.32051282051282054,3.8461538461538463,1.4595127662315597,2,6,1,13,False,False,False,False,9,False,0.2743589743589744,medium
238,15,45,0.42857142857142855,6.0,1.3165611772087666,4,8,1,31,False,False,False,False,27,False,0.3701587301587302,large
239,13,73,0.9358974358974359,11.23076923076923,0.696568087549032,10,12,1,61,False,False,False,False,233,False,0.9332556332556332,medium
240,13,35,0.44871794871794873,5.384615384615385,1.3323467750529825,3,7,1,23,False,False,False,False,22,False,0.3978021978021978,medium
241,14,18,0.1978021978021978,2.5714285714285716,1.178030178747903,1,5,1,5,False,False,False,False,2,False,0.1619047619047619,medium
242,7,17,0.8095238095238095,4.857142857142857,0.8329931278350429,4,6,1,11,False,False,False,False,18,False,0.8190476190476189,small
243,10,24,0.5333333333333333,4.8,1.7776388834631178,1,7,1,15,False,False,False,False,21,False,0.5361904761904761,medium
244,16,92,0.7666666666666667,11.5,1.3228756555322954,10,14,1,77,False,False,False,False,246,False,0.7559655622155622,large
245,19,152,0.8888888888888888,16.0,1.4867838833500564,13,18,1,134,False,False,False,False,683,False,0.8931364043593145,large
246,5,10,1.0,4.0,0.0,4,4,1,6,False,False,False,False,10,False,1.0,small
247,14,75,0.8241758241758241,10.714285714285714,1.2777531299998797,8,13,1,62,False,False,False,False,202,False,0.8185267113838544,medium
248,11,49,0.8909090909090909,8.909090909090908,0.899954085146515,7,10,1,39,False,False,False,False,116,False,0.8914862914862914,medium
249,16,35,0.2916666666666667,4.375,1.5360257159305635,2,8,1,20,False,False,False,False,14,False,0.31145833333333334,large
250,16,0,0.0,0.0,0.0,0,0,16,0,False,True,True,True,0,True,0.0,large
251,16,4,0.03333333333333333,0.5,0.6123724356957945,0,2,12,0,False,True,True,True,0,True,0.0,large
252,11,31,0.5636363636363636,5.636363636363637,1.6663911618021234,4,10,1,21,False,False,False,False,30,False,0.6142857142857143,medium
253,10,32,0.7111111111111111,6.4,1.6852299546352716,4,9,1,23,False,False,False,False,46,False,0.7951587301587303,medium
254,7,6,0.2857142857142857,1.7142857142857142,1.1605769149479945,0,3,3,2,False,False,False,True,1,False,0.23809523809523808,small
255,8,20,0.7142857142857143,5.0,1.224744871391589,3,7,1,13,False,False,False,False,19,False,0.7023809523809524,small
256,17,56,0.4117647058823529,6.588235294117647,2.1978284343846357,3,10,1,40,False,False,False,False,50,False,0.4551820728291316,large
257,18,122,0.7973856209150327,13.555555555555555,1.8625616238044678,10,16,1,105,False,False,False,False,419,False,0.8106601731601732,large
258,7,6,0.2857142857142857,1.7142857142857142,1.0301575072754257,0,3,2,1,False,False,False,True,1,False,0.23809523809523808,small
259,16,51,0.425,6.375,1.7633419974582356,4,10,1,36,False,False,False,False,47,False,0.4918650793650794,large
260,11,4,0.07272727272727272,0.7272727272727273,0.7496555682941201,0,2,7,0,False,True,True,True,0,True,0.0,medium
261,19,135,0.7894736842105263,14.210526315789474,1.2388002416778758,12,17,1,117,False,False,False,False,467,False,0.7815324768111146,large
262,14,82,0.9010989010989011,11.714285714285714,0.7953949089757174,11,13,1,69,False,False,False,False,263,False,0.8947552447552446,medium
263,18,26,0.16993464052287582,2.888888888888889,1.2422599874998832,1,6,1,9,False,False,False,False,3,False,0.09074074074074073,large
264,13,65,0.8333333333333334,10.0,0.9607689228305228,8,12,1,53,False,False,False,False,160,False,0.8138472638472639,medium
265,17,74,0.5441176470588235,8.705882352941176,1.9331384382535275,6,14,1,58,False,False,False,False,110,False,0.5686493245316775,large
266,14,58,0.6373626373626373,8.285714285714286,1.7083229633001997,4,11,1,45,False,False,False,False,92,False,0.6415069057926202,medium
267,19,146,0.8538011695906432,15.368421052631579,1.5290356890877843,13,18,1,128,False,False,False,False,602,False,0.8543582750239097,large
268,12,34,0.5151515151515151,5.666666666666667,1.4337208778404378,3,8,1,23,False,False,False,False,28,False,0.49841269841269836,medium
269,17,10,0.07352941176470588,1.1764705882352942,0.8564835163859433,0,3,7,0,False,True,True,True,0,True,0.0,large
270,14,90,0.989010989010989,12.857142857142858,0.34992710611188255,12,13,1,77,False,False,False,False,352,False,0.989010989010989,medium
271,9,33,0.9166666666666666,7.333333333333333,0.816496580927726,6,8,1,25,False,False,False,False,65,False,0.9298941798941799,small
272,19,27,0.15789473684210525,2.8421052631578947,1.3084003047006372,1,5,1,9,False,False,False,False,4,False,0.17719298245614035,large
273,19,128,0.7485380116959064,13.473684210526315,0.8806947647727111,12,15,1,110,False,False,False,False,390,False,0.7308218097691782,large
274,17,66,0.4852941176470588,7.764705882352941,1.8951769051278837,5,12,1,50,False,False,False,False,78,False,0.49410915881504125,large
275,8,12,0.42857142857142855,3.0,1.6583123951777,0,6,2,6,False,False,False,True,7,False,0.675,small
276,19,70,0.4093567251461988,7.368421052631579,1.6290302674254908,5,10,1,52,False,False,False,False,60,False,0.3738512949039265,large
277,11,28,0.509090909090909,5.090909090909091,1.311109554714178,3,7,1,18,False,False,False,False,18,False,0.4861471861471861,medium
278,14,67,0.7362637362637363,9.571428571428571,1.6781914463529615,6,12,1,54,False,False,False,False,146,False,0.7577767470624615,medium
279,14,89,0.978021978021978,12.714285714285714,0.45175395145262565,12,13,1,76,False,False,False,False,340,False,0.9773559773559773,medium
280,8,28,1.0,7.0,0.0,7,7,1,21,False,False,False,False,56,False,1.0,small
281,19,170,0.9941520467836257,17.894736842105264,0.30689220499185793,17,18,1,152,False,False,False,False,952,False,0.9941520467836258,large
282,7,18,0.8571428571428571,5.142857142857143,0.9897433186107869,3,6,1,12,False,False,False,False,23,False,0.9142857142857143,small
283,15,25,0.23809523809523808,3.3333333333333335,1.8856180831641267,1,7,1,11,False,False,False,False,7,False,0.266031746031746,large
284,13,21,0.2692307692307692,3.230769230769231,1.8040060614705498,0,6,2,10,False,False,False,True,9,False,0.43076923076923074,medium
285,15,37,0.3523809523809524,4.933333333333334,2.1123972690339814,2,10,1,23,False,False,False,False,22,False,0.41343915343915344,large
286,18,43,0.28104575163398693,4.777777777777778,1.6850834320114556,1,7,1,26,False,False,False,False,20,False,0.28148148148148144,large
287,12,24,0.36363636363636365,4.0,1.6832508230603465,1,7,1,13,False,False,False,False,11,False,0.296031746031746,medium
288,10,34,0.7555555555555555,6.8,0.7483314773547882,6,8,1,25,False,False,False,False,47,False,0.7100000000000001,medium
289,5,5,0.5,2.0,0.6324555320336759,1,3,1,1,False,False,False,False,1,False,0.4666666666666667,small
290,8,2,0.07142857142857142,0.5,0.7071067811865476,0,2,6,0,False,True,True,True,0,True,0.0,small
291,14,57,0.6263736263736264,8.142857142857142,1.5518257844571737,5,10,1,44,False,False,False,False,88,False,0.6179705215419501,medium
292,19,116,0.6783625730994152,12.210526315789474,2.1170721432756596,9,18,1,98,False,False,False,False,306,False,0.6916032539871548,large
293,16,39,0.325,4.875,1.8666480653835098,1,8,1,24,False,False,False,False,18,False,0.2811011904761904,large
294,6,10,0.6666666666666666,3.3333333333333335,0.4714045207910317,3,4,1,5,False,False,False,False,4,False,0.5,small
295,14,84,0.9230769230769231,12.0,0.8451542547285166,10,13,1,71,False,False,False,False,285,False,0.9222666222666221,medium
296,12,3,0.045454545454545456,0.5,0.6454972243679028,0,2,9,0,False,True,True,True,0,True,0.0,medium
297,10,39,0.8666666666666667,7.8,0.8717797887081347,7,9,1,30,False,False,False,False,77,False,0.8642857142857142,medium
298,19,59,0.34502923976608185,6.2105263157894735,1.9078493642517744,3,11,1,41,False,False,False,False,36,False,0.32876889192678665,large
299,8,17,0.6071428571428571,4.25,1.1989578808281798,2,6,1,10,False,False,False,False,13,False,0.7166666666666667,small
300,5,0,0.0,0.0,0.0,0,0,5,0,False,True,True,True,0,True,0.0,small
301,14,89,0.978021978021978,12.714285714285714,0.45175395145262565,12,13,1,76,False,False,False,False,340,False,0.9773559773559775,medium
302,10,32,0.7111111111111111,6.4,0.9165151389911681,5,8,1,23,False,False,False,False,40,False,0.6954761904761904,medium
303,14,48,0.5274725274725275,6.857142857142857,1.7261494247992246,4,10,1,35,False,False,False,False,50,False,0.5324263038548753,medium
304,11,16,0.2909090909090909,2.909090909090909,1.2398346997259868,1,5,1,6,False,False,False,False,5,False,0.3545454545454545,medium
305,19,41,0.23976608187134502,4.315789473684211,1.5577524828367098,2,7,1,23,False,False,False,False,11,False,0.18721804511278198,large
306,5,4,0.4,1.6,0.8,1,3,1,0,True,True,True,False,0,True,0.0,small
307,7,15,0.7142857142857143,4.285714285714286,1.4846149779161804,1,6,1,9,False,False,False,False,16,False,0.7571428571428572,small
308,17,106,0.7794117647058824,12.470588235294118,1.6130952000943632,10,15,1,90,False,False,False,False,323,False,0.784452802099861,large
309,8,13,0.4642857142857143,3.25,0.9682458365518543,2,5,1,6,False,False,False,False,5,False,0.3708333333333333,small
310,8,26,0.9285714285714286,6.5,0.5,6,7,1,19,False,False,False,False,44,False,0.9190476190476191,small
311,6,3,0.2,1.0,0.816496580927726,0,2,3,0,False,True,True,True,0,True,0.0,small
312,5,4,0.4,1.6,1.019803902718557,0,3,2,1,False,False,False,True,1,False,0.4666666666666666,small
313,15,99,0.9428571428571428,13.2,0.653197264742181,12,14,1,85,False,False,False,False,379,False,0.9394827394827396,large
314,12,16,0.24242424242424243,2.6666666666666665,1.649915822768611,0,7,2,6,False,False,False,True,4,False,0.40079365079365076,medium
315,14,45,0.4945054945054945,6.428571428571429,1.6781914463529615,2,8,1,32,False,False,False,False,46,False,0.46955782312925176,medium
316,19,99,0.5789473684210527,10.421052631578947,1.8443595229405507,8,14,1,81,False,False,False,False,186,False,0.5876337113179219,large
317,17,126,0.9264705882352942,14.823529411764707,0.9226110083151837,13,16,1,110,False,False,False,False,539,False,0.9256733462615817,large
318,17,68,0.5,8.0,2.1693045781865616,4,12,1,52,False,False,False,False,93,False,0.5129275952805363,large
319,18,75,0.49019607843137253,8.333333333333334,2.185812841434,4,12,1,58,False,False,False,False,92,False,0.49673320506653845,large
320,7,1,0.047619047619047616,0.2857142857142857,0.45175395145262565,0,1,6,0,False,True,True,True,0,True,0.0,small
321,19,161,0.9415204678362573,16.94736842105263,0.8869631340185642,16,18,1,143,False,False,False,False,807,False,0.9407292741658067,large
322,5,1,0.1,0.4,0.48989794855663565,0,1,4,0,False,True,True,True,0,True,0.0,small
323,9,21,0.5833333333333334,4.666666666666667,1.699673171197595,1,7,1,13,False,False,False,False,19,False,0.617989417989418,small
324,10,40,0.8888888888888888,8.0,0.8944271909999159,6,9,1,31,False,False,False,False,84,False,0.8933333333333333,medium
325,15,95,0.9047619047619048,12.666666666666666,0.7888106377466154,11,14,1,81,False,False,False,False,333,False,0.8982461982461983,large
326,19,51,0.2982456140350877,5.368421052631579,1.5290356890877843,3,8,1,33,False,False,False,False,26,False,0.3160401002506266,large
327,15,54,0.5142857142857142,7.2,1.375984496036686,5,9,1,40,False,False,False,False,52,False,0.45222222222222225,large
328,19,15,0.08771929824561403,1.5789473684210527,0.8775437895017404,0,3,5,1,False,False,False,True,1,False,0.12280701754385963,large
329,12,35,0.5303030303030303,5.833333333333333,1.3437096247164249,3,8,1,24,False,False,False,False,27,False,0.48511904761904767,medium
330,8,23,0.8214285714285714,5.75,0.6614378277661477,5,7,1,16,False,False,False,False,29,False,0.7827380952380953,small
331,15,21,0.2,2.8,1.2754084313139327,0,5,2,8,False,False,False,True,2,False,0.07333333333333333,large
332,8,2,0.07142857142857142,0.5,0.7071067811865476,0,2,6,0,False,True,True,True,0,True,0.0,small
333,14,91,1.0,13.0,0.0,13,13,1,78,False,False,False,False,364,False,1.0,medium
334,19,136,0.7953216374269005,14.31578947368421,1.3785053530219784,12,17,1,118,False,False,False,False,480,False,0.7881767097711371,large
335,14,27,0.2967032967032967,3.857142857142857,1.5050933932646768,2,8,1,14,False,False,False,False,8,False,0.3056122448979592,medium
336,12,28,0.42424242424242425,4.666666666666667,1.5456030825826172,3,7,1,17,False,False,False,False,20,False,0.5166666666666667,medium
337,14,84,0.9230769230769231,12.0,0.7559289460184544,11,13,1,71,False,False,False,False,284,False,0.9189477189477188,medium
338,14,76,0.8351648351648352,10.857142857142858,1.355261854357877,8,13,1,63,False,False,False,False,212,False,0.839180660609232,medium
339,8,24,0.8571428571428571,6.0,0.8660254037844386,5,7,1,17,False,False,False,False,35,False,0.8702380952380953,small
340,17,27,0.19852941176470587,3.176470588235294,1.2478354962115545,1,6,1,11,False,False,False,False,5,False,0.1627450980392157,large
341,10,20,0.4444444444444444,4.0,1.2649110640673518,2,6,1,11,False,False,False,False,8,False,0.31333333333333335,medium
342,19,142,0.8304093567251462,14.947368421052632,1.2762479634718042,13,17,1,124,False,False,False,False,549,False,0.8245446761700633,large
343,13,69,0.8846153846153846,10.615384615384615,1.146128032750103,9,12,1,57,False,False,False,False,198,False,0.8887334887334888,medium
344,7,1,0.047619047619047616,0.2857142857142857,0.45175395145262565,0,1,6,0,False,True,True,True,0,True,0.0,small
345,6,13,0.8666666666666667,4.333333333333333,0.7453559924999298,3,5,1,8,False,False,False,False,13,False,0.8999999999999999,small
346,14,47,0.5164835164835165,6.714285714285714,1.7083229633001997,4,9,1,34,False,False,False,False,49,False,0.5276643990929705,medium
347,17,129,0.9485294117647058,15.176470588235293,0.8564835163859433,13,16,1,113,False,False,False,False,580,False,0.9493051066580478,large
348,16,101,0.8416666666666667,12.625,1.3635890143294642,9,14,1,86,False,False,False,False,334,False,0.8473994755244756,large
349,8,22,0.7857142857142857,5.5,1.224744871391589,4,7,1,15,False,False,False,False,29,False,0.8928571428571429,small
350,5,2,0.2,0.8,0.7483314773547883,0,2,3,0,False,True,True,True,0,True,0.0,small
351,17,8,0.058823529411764705,0.9411764705882353,0.8022459821756386,0,2,9,0,False,True,True,True,0,True,0.0,large
352,17,50,0.36764705882352944,5.882352941176471,2.2197602663662597,2,10,1,34,False,False,False,False,40,False,0.38837535014005603,large
353,11,34,0.6181818181818182,6.181818181818182,1.2662171161076472,4,8,1,24,False,False,False,False,36,False,0.5844155844155844,medium
354,14,5,0.054945054945054944,0.7142857142857143,0.5890150893739515,0,2,9,0,False,True,True,True,0,True,0.0,medium
355,11,31,0.5636363636363636,5.636363636363637,1.4937887931959075,3,8,1,21,False,False,False,False,29,False,0.5523809523809523,medium
356,11,35,0.6363636363636364,6.363636363636363,1.6663911618021234,3,9,1,25,False,False,False,False,45,False,0.71010101010101,medium
357,9,8,0.2222222222222222,1.7777777777777777,1.227262335243029,0,4,2,1,False,False,False,True,1,False,0.09259259259259259,small
358,13,36,0.46153846153846156,5.538461538461538,1.7371676600978792,3,10,1,24,False,False,False,False,28,False,0.5013431013431013,medium
359,18,36,0.23529411764705882,4.0,1.855921454276674,1,7,1,19,False,False,False,False,10,False,0.27328042328042323,large
360,19,81,0.47368421052631576,8.526315789473685,2.4358813611381334,4,14,1,63,False,False,False,False,112,False,0.5084792400581875,large
361,18,22,0.1437908496732026,2.4444444444444446,1.2120791238484128,0,5,2,6,False,False,False,True,0,True,0.0,large
362,5,7,0.7,2.8,0.7483314773547882,2,4,1,3,False,False,False,False,3,False,0.7666666666666666,small
363,6,12,0.8,4.0,0.5773502691896257,3,5,1,7,False,False,False,False,9,False,0.7277777777777777,small
364,12,6,0.09090909090909091,1.0,0.7071067811865476,0,2,6,0,False,True,True,True,0,True,0.0,medium
365,18,43,0.28104575163398693,4.777777777777778,1.511274500970605,2,7,1,26,False,False,False,False,19,False,0.29444444444444445,large
366,11,52,0.9454545454545454,9.454545454545455,0.6555547773570889,8,10,1,42,False,False,False,False,139,False,0.9452380952380952,medium
367,15,45,0.42857142857142855,6.0,1.632993161855452,3,8,1,31,False,False,False,False,32,False,0.39650793650793653,large
368,10,5,0.1111111111111111,1.0,1.0,0,3,5,0,False,True,True,True,0,True,0.0,medium
369,16,118,0.9833333333333333,14.75,0.5590169943749475,13,15,1,103,False,False,False,False,533,False,0.9845238095238096,large
370,16,93,0.775,11.625,1.4523687548277813,9,15,1,78,False,False,False,False,258,False,0.7738445582195582,large
371,19,64,0.3742690058479532,6.7368421052631575,2.313395892193254,3,11,1,46,False,False,False,False,48,False,0.3352548036758563,large
372,7,7,0.3333333333333333,2.0,1.0690449676496976,1,4,1,1,False,False,False,False,1,False,0.3095238095238095,small
373,16,78,0.65,9.75,2.1937410968480306,6,14,1,63,False,False,False,False,159,False,0.6737887112887113,large
374,14,56,0.6153846153846154,8.0,1.927248223318863,5,11,1,43,False,False,False,False,88,False,0.6325963718820862,medium
375,17,70,0.5147058823529411,8.235294117647058,1.6637806616154058,5,11,1,54,False,False,False,False,89,False,0.4944147355912062,large
376,17,8,0.058823529411764705,0.9411764705882353,0.8022459821756386,0,2,9,0,False,True,True,True,0,True,0.0,large
377,9,3,0.08333333333333333,0.6666666666666666,0.6666666666666666,0,2,6,0,False,True,True,True,0,True,0.0,small
378,16,78,0.65,9.75,1.7853571071357126,6,13,1,63,False,False,False,False,150,False,0.631419622044622,large
379,9,9,0.25,2.0,1.1547005383792515,1,4,1,1,False,False,False,False,0,True,0.0,small
380,15,12,0.11428571428571428,1.6,1.3063945294843617,0,4,7,4,False,False,False,True,2,False,0.12222222222222222,large
381,11,12,0.21818181818181817,2.1818181818181817,1.192261549873091,0,4,2,3,False,False,False,True,1,False,0.13636363636363635,medium
382,8,1,0.03571428571428571,0.25,0.4330127018922193,0,1,7,0,False,True,True,True,0,True,0.0,small
383,13,67,0.8589743589743589,10.307692307692308,0.910166120476864,9,12,1,55,False,False,False,False,177,False,0.8473193473193473,medium
384,7,8,0.38095238095238093,2.2857142857142856,1.1605769149479943,0,4,2,3,False,False,False,True,2,False,0.42857142857142855,small
385,8,5,0.17857142857142858,1.25,0.9682458365518543,0,3,3,0,False,True,True,True,0,True,0.0,small
386,8,3,0.10714285714285714,0.75,0.82915619758885,0,2,5,0,False,True,True,True,0,True,0.0,small
387,14,27,0.2967032967032967,3.857142857142857,1.8844151368961315,0,7,2,15,False,False,False,True,14,False,0.436734693877551,medium
388,17,48,0.35294117647058826,5.647058823529412,1.6066470922056075,2,9,1,32,False,False,False,False,26,False,0.33263305322128855,large
389,13,6,0.07692307692307693,0.9230769230769231,0.8284868934053083,0,3,7,0,False,True,True,True,0,True,0.0,medium
390,10,8,0.17777777777777778,1.6,1.3564659966250536,0,4,3,1,False,False,False,True,1,False,0.13333333333333336,medium
391,5,9,0.9,3.6,0.4898979485566356,3,4,1,5,False,False,False,False,7,False,0.9,small
392,19,39,0.22807017543859648,4.105263157894737,1.372463664253189,2,7,1,21,False,False,False,False,11,False,0.21604010025062656,large
393,17,136,1.0,16.0,0.0,16,16,1,120,False,False,False,False,680,False,1.0,large
394,17,131,0.9632352941176471,15.411764705882353,0.9112901991076274,13,16,1,115,False,False,False,False,609,False,0.965390002154708,large
395,14,45,0.4945054945054945,6.428571428571429,1.2936264483053455,4,10,1,32,False,False,False,False,35,False,0.42380952380952375,medium
396,18,37,0.24183006535947713,4.111111111111111,1.4865653511399615,2,7,1,20,False,False,False,False,10,False,0.2126984126984127,large
397,7,2,0.09523809523809523,0.5714285714285714,0.4948716593053935,0,1,5,0,False,True,True,True,0,True,0.0,small
398,15,60,0.5714285714285714,8.0,1.3662601021279464,6,11,1,46,False,False,False,False,77,False,0.5303318903318902,large
399,9,23,0.6388888888888888,5.111111111111111,1.0999438818457405,3,7,1,15,False,False,False,False,20,False,0.584126984126984,small
400,9,26,0.7222222222222222,5.777777777777778,0.7856742013183862,4,7,1,18,False,False,False,False,29,False,0.6682539682539682,small
401,7,11,0.5238095238095238,3.142857142857143,0.6388765649999399,2,4,1,5,False,False,False,False,3,False,0.4523809523809524,small
402,5,1,0.1,0.4,0.48989794855663565,0,1,4,0,False,True,True,True,0,True,0.0,small
403,17,18,0.1323529411764706,2.1176470588235294,1.2779741754353195,0,5,3,4,False,False,False,True,1,False,0.045098039215686274,large
404,15,91,0.8666666666666667,12.133333333333333,1.024152766382481,9,13,1,77,False,False,False,False,292,False,0.8571872571872571,large
405,19,127,0.7426900584795322,13.368421052631579,1.5630781478860523,11,17,1,109,False,False,False,False,387,False,0.7304853299435342,large
406,12,49,0.7424242424242424,8.166666666666666,0.9860132971832694,7,10,1,38,False,False,False,False,86,False,0.7244047619047618,medium
407,7,4,0.19047619047619047,1.1428571428571428,0.6388765649999399,0,2,3,0,False,True,True,True,0,True,0.0,small
408,14,89,0.978021978021978,12.714285714285714,0.5890150893739515,11,13,1,76,False,False,False,False,341,False,0.9798534798534799,medium
409,8,22,0.7857142857142857,5.5,1.118033988749895,4,7,1,15,False,False,False,False,27,False,0.8119047619047619,small
410,10,28,0.6222222222222222,5.6,1.1135528725660042,4,7,1,19,False,False,False,False,28,False,0.6357142857142858,medium
411,9,17,0.4722222222222222,3.7777777777777777,0.7856742013183862,3,5,1,9,False,False,False,False,6,False,0.35555555555555557,small
412,19,170,0.9941520467836257,17.894736842105264,0.30689220499185793,17,18,1,152,False,False,False,False,952,False,0.9941520467836258,large
413,9,26,0.7222222222222222,5.777777777777778,1.314684396244359,4,8,1,18,False,False,False,False,32,False,0.7788359788359789,small
414,18,25,0.16339869281045752,2.7777777777777777,1.4740554623801776,0,6,2,9,False,False,False,True,3,False,0.2037037037037037,large
415,11,10,0.18181818181818182,1.8181818181818181,1.2662171161076472,0,4,3,2,False,False,True,True,0,True,0.0,medium
416,15,6,0.05714285714285714,0.8,0.7483314773547883,0,2,9,0,False,True,True,True,0,True,0.0,large
417,14,11,0.12087912087912088,1.5714285714285714,0.6226998490772391,0,2,3,0,False,True,True,True,0,True,0.0,medium
418,13,43,0.5512820512820513,6.615384615384615,1.5461347109416752,4,9,1,31,False,False,False,False,42,False,0.5066544566544566,medium
419,6,6,0.4,2.0,0.816496580927726,1,3,1,1,False,False,False,False,1,False,0.27777777777777773,small
420,6,12,0.8,4.0,0.816496580927726,3,5,1,7,False,False,False,False,10,False,0.8444444444444446,small
421,12,4,0.06060606060606061,0.6666666666666666,0.6236095644623236,0,2,8,0,False,True,True,True,0,True,0.0,medium
422,6,4,0.26666666666666666,1.3333333333333333,0.9428090415820634,0,3,2,0,False,True,True,True,0,True,0.0,small
423,15,44,0.41904761904761906,5.866666666666666,1.6275407487644937,4,10,1,30,False,False,False,False,30,False,0.41296296296296303,large
424,14,14,0.15384615384615385,2.0,1.2535663410560174,0,4,3,3,False,False,False,True,2,False,0.16666666666666666,medium
425,14,84,0.9230769230769231,12.0,0.9258200997725514,10,13,1,71,False,False,False,False,286,False,0.9253801753801753,medium
426,18,109,0.7124183006535948,12.11111111111111,1.4487116456005888,10,15,1,92,False,False,False,False,280,False,0.6796993130326463,large
427,6,13,0.8666666666666667,4.333333333333333,0.7453559924999299,3,5,1,8,False,False,False,False,13,False,0.9,small
428,12,47,0.7121212121212122,7.833333333333333,1.3437096247164249,6,10,1,36,False,False,False,False,81,False,0.7396825396825396,medium
429,10,23,0.5111111111111111,4.6,1.2806248474865698,3,7,1,14,False,False,False,False,12,False,0.4280952380952381,medium
430,17,60,0.4411764705882353,7.0588235294117645,2.0995962703029116,4,11,1,44,False,False,False,False,59,False,0.4488753076988371,large
431,12,37,0.5606060606060606,6.166666666666667,0.6871842709362768,5,7,1,26,False,False,False,False,31,False,0.48253968253968255,medium
432,14,28,0.3076923076923077,4.0,1.3627702877384937,2,7,1,15,False,False,False,False,6,False,0.17789115646258505,medium
433,18,22,0.1437908496732026,2.4444444444444446,1.1653431646335017,1,5,1,5,False,False,False,False,1,False,0.07037037037037037,large
434,19,7,0.04093567251461988,0.7368421052631579,0.9085619211385298,0,4,12,0,False,True,True,True,0,True,0.0,large
435,17,3,0.022058823529411766,0.35294117647058826,0.6809315825170721,0,2,14,0,False,True,True,True,0,True,0.0,large
436,19,152,0.8888888888888888,16.0,1.3377121081198773,13,18,1,134,False,False,False,False,681,False,0.8903923647731699,large
437,14,80,0.8791208791208791,11.428571428571429,0.8206518066482897,10,13,1,67,False,False,False,False,243,False,0.8697247197247197,medium
438,9,1,0.027777777777777776,0.2222222222222222,0.41573970964154905,0,1,8,0,False,True,True,True,0,True,0.0,small
439,13,69,0.8846153846153846,10.615384615384615,0.8355984993230935,9,12,1,57,False,False,False,False,195,False,0.876029526029526,medium
440,8,3,0.10714285714285714,0.75,0.6614378277661477,0,2,5,0,False,True,True,True,0,True,0.0,small
441,19,136,0.7953216374269005,14.31578947368421,1.3397812696166163,12,16,1,118,False,False,False,False,479,False,0.7857265541476068,large
442,8,23,0.8214285714285714,5.75,1.0897247358851685,4,7,1,16,False,False,False,False,31,False,0.8482142857142857,small
443,16,85,0.7083333333333334,10.625,1.6153559979150107,8,13,1,70,False,False,False,False,199,False,0.7197729353979354,large
444,13,36,0.46153846153846156,5.538461538461538,1.9060787220559794,2,8,1,24,False,False,False,False,31,False,0.5684981684981685,medium
445,12,10,0.15151515151515152,1.6666666666666667,1.0274023338281628,0,3,3,1,False,False,False,True,1,False,0.08333333333333333,medium
446,9,10,0.2777777777777778,2.2222222222222223,0.7856742013183862,1,3,1,2,False,False,True,False,0,True,0.0,small
447,7,17,0.8095238095238095,4.857142857142857,0.989743318610787,3,6,1,11,False,False,False,False,19,False,0.8666666666666668,small
448,9,1,0.027777777777777776,0.2222222222222222,0.41573970964154905,0,1,8,0,False,True,True,True,0,True,0.0,small
449,8,5,0.17857142857142858,1.25,0.9682458365518543,0,3,3,0,False,True,True,True,0,True,0.0,small
450,16,83,0.6916666666666667,10.375,1.8666480653835098,8,13,1,68,False,False,False,False,186,False,0.7012445887445888,large
451,5,9,0.9,3.6,0.4898979485566356,3,4,1,5,False,False,False,False,7,False,0.9,small
452,9,15,0.4166666666666667,3.3333333333333335,1.0540925533894598,2,5,1,7,False,False,False,False,5,False,0.4592592592592592,small
453,17,118,0.8676470588235294,13.882352941176471,1.3669352986614411,11,16,1,102,False,False,False,False,445,False,0.8727595933478287,large
454,9,22,0.6111111111111112,4.888888888888889,1.286204100310025,3,7,1,14,False,False,False,False,17,False,0.577777777777778,small
455,19,7,0.04093567251461988,0.7368421052631579,0.8486587103472157,0,2,12,0,False,True,True,True,0,True,0.0,large
456,16,95,0.7916666666666666,11.875,1.3635890143294642,9,15,1,80,False,False,False,False,275,False,0.7904803529803529,large
457,9,24,0.6666666666666666,5.333333333333333,1.1547005383792515,4,7,1,16,False,False,False,False,24,False,0.6507936507936507,small
458,11,11,0.2,2.0,0.9534625892455924,1,4,1,1,False,False,False,False,1,False,0.1515151515151515,medium
459,11,6,0.10909090909090909,1.0909090909090908,0.8999540851465151,0,3,5,0,False,True,True,True,0,True,0.0,medium
460,12,63,0.9545454545454546,10.5,0.6454972243679028,9,11,1,52,False,False,False,False,191,False,0.9547558922558923,medium
461,15,0,0.0,0.0,0.0,0,0,15,0,False,True,True,True,0,True,0.0,large
462,12,2,0.030303030303030304,0.3333333333333333,0.4714045207910317,0,1,10,0,False,True,True,True,0,True,0.0,medium
463,17,80,0.5882352941176471,9.411764705882353,2.2507207611422344,6,14,1,64,False,False,False,False,147,False,0.6359914595208712,large
464,13,44,0.5641025641025641,6.769230769230769,2.664693550105965,2,11,1,32,False,False,False,False,66,False,0.7664946164946164,medium
465,15,71,0.6761904761904762,9.466666666666667,1.7074997966487595,6,13,1,57,False,False,False,False,141,False,0.6952103452103451,large
466,15,44,0.41904761904761906,5.866666666666666,1.8571184369578824,2,10,1,30,False,False,False,False,33,False,0.47507936507936505,large
467,9,31,0.8611111111111112,6.888888888888889,0.9938079899999065,5,8,1,23,False,False,False,False,54,False,0.8833333333333333,small
468,12,18,0.2727272727272727,3.0,0.816496580927726,2,5,1,7,False,False,False,False,1,False,0.049999999999999996,medium
469,17,92,0.6764705882352942,10.823529411764707,1.5043190414758143,8,13,1,76,False,False,False,False,204,False,0.6668968286615344,large
470,15,45,0.42857142857142855,6.0,1.1547005383792515,3,8,1,31,False,False,False,False,32,False,0.40571428571428575,large
471,6,3,0.2,1.0,0.5773502691896257,0,2,3,0,False,True,True,True,0,True,0.0,small
472,6,8,0.5333333333333333,2.6666666666666665,1.1055415967851334,2,5,1,3,False,False,False,False,3,False,0.8277777777777778,small
473,7,5,0.23809523809523808,1.4285714285714286,0.7284313590846836,1,3,2,0,False,True,True,False,0,True,0.0,small
474,10,26,0.5777777777777777,5.2,1.0770329614269007,3,7,1,17,False,False,False,False,21,False,0.5542857142857144,medium
475,9,23,0.6388888888888888,5.111111111111111,1.2862041003100249,3,8,1,15,False,False,False,False,22,False,0.7002645502645504,small
476,14,60,0.6593406593406593,8.571428571428571,1.049781318335648,7,10,1,47,False,False,False,False,94,False,0.6159863945578232,medium
477,18,12,0.0784313725490196,1.3333333333333333,1.1055415967851334,0,3,6,0,False,True,True,True,0,True,0.0,large
478,16,48,0.4,6.0,2.5248762345905194,3,13,1,33,False,False,False,False,42,False,0.5032242063492064,large
479,10,28,0.6222222222222222,5.6,0.9165151389911681,4,7,1,19,False,False,False,False,25,False,0.5728571428571428,medium
480,17,56,0.4117647058823529,6.588235294117647,1.6470588235294115,3,10,1,40,False,False,False,False,47,False,0.41764705882352937,large
481,11,6,0.10909090909090909,1.0909090909090908,0.7925270806437588,0,2,5,0,False,True,True,True,0,True,0.0,medium
482,14,48,0.5274725274725275,6.857142857142857,1.5518257844571737,4,9,1,35,False,False,False,False,49,False,0.4989795918367347,medium
483,13,16,0.20512820512820512,2.4615384615384617,1.598816130063579,0,6,2,5,False,False,False,True,5,False,0.5076923076923078,medium
484,18,23,0.1503267973856209,2.5555555555555554,1.0122703976826999,0,4,2,7,False,False,False,True,0,True,0.0,large
485,16,75,0.625,9.375,1.7275343701356567,6,12,1,60,False,False,False,False,139,False,0.6371257215007216,large
486,8,12,0.42857142857142855,3.0,1.0,1,5,1,5,False,False,False,False,4,False,0.3833333333333333,small
487,18,116,0.7581699346405228,12.88888888888889,1.4865653511399612,10,16,1,99,False,False,False,False,349,False,0.7516531308197973,large
488,7,7,0.3333333333333333,2.0,1.0690449676496976,1,4,1,1,False,False,False,False,1,False,0.21428571428571427,small
489,9,4,0.1111111111111111,0.8888888888888888,0.7370277311900889,0,2,5,0,False,True,True,True,0,True,0.0,small
490,7,6,0.2857142857142857,1.7142857142857142,1.0301575072754254,1,4,1,0,True,True,True,False,0,True,0.0,small
491,17,12,0.08823529411764706,1.411764705882353,1.3745084053585792,0,4,7,2,False,False,False,True,1,False,0.08823529411764706,large
492,16,74,0.6166666666666667,9.25,1.984313483298443,5,13,1,59,False,False,False,False,134,False,0.6438332500832501,large
493,16,33,0.275,4.125,1.6909686573085854,1,7,1,18,False,False,False,False,10,False,0.2589285714285714,large
494,14,61,0.6703296703296703,8.714285714285714,1.5319721849662296,6,11,1,48,False,False,False,False,107,False,0.6704081632653062,medium
495,8,28,1.0,7.0,0.0,7,7,1,21,False,False,False,False,56,False,1.0,small
496,13,3,0.038461538461538464,0.46153846153846156,0.6343239424027171,0,2,10,0,False,True,True,True,0,True,0.0,medium
497,5,2,0.2,0.8,0.7483314773547883,0,2,3,0,False,True,True,True,0,True,0.0,small
498,5,10,1.0,4.0,0.0,4,4,1,6,False,False,False,False,10,False,1.0,small
499,6,10,0.6666666666666666,3.3333333333333335,0.9428090415820634,2,5,1,5,False,False,False,False,5,False,0.6666666666666666,small
